DTATUALIZACAO;DTBASE;DATA_INICIAL;DATA_FINAL;CODSUPERVISOR;CODIGOAREA;CODUSUR;CAB_QTCLIBASE;CAB_VLMETA;CAB_VLVENDA;CAB_VLVENDAFAT;CAB_VLPREMIOBASE;CAB_VLPREMIOESCALA;CAB_QTDVENDA;CAB_QTVENDAFAT;CAB_QTVENDADEV;CAB_METAMEDITENS;CAB_MEDITENS;CAB_MEDITENSFAT;PERCMEDITENS;CAB_VLPREMIOMEDITENS;CAB_VLDEV;CAB_VLFATLIQ;CAB_PERCVENDA;CAB_QTCLIMETA;CAB_QTVENDAMETA;CAB_QTCLIPOS;CAB_QTCLIPOSFAT;CAB_PERCPOSITV;CAB_VLPREMIOCLIPOS;TIPOINDICADOR;CODMARCA;MARCA;PTS_POSITIV;QTCLIMETA;QTCLIPOS;PERCCLIPOS;VLPREMIO_CLIPOS;PTS_VENDA;VLMETA;VLVENDAFAT;VLDEV;VLVENDLIQ;PERCVENA;PTS_QTDVENDA;QTDVENDAMETA;QTDVENDA;QTDVENDADEV;QTDVENDALIQ;PERCQTDVENDA;VLPREMIO_QTDVENDA;VLPREMIO_VENDA;CAB_VLSALDO;VLSALDO;CAB_VLPREMIO;VLPREMIO;VLPREMIOTOTAL;VLPREMIOINDICADORES;CABFATOR_VENDA;CABFATOR_QTDVENDA;CABFATOR_CLIPOS;CABFATOR_MIX;CABESC_VALOR;CABESC_PREMIO;CAB_QTDVENDAESCALA;CAB_QTDVENDAPREMIO;
23/09/2026 17:26:43;31/08/2026;01/08/2026;31/08/2026;19;E;425;67;117332;75751,97;66858,45;1340,43;0;2889;2877;12;0;0;0;0;0;575,15;66283,3;56,49;57;3216,93;54;52;91,23;0;M;83;ROBINSON CRUSOE;0;11;3;27,27;0;0;2043,35;648,86;0;648,86;31,75;0;12;5;0;5;41,67;0;0;-41580,03;-1394,49;0;0;188,08;163,12;0;0;0;0;0;0;0;0
23/09/2026 17:26:43;31/08/2026;01/08/2026;31/08/2026;19;E;425;67;117332;75751,97;66858,45;1340,43;0;2889;2877;12;0;0;0;0;0;575,15;66283,3;56,49;57;3216,93;54;52;91,23;0;M;74;BRAVA;0;9;12;133,33;7,58;0;1000,89;583,19;0;583,19;58,27;0;11;17;0;17;154,55;2,22;0;-41580,03;-417,7;0;7,58;188,08;163,12;0;0;0;0;0;0;0;0
23/09/2026 17:26:43;31/08/2026;01/08/2026;31/08/2026;19;E;425;67;117332;75751,97;66858,45;1340,43;0;2889;2877;12;0;0;0;0;0;575,15;66283,3;56,49;57;3216,93;54;52;91,23;0;M;82;ZICO;0;10;1;10;0;0;1000;210;0;210;21;0;13;1;0;1;7,69;0;0;-41580,03;-790;0;0;188,08;163,12;0;0;0;0;0;0;0;0
23/09/2026 17:26:43;31/08/2026;01/08/2026;31/08/2026;19;E;425;67;117332;75751,97;66858,45;1340,43;0;2889;2877;12;0;0;0;0;0;575,15;66283,3;56,49;57;3216,93;54;52;91,23;0;M;15;QUEIJOS LELO;0;11;;;0;0;1037,69;;0;0;0;0;11;;;;0;0;0;-41580,03;-1037,69;0;0;188,08;163,12;0;0;0;0;0;0;0;0
23/09/2026 17:26:43;31/08/2026;01/08/2026;31/08/2026;19;E;425;67;117332;75751,97;66858,45;1340,43;0;2889;2877;12;0;0;0;0;0;575,15;66283,3;56,49;57;3216,93;54;52;91,23;0;M;81;TOP CAU;0;12;;;0;0;1000;;0;0;0;0;29;;;;0;0;0;-41580,03;-1000;0;0;188,08;163,12;0;0;0;0;0;0;0;0
23/09/2026 17:26:43;31/08/2026;01/08/2026;31/08/2026;19;E;425;67;117332;75751,97;66858,45;1340,43;0;2889;2877;12;0;0;0;0;0;575,15;66283,3;56,49;57;3216,93;54;52;91,23;0;M;63;BRACELL;0;11;9;81,82;0;0;2690,62;2377,4;0;2377,4;88,36;0;73;47;0;47;64,38;0;4,75;-41580,03;-313,22;0;4,75;188,08;163,12;0;0;0;0;0;0;0;0
23/09/2026 17:26:43;31/08/2026;01/08/2026;31/08/2026;19;E;425;67;117332;75751,97;66858,45;1340,43;0;2889;2877;12;0;0;0;0;0;575,15;66283,3;56,49;57;3216,93;54;52;91,23;0;M;52;GREEN;0;10;1;10;0;0;1000,16;693,94;0;693,94;69,38;0;11;18;0;18;163,64;2,64;0;-41580,03;-306,22;0;0;188,08;163,12;0;0;0;0;0;0;0;0
23/09/2026 17:26:43;31/08/2026;01/08/2026;31/08/2026;19;E;425;67;117332;75751,97;66858,45;1340,43;0;2889;2877;12;0;0;0;0;0;575,15;66283,3;56,49;57;3216,93;54;52;91,23;0;M;13;COPRA;0;20;9;45;0;0;5326,94;1970,86;0;1970,86;37;0;100;70;0;70;70;0;0;-41580,03;-3356,08;0;0;188,08;163,12;0;0;0;0;0;0;0;0
23/09/2026 17:26:43;31/08/2026;01/08/2026;31/08/2026;26;E;428;45;42416;27077,79;29706,72;905,77;0;1096;976;120;0;0;0;0;0;4460,01;25246,71;59,52;38;1039,01;18;19;50;0;M;1;JAV;0;24;15;62,5;0;0;14435,72;12516,78;660,86;11855,92;82,13;0;499;405;24;381;76,35;0;0;-15338,21;-2579,8;0;0;133,06;87,52;0;0,1;0;0;0;0;25,25;25,25
23/09/2026 17:26:43;31/08/2026;01/08/2026;31/08/2026;26;E;428;45;42416;27077,79;29706,72;905,77;0;1096;976;120;0;0;0;0;0;4460,01;25246,71;59,52;38;1039,01;18;19;50;0;M;6;SOL BEBIDAS;0;5;3;60;0;0;593,05;282,89;29,77;253,12;42,68;0;9;8;1;7;77,78;0;0;-15338,21;-339,93;0;0;133,06;87,52;0;0,1;0;0;0;0;25,25;25,25
23/09/2026 17:26:43;31/08/2026;01/08/2026;31/08/2026;26;E;428;45;42416;27077,79;29706,72;905,77;0;1096;976;120;0;0;0;0;0;4460,01;25246,71;59,52;38;1039,01;18;19;50;0;M;13;COPRA;0;16;11;68,75;0;0;8450,82;8439,41;1938,53;6500,88;76,93;0;199;187;25;162;81,41;0;0;-15338,21;-1949,94;0;0;133,06;87,52;0;0,1;0;0;0;0;25,25;25,25
23/09/2026 17:26:43;31/08/2026;01/08/2026;31/08/2026;26;E;428;45;42416;27077,79;29706,72;905,77;0;1096;976;120;0;0;0;0;0;4460,01;25246,71;59,52;38;1039,01;18;19;50;0;M;44;JDE;0;16;15;93,75;32,9;0;47839,72;54984,14;159;54825,14;114,6;0;322;297;18;279;86,65;16,45;43,86;-15338,21;6985,42;0;76,76;133,06;87,52;0;0,1;0;0;0;0;25,25;25,25
23/09/2026 17:26:43;31/08/2026;01/08/2026;31/08/2026;26;E;428;45;42416;27077,79;29706,72;905,77;0;1096;976;120;0;0;0;0;0;4460,01;25246,71;59,52;38;1039,01;18;19;50;0;M;53;CASAKM;0;6;5;83,33;0;0;5098;6115,49;1751,05;4364,44;85,61;0;127;138;50;88;69,29;0;8,73;-15338,21;-733,56;0;8,73;133,06;87,52;0;0,1;0;0;0;0;25,25;25,25
23/09/2026 17:26:43;31/08/2026;01/08/2026;31/08/2026;26;E;428;45;42416;27077,79;29706,72;905,77;0;1096;976;120;0;0;0;0;0;4460,01;25246,71;59,52;38;1039,01;18;19;50;0;M;84;CAPRICHE;0;7;6;85,71;;0;204,07;260,1;79,8;180,3;88,35;0;8;10;2;8;100;;;-15338,21;-23,77;0;;133,06;87,52;0;0,1;0;0;0;0;25,25;25,25
23/09/2026 17:26:43;31/08/2026;01/08/2026;31/08/2026;26;E;428;45;42416;27077,79;29706,72;905,77;0;1096;976;120;0;0;0;0;0;4460,01;25246,71;59,52;38;1039,01;18;19;50;0;M;61;DAVENE;0;9;;;0;0;516,65;;0;0;0;0;11;;;;0;0;0;-15338,21;-516,65;0;0;133,06;87,52;0;0,1;0;0;0;0;25,25;25,25
23/09/2026 17:26:43;31/08/2026;01/08/2026;31/08/2026;26;E;428;45;42416;27077,79;29706,72;905,77;0;1096;976;120;0;0;0;0;0;4460,01;25246,71;59,52;38;1039,01;18;19;50;0;M;65;MATUTA;0;11;;;0;0;500;;0;0;0;0;10;;;;0;0;0;-15338,21;-500;0;0;133,06;87,52;0;0,1;0;0;0;0;25,25;25,25
23/09/2026 17:26:43;31/08/2026;01/08/2026;31/08/2026;26;E;428;45;42416;27077,79;29706,72;905,77;0;1096;976;120;0;0;0;0;0;4460,01;25246,71;59,52;38;1039,01;18;19;50;0;M;82;ZICO;0;6;1;16,67;0;0;500;170;0;170;34;0;10;1;0;1;10;0;0;-15338,21;-330;0;0;133,06;87,52;0;0,1;0;0;0;0;25,25;25,25
23/09/2026 17:26:43;31/08/2026;01/08/2026;31/08/2026;26;E;428;45;42416;27077,79;29706,72;905,77;0;1096;976;120;0;0;0;0;0;4460,01;25246,71;59,52;38;1039,01;18;19;50;0;M;66;COCO SHOW;0;6;1;16,67;0;0;728,76;271,6;0;271,6;37,27;0;35;20;0;20;57,14;0;0;-15338,21;-457,16;0;0;133,06;87,52;0;0,1;0;0;0;0;25,25;25,25
23/09/2026 17:26:43;31/08/2026;01/08/2026;31/08/2026;26;E;428;45;42416;27077,79;29706,72;905,77;0;1096;976;120;0;0;0;0;0;4460,01;25246,71;59,52;38;1039,01;18;19;50;0;M;83;ROBINSON CRUSOE;0;3;;;0;0;697,64;;0;0;0;0;6;;;;0;0;0;-15338,21;-697,64;0;0;133,06;87,52;0;0,1;0;0;0;0;25,25;25,25
23/09/2026 17:26:43;31/08/2026;01/08/2026;31/08/2026;26;E;428;45;42416;27077,79;29706,72;905,77;0;1096;976;120;0;0;0;0;0;4460,01;25246,71;59,52;38;1039,01;18;19;50;0;M;63;BRACELL;0;3;2;66,67;0;0;333,34;242,98;0;242,98;72,89;0;5;6;0;6;120;0,75;0;-15338,21;-90,36;0;0;133,06;87,52;0;0,1;0;0;0;0;25,25;25,25
23/09/2026 17:26:43;31/08/2026;01/08/2026;31/08/2026;26;E;428;45;42416;27077,79;29706,72;905,77;0;1096;976;120;0;0;0;0;0;4460,01;25246,71;59,52;38;1039,01;18;19;50;0;M;74;BRAVA;0;7;4;57,14;0;0;861,51;153,96;0;153,96;17,87;0;11;5;0;5;45,45;0;0;-15338,21;-707,55;0;0;133,06;87,52;0;0,1;0;0;0;0;25,25;25,25
23/09/2026 17:26:43;31/08/2026;01/08/2026;31/08/2026;26;E;428;45;42416;27077,79;29706,72;905,77;0;1096;976;120;0;0;0;0;0;4460,01;25246,71;59,52;38;1039,01;18;19;50;0;M;51;GUANABARA;0;7;;;0;0;724,5;;0;0;0;0;9;;;;0;0;0;-15338,21;-724,5;0;0;133,06;87,52;0;0,1;0;0;0;0;25,25;25,25
23/09/2026 17:26:43;31/08/2026;01/08/2026;31/08/2026;26;E;428;45;42416;27077,79;29706,72;905,77;0;1096;976;120;0;0;0;0;0;4460,01;25246,71;59,52;38;1039,01;18;19;50;0;M;18;SABORELLE - RACAO;0;6;;;0;0;4485,06;;0;0;0;0;28;;;;0;0;0;-15338,21;-4485,06;0;0;133,06;87,52;0;0,1;0;0;0;0;25,25;25,25
23/09/2026 17:26:43;31/08/2026;01/08/2026;31/08/2026;26;E;428;45;42416;27077,79;29706,72;905,77;0;1096;976;120;0;0;0;0;0;4460,01;25246,71;59,52;38;1039,01;18;19;50;0;M;72;FRANBA;0;8;;;0;0;500,67;;0;0;0;0;5;;;;0;0;0;-15338,21;-500,67;0;0;133,06;87,52;0;0,1;0;0;0;0;25,25;25,25
23/09/2026 17:26:43;31/08/2026;01/08/2026;31/08/2026;26;E;428;45;42416;27077,79;29706,72;905,77;0;1096;976;120;0;0;0;0;0;4460,01;25246,71;59,52;38;1039,01;18;19;50;0;M;60;RICLAN;0;10;5;50;0;0;595,3;116,43;0;116,43;19,56;0;24;8;0;8;33,33;0;0;-15338,21;-478,87;0;0;133,06;87,52;0;0,1;0;0;0;0;25,25;25,25
23/09/2026 17:26:43;31/08/2026;01/08/2026;31/08/2026;26;E;428;45;42416;27077,79;29706,72;905,77;0;1096;976;120;0;0;0;0;0;4460,01;25246,71;59,52;38;1039,01;18;19;50;0;M;69;GAMELEIRA;0;6;;;0;0;545,55;;0;0;0;0;10;;;;0;0;0;-15338,21;-545,55;0;0;133,06;87,52;0;0,1;0;0;0;0;25,25;25,25
23/09/2026 17:26:43;31/08/2026;01/08/2026;31/08/2026;26;E;428;45;42416;27077,79;29706,72;905,77;0;1096;976;120;0;0;0;0;0;4460,01;25246,71;59,52;38;1039,01;18;19;50;0;M;47;SOFFIE;0;5;;;0;0;563,26;;0;0;0;0;8;;;;0;0;0;-15338,21;-563,26;0;0;133,06;87,52;0;0,1;0;0;0;0;25,25;25,25
23/09/2026 17:26:43;31/08/2026;01/08/2026;31/08/2026;26;E;428;45;42416;27077,79;29706,72;905,77;0;1096;976;120;0;0;0;0;0;4460,01;25246,71;59,52;38;1039,01;18;19;50;0;M;15;QUEIJOS LELO;0;6;3;50;0;0;829,98;813,98;0;813,98;98,07;0;5;6;0;6;120;3,09;2,03;-15338,21;-16;0;2,03;133,06;87,52;0;0,1;0;0;0;0;25,25;25,25
23/09/2026 17:26:43;31/08/2026;01/08/2026;31/08/2026;26;E;428;45;42416;27077,79;29706,72;905,77;0;1096;976;120;0;0;0;0;0;4460,01;25246,71;59,52;38;1039,01;18;19;50;0;M;20;CATAFESTA;0;14;;;0;0;608,84;;0;0;0;0;10;;;;0;0;0;-15338,21;-608,84;0;0;133,06;87,52;0;0,1;0;0;0;0;25,25;25,25
23/09/2026 17:26:43;31/08/2026;01/08/2026;31/08/2026;26;E;428;45;42416;27077,79;29706,72;905,77;0;1096;976;120;0;0;0;0;0;4460,01;25246,71;59,52;38;1039,01;18;19;50;0;M;52;GREEN;0;7;2;28,57;0;0;643,81;323,1;0;323,1;50,19;0;10;5;0;5;50;0;0;-15338,21;-320,71;0;0;133,06;87,52;0;0,1;0;0;0;0;25,25;25,25
23/09/2026 17:26:43;31/08/2026;01/08/2026;31/08/2026;20;E;85;148;105938;90185,51;83001,79;2528,52;0;5262;5247;15;0;0;0;0;0;168,72;82833,07;78,19;126;3424,02;130;138;109,52;248,49921;M;74;BRAVA;0;8;1;12,5;0;0;2378,43;190,5;0;190,5;8,01;0;9;3;0;3;33,33;0;0;-15752,49;-2187,93;0;0;1042,42921;719,49921;0;0,3;0,3;0;0;0;248,5;248,5
23/09/2026 17:26:43;31/08/2026;01/08/2026;31/08/2026;20;E;85;148;105938;90185,51;83001,79;2528,52;0;5262;5247;15;0;0;0;0;0;168,72;82833,07;78,19;126;3424,02;130;138;109,52;248,49921;M;82;ZICO;0;9;;;0;0;2000,85;;0;0;0;0;12;;;;0;0;0;-15752,49;-2000,85;0;0;1042,42921;719,49921;0;0,3;0,3;0;0;0;248,5;248,5
23/09/2026 17:26:43;31/08/2026;01/08/2026;31/08/2026;20;E;85;148;105938;90185,51;83001,79;2528,52;0;5262;5247;15;0;0;0;0;0;168,72;82833,07;78,19;126;3424,02;130;138;109,52;248,49921;M;83;ROBINSON CRUSOE;0;6;2;33,33;0;0;2000,43;252,9;0;252,9;12,64;0;6;2;0;2;33,33;0;0;-15752,49;-1747,53;0;0;1042,42921;719,49921;0;0,3;0,3;0;0;0;248,5;248,5
23/09/2026 17:26:43;31/08/2026;01/08/2026;31/08/2026;6;E;107;82;62593,23;93149,69;101623,99;4170,52;303,59;6812;6788;24;0;0;0;0;0;427,26;101196,73;161,67;70;2122,93;68;68;97,14;0;M;1;JAV;0;75;64;85,33;101,49;0;93350,17;78165,85;93;78072,85;83,63;0;3846;3255;6;3249;84,48;0;0;30556,46;-15277,32;303,59;101,49;1211,82;776,49;0,3;0,3;0;0;0;0;303,59;303,59
23/09/2026 17:26:43;31/08/2026;01/08/2026;31/08/2026;6;E;107;82;62593,23;93149,69;101623,99;4170,52;303,59;6812;6788;24;0;0;0;0;0;427,26;101196,73;161,67;70;2122,93;68;68;97,14;0;M;44;JDE;0;65;57;87,69;95,94;0;156983,23;160505,87;605,17;159900,7;101,86;0;3054;3085;3;3082;100,92;95,94;159,9;30556,46;2917,47;303,59;255,84;1211,82;776,49;0,3;0,3;0;0;0;0;303,59;303,59
23/09/2026 17:26:43;31/08/2026;01/08/2026;31/08/2026;6;E;107;82;62593,23;93149,69;101623,99;4170,52;303,59;6812;6788;24;0;0;0;0;0;427,26;101196,73;161,67;70;2122,93;68;68;97,14;0;M;63;BRACELL;0;22;27;122,73;64,1;0;13222,94;8158,73;145,8;8012,93;60,6;0;152;187;12;175;115,13;24,84;0;30556,46;-5210,01;303,59;64,1;1211,82;776,49;0,3;0,3;0;0;0;0;303,59;303,59
23/09/2026 17:26:43;31/08/2026;01/08/2026;31/08/2026;6;E;107;82;62593,23;93149,69;101623,99;4170,52;303,59;6812;6788;24;0;0;0;0;0;427,26;101196,73;161,67;70;2122,93;68;68;97,14;0;M;72;FRANBA;0;23;7;30,43;0;0;5511,43;1186,76;0;1186,76;21,53;0;34;13;0;13;38,24;0;0;30556,46;-4324,67;303,59;0;1211,82;776,49;0,3;0,3;0;0;0;0;303,59;303,59
23/09/2026 17:26:43;31/08/2026;01/08/2026;31/08/2026;6;E;107;82;62593,23;93149,69;101623,99;4170,52;303,59;6812;6788;24;0;0;0;0;0;427,26;101196,73;161,67;70;2122,93;68;68;97,14;0;M;6;SOL BEBIDAS;0;8;4;50;0;0;2298,83;440,1;0;440,1;19,14;0;23;12;0;12;52,17;0;0;30556,46;-1858,73;303,59;0;1211,82;776,49;0,3;0,3;0;0;0;0;303,59;303,59
23/09/2026 17:26:43;31/08/2026;01/08/2026;31/08/2026;6;E;107;82;62593,23;93149,69;101623,99;4170,52;303,59;6812;6788;24;0;0;0;0;0;427,26;101196,73;161,67;70;2122,93;68;68;97,14;0;M;52;GREEN;0;10;8;80;0;0;3047,89;2883,62;0;2883,62;94,61;0;42;46;0;46;109,52;10,96;9,52;30556,46;-164,27;303,59;9,52;1211,82;776,49;0,3;0,3;0;0;0;0;303,59;303,59
23/09/2026 17:26:43;31/08/2026;01/08/2026;31/08/2026;6;E;107;82;62593,23;93149,69;101623,99;4170,52;303,59;6812;6788;24;0;0;0;0;0;427,26;101196,73;161,67;70;2122,93;68;68;97,14;0;M;83;ROBINSON CRUSOE;0;17;14;82,35;0;0;1767,02;3441,32;0;3441,32;194,75;0;37;28;0;28;75,68;0;37,85;30556,46;1674,3;303,59;37,85;1211,82;776,49;0,3;0,3;0;0;0;0;303,59;303,59
23/09/2026 17:26:43;31/08/2026;01/08/2026;31/08/2026;6;E;107;82;62593,23;93149,69;101623,99;4170,52;303,59;6812;6788;24;0;0;0;0;0;427,26;101196,73;161,67;70;2122,93;68;68;97,14;0;M;61;DAVENE;0;12;;;0;0;1115,22;;0;0;0;0;111;;;;0;0;0;30556,46;-1115,22;303,59;0;1211,82;776,49;0,3;0,3;0;0;0;0;303,59;303,59
23/09/2026 17:26:43;31/08/2026;01/08/2026;31/08/2026;6;E;107;82;62593,23;93149,69;101623,99;4170,52;303,59;6812;6788;24;0;0;0;0;0;427,26;101196,73;161,67;70;2122,93;68;68;97,14;0;M;66;COCO SHOW;0;16;10;62,5;0;0;5264,18;2546,98;0;2546,98;48,38;0;168;134;0;134;79,76;0;0;30556,46;-2717,2;303,59;0;1211,82;776,49;0,3;0,3;0;0;0;0;303,59;303,59
23/09/2026 17:26:43;31/08/2026;01/08/2026;31/08/2026;6;E;107;82;62593,23;93149,69;101623,99;4170,52;303,59;6812;6788;24;0;0;0;0;0;427,26;101196,73;161,67;70;2122,93;68;68;97,14;0;M;74;BRAVA;0;5;5;100;4,1;0;1129,38;315,7;0;315,7;27,95;0;12;10;0;10;83,33;0;0;30556,46;-813,68;303,59;4,1;1211,82;776,49;0,3;0,3;0;0;0;0;303,59;303,59
23/09/2026 17:26:43;31/08/2026;01/08/2026;31/08/2026;6;E;107;82;62593,23;93149,69;101623,99;4170,52;303,59;6812;6788;24;0;0;0;0;0;427,26;101196,73;161,67;70;2122,93;68;68;97,14;0;M;69;GAMELEIRA;0;10;2;20;0;0;1130,34;102,88;0;102,88;9,1;0;14;2;0;2;14,29;0;0;30556,46;-1027,46;303,59;0;1211,82;776,49;0,3;0,3;0;0;0;0;303,59;303,59
23/09/2026 17:26:43;31/08/2026;01/08/2026;31/08/2026;6;E;107;82;62593,23;93149,69;101623,99;4170,52;303,59;6812;6788;24;0;0;0;0;0;427,26;101196,73;161,67;70;2122,93;68;68;97,14;0;M;65;MATUTA;0;8;;;0;0;3311,23;;0;0;0;0;9;;;;0;0;0;30556,46;-3311,23;303,59;0;1211,82;776,49;0,3;0,3;0;0;0;0;303,59;303,59
23/09/2026 17:26:43;31/08/2026;01/08/2026;31/08/2026;6;E;113;78;73518,9;103595,49;103595,49;6193,53;288,77;6246;5977;269;0;0;0;0;0;7337,39;96258,1;130,93;66;2559,54;46;46;69,7;0;M;1;JAV;0;51;40;78,43;0;0;94635,67;65670,89;643,24;65027,65;68,71;0;3766;2381;22;2359;62,64;0;0;30076,59;-29608,02;288,77;0;705,6;394,96;0,3;0,3;0;0;0;0;288,77;288,77
23/09/2026 17:26:43;31/08/2026;01/08/2026;31/08/2026;6;E;113;78;73518,9;103595,49;103595,49;6193,53;288,77;6246;5977;269;0;0;0;0;0;7337,39;96258,1;130,93;66;2559,54;46;46;69,7;0;M;6;SOL BEBIDAS;0;12;6;50;0;0;1528,11;641,66;43,98;597,68;39,11;0;27;16;1;15;55,56;0;0;30076,59;-930,43;288,77;0;705,6;394,96;0,3;0,3;0;0;0;0;288,77;288,77
23/09/2026 17:26:43;31/08/2026;01/08/2026;31/08/2026;6;E;113;78;73518,9;103595,49;103595,49;6193,53;288,77;6246;5977;269;0;0;0;0;0;7337,39;96258,1;130,93;66;2559,54;46;46;69,7;0;M;44;JDE;0;43;31;72,09;0;0;568756,76;439711,36;2272,53;437438,83;76,91;0;4253;3289;157;3132;73,64;0;0;30076,59;-131317,93;288,77;0;705,6;394,96;0,3;0,3;0;0;0;0;288,77;288,77
23/09/2026 17:26:43;31/08/2026;01/08/2026;31/08/2026;6;E;113;78;73518,9;103595,49;103595,49;6193,53;288,77;6246;5977;269;0;0;0;0;0;7337,39;96258,1;130,93;66;2559,54;46;46;69,7;0;M;52;GREEN;0;26;16;61,54;0;0;6167,38;3268,57;806,96;2461,61;39,91;0;214;36;11;25;11,68;0;0;30076,59;-3705,77;288,77;0;705,6;394,96;0,3;0,3;0;0;0;0;288,77;288,77
23/09/2026 17:26:43;31/08/2026;01/08/2026;31/08/2026;6;E;113;78;73518,9;103595,49;103595,49;6193,53;288,77;6246;5977;269;0;0;0;0;0;7337,39;96258,1;130,93;66;2559,54;46;46;69,7;0;M;63;BRACELL;0;19;14;73,68;0;0;29053,86;20108,12;5601,46;14506,66;49,93;0;501;273;72;201;40,12;0;0;30076,59;-14547,2;288,77;0;705,6;394,96;0,3;0,3;0;0;0;0;288,77;288,77
23/09/2026 17:26:43;31/08/2026;01/08/2026;31/08/2026;6;E;113;78;73518,9;103595,49;103595,49;6193,53;288,77;6246;5977;269;0;0;0;0;0;7337,39;96258,1;130,93;66;2559,54;46;46;69,7;0;M;66;COCO SHOW;0;15;12;80;0;0;3224,77;327,81;11,23;316,58;9,82;0;166;24;1;23;13,86;0;0;30076,59;-2908,19;288,77;0;705,6;394,96;0,3;0,3;0;0;0;0;288,77;288,77
23/09/2026 17:26:43;31/08/2026;01/08/2026;31/08/2026;6;E;113;78;73518,9;103595,49;103595,49;6193,53;288,77;6246;5977;269;0;0;0;0;0;7337,39;96258,1;130,93;66;2559,54;46;46;69,7;0;M;69;GAMELEIRA;0;14;5;35,71;0;0;9212,43;4528,78;133,81;4394,97;47,71;0;236;110;3;107;45,34;0;0;30076,59;-4817,46;288,77;0;705,6;394,96;0,3;0,3;0;0;0;0;288,77;288,77
23/09/2026 17:26:43;31/08/2026;01/08/2026;31/08/2026;6;E;113;78;73518,9;103595,49;103595,49;6193,53;288,77;6246;5977;269;0;0;0;0;0;7337,39;96258,1;130,93;66;2559,54;46;46;69,7;0;M;74;BRAVA;0;7;7;100;28,58;0;1029,41;2225,89;27,55;2198,34;213,55;0;323;53;1;52;16,1;0;14,29;30076,59;1168,93;288,77;42,87;705,6;394,96;0,3;0,3;0;0;0;0;288,77;288,77
23/09/2026 17:26:43;31/08/2026;01/08/2026;31/08/2026;6;E;113;78;73518,9;103595,49;103595,49;6193,53;288,77;6246;5977;269;0;0;0;0;0;7337,39;96258,1;130,93;66;2559,54;46;46;69,7;0;M;83;ROBINSON CRUSOE;0;9;7;77,78;0;0;2999,45;5755,92;0;5755,92;191,9;0;36;49;0;49;136,11;21,87;63,32;30076,59;2756,47;288,77;63,32;705,6;394,96;0,3;0,3;0;0;0;0;288,77;288,77
23/09/2026 17:26:43;31/08/2026;01/08/2026;31/08/2026;6;E;113;78;73518,9;103595,49;103595,49;6193,53;288,77;6246;5977;269;0;0;0;0;0;7337,39;96258,1;130,93;66;2559,54;46;46;69,7;0;M;65;MATUTA;0;12;;;0;0;2500;;0;0;0;0;20;;;;0;0;0;30076,59;-2500;288,77;0;705,6;394,96;0,3;0,3;0;0;0;0;288,77;288,77
23/09/2026 17:26:43;31/08/2026;01/08/2026;31/08/2026;6;E;113;78;73518,9;103595,49;103595,49;6193,53;288,77;6246;5977;269;0;0;0;0;0;7337,39;96258,1;130,93;66;2559,54;46;46;69,7;0;M;72;FRANBA;0;13;4;30,77;0;0;1161,22;958,39;0;958,39;82,53;0;20;11;0;11;55;0;0;30076,59;-202,83;288,77;0;705,6;394,96;0,3;0,3;0;0;0;0;288,77;288,77
23/09/2026 17:26:43;31/08/2026;01/08/2026;31/08/2026;6;E;113;78;73518,9;103595,49;103595,49;6193,53;288,77;6246;5977;269;0;0;0;0;0;7337,39;96258,1;130,93;66;2559,54;46;46;69,7;0;M;61;DAVENE;0;16;;;0;0;2528,31;;0;0;0;0;54;;;;0;0;0;30076,59;-2528,31;288,77;0;705,6;394,96;0,3;0,3;0;0;0;0;288,77;288,77
23/09/2026 17:26:43;31/08/2026;01/08/2026;31/08/2026;19;E;435;98;117007;98838,76;98456,28;1695,55;0;2723;2718;5;0;0;0;0;0;83,1;98373,18;84,07;83;2601,02;83;82;98,8;0;M;13;COPRA;0;61;54;88,52;54,34;0;20075,02;16551,01;83,1;16467,91;82,03;0;601;584;5;579;96,34;21,41;0;-18168,24;-3607,11;0;54,34;598,93;218,87;0;0,2;0;0;0;0;196,75;196,75
23/09/2026 17:26:43;31/08/2026;01/08/2026;31/08/2026;19;E;435;98;117007;98838,76;98456,28;1695,55;0;2723;2718;5;0;0;0;0;0;83,1;98373,18;84,07;83;2601,02;83;82;98,8;0;M;59;CASA SUICA;0;20;;;0;0;1000,85;;0;0;0;0;45;;;;0;0;0;-18168,24;-1000,85;0;0;598,93;218,87;0;0,2;0;0;0;0;196,75;196,75
23/09/2026 17:26:43;31/08/2026;01/08/2026;31/08/2026;19;E;435;98;117007;98838,76;98456,28;1695,55;0;2723;2718;5;0;0;0;0;0;83,1;98373,18;84,07;83;2601,02;83;82;98,8;0;M;20;CATAFESTA;0;10;;;0;0;2258,2;;0;0;0;0;9;;;;0;0;0;-18168,24;-2258,2;0;0;598,93;218,87;0;0,2;0;0;0;0;196,75;196,75
23/09/2026 17:26:43;31/08/2026;01/08/2026;31/08/2026;19;E;435;98;117007;98838,76;98456,28;1695,55;0;2723;2718;5;0;0;0;0;0;83,1;98373,18;84,07;83;2601,02;83;82;98,8;0;M;81;TOP CAU;0;11;;;0;0;1157,57;;0;0;0;0;25;;;;0;0;0;-18168,24;-1157,57;0;0;598,93;218,87;0;0,2;0;0;0;0;196,75;196,75
23/09/2026 17:26:43;31/08/2026;01/08/2026;31/08/2026;19;E;435;98;117007;98838,76;98456,28;1695,55;0;2723;2718;5;0;0;0;0;0;83,1;98373,18;84,07;83;2601,02;83;82;98,8;0;M;74;BRAVA;0;11;2;18,18;0;0;1000,92;254;0;254;25,38;0;43;4;0;4;9,3;0;0;-18168,24;-746,92;0;0;598,93;218,87;0;0,2;0;0;0;0;196,75;196,75
23/09/2026 17:26:43;31/08/2026;01/08/2026;31/08/2026;19;E;435;98;117007;98838,76;98456,28;1695,55;0;2723;2718;5;0;0;0;0;0;83,1;98373,18;84,07;83;2601,02;83;82;98,8;0;M;18;SABORELLE - RACAO;0;15;10;66,67;0;0;5561,05;2987,93;0;2987,93;53,73;0;24;21;0;21;87,5;3,88;0;-18168,24;-2573,12;0;0;598,93;218,87;0;0,2;0;0;0;0;196,75;196,75
23/09/2026 17:26:43;31/08/2026;01/08/2026;31/08/2026;19;E;435;98;117007;98838,76;98456,28;1695,55;0;2723;2718;5;0;0;0;0;0;83,1;98373,18;84,07;83;2601,02;83;82;98,8;0;M;60;RICLAN;0;39;32;82,05;0;0;3121,48;2877,02;0;2877,02;92,17;0;179;199;0;199;111,17;10,93;7,19;-18168,24;-244,46;0;7,19;598,93;218,87;0;0,2;0;0;0;0;196,75;196,75
23/09/2026 17:26:43;31/08/2026;01/08/2026;31/08/2026;19;E;435;98;117007;98838,76;98456,28;1695,55;0;2723;2718;5;0;0;0;0;0;83,1;98373,18;84,07;83;2601,02;83;82;98,8;0;M;51;GUANABARA;0;19;2;10,53;0;0;1610,33;429,88;0;429,88;26,7;0;23;2;0;2;8,7;0;0;-18168,24;-1180,45;0;0;598,93;218,87;0;0,2;0;0;0;0;196,75;196,75
23/09/2026 17:26:43;31/08/2026;01/08/2026;31/08/2026;19;E;435;98;117007;98838,76;98456,28;1695,55;0;2723;2718;5;0;0;0;0;0;83,1;98373,18;84,07;83;2601,02;83;82;98,8;0;M;2;MARILAN;0;88;66;75;0;0;49699,65;43366,68;0;43366,68;87,26;0;1024;1259;0;1259;122,95;52,04;34,69;-18168,24;-6332,97;0;34,69;598,93;218,87;0;0,2;0;0;0;0;196,75;196,75
23/09/2026 17:26:43;31/08/2026;01/08/2026;31/08/2026;19;E;435;98;117007;98838,76;98456,28;1695,55;0;2723;2718;5;0;0;0;0;0;83,1;98373,18;84,07;83;2601,02;83;82;98,8;0;M;47;SOFFIE;0;14;;;0;0;1621,58;;0;0;0;0;35;;;;0;0;0;-18168,24;-1621,58;0;0;598,93;218,87;0;0,2;0;0;0;0;196,75;196,75
23/09/2026 17:26:43;31/08/2026;01/08/2026;31/08/2026;19;E;435;98;117007;98838,76;98456,28;1695,55;0;2723;2718;5;0;0;0;0;0;83,1;98373,18;84,07;83;2601,02;83;82;98,8;0;M;15;QUEIJOS LELO;0;18;10;55,56;0;0;2840,27;1327,36;0;1327,36;46,73;0;17;10;0;10;58,82;0;0;-18168,24;-1512,91;0;0;598,93;218,87;0;0,2;0;0;0;0;196,75;196,75
23/09/2026 17:26:43;31/08/2026;01/08/2026;31/08/2026;19;E;435;98;117007;98838,76;98456,28;1695,55;0;2723;2718;5;0;0;0;0;0;83,1;98373,18;84,07;83;2601,02;83;82;98,8;0;M;82;ZICO;0;13;;;0;0;1000;;0;0;0;0;10;;;;0;0;0;-18168,24;-1000;0;0;598,93;218,87;0;0,2;0;0;0;0;196,75;196,75
23/09/2026 17:26:43;31/08/2026;01/08/2026;31/08/2026;19;E;435;98;117007;98838,76;98456,28;1695,55;0;2723;2718;5;0;0;0;0;0;83,1;98373,18;84,07;83;2601,02;83;82;98,8;0;M;53;CASAKM;0;59;45;76,27;0;0;26060,39;30662,4;0;30662,4;117,66;0;566;644;0;644;113,78;95,05;122,65;-18168,24;4602,01;0;122,65;598,93;218,87;0;0,2;0;0;0;0;196,75;196,75
23/09/2026 17:26:43;31/08/2026;01/08/2026;31/08/2026;19;E;436;64;45229;38935,86;37318,46;948,4;0;1740;1738;2;0;0;0;0;0;98,97;37219,49;82,29;54;1431,01;39;40;74,07;0;M;1;JAV;0;49;39;79,59;0;0;35790,28;31116,03;56,99;31059,04;86,78;0;1159;918;1;917;79,12;0;24,85;-6293,14;-4731,24;0;24,85;170,13;45,27;0;0,3;0;0;0;0;111,66;111,66
23/09/2026 17:26:43;31/08/2026;01/08/2026;31/08/2026;19;E;436;64;45229;38935,86;37318,46;948,4;0;1740;1738;2;0;0;0;0;0;98,97;37219,49;82,29;54;1431,01;39;40;74,07;0;M;83;ROBINSON CRUSOE;0;12;1;8,33;0;0;1000;124;0;124;12,4;0;11;1;0;1;9,09;0;0;-6293,14;-876;0;0;170,13;45,27;0;0,3;0;0;0;0;111,66;111,66
23/09/2026 17:26:43;31/08/2026;01/08/2026;31/08/2026;19;E;436;64;45229;38935,86;37318,46;948,4;0;1740;1738;2;0;0;0;0;0;98,97;37219,49;82,29;54;1431,01;39;40;74,07;0;M;63;BRACELL;0;7;4;57,14;0;0;1117,44;526,84;0;526,84;47,15;0;66;33;0;33;50;0;0;-6293,14;-590,6;0;0;170,13;45,27;0;0,3;0;0;0;0;111,66;111,66
23/09/2026 17:26:43;31/08/2026;01/08/2026;31/08/2026;19;E;436;64;45229;38935,86;37318,46;948,4;0;1740;1738;2;0;0;0;0;0;98,97;37219,49;82,29;54;1431,01;39;40;74,07;0;M;66;COCO SHOW;0;13;10;76,92;0;0;1485,82;888,74;0;888,74;59,81;0;129;61;0;61;47,29;0;0;-6293,14;-597,08;0;0;170,13;45,27;0;0,3;0;0;0;0;111,66;111,66
23/09/2026 17:26:43;31/08/2026;01/08/2026;31/08/2026;19;E;436;64;45229;38935,86;37318,46;948,4;0;1740;1738;2;0;0;0;0;0;98,97;37219,49;82,29;54;1431,01;39;40;74,07;0;M;65;MATUTA;0;10;1;10;0;0;1286,92;238,93;0;238,93;18,57;0;12;3;0;3;25;0;0;-6293,14;-1047,99;0;0;170,13;45,27;0;0,3;0;0;0;0;111,66;111,66
23/09/2026 17:26:43;31/08/2026;01/08/2026;31/08/2026;19;E;436;64;45229;38935,86;37318,46;948,4;0;1740;1738;2;0;0;0;0;0;98,97;37219,49;82,29;54;1431,01;39;40;74,07;0;M;52;GREEN;0;9;7;77,78;0;0;2259,01;931,94;0;931,94;41,25;0;25;21;0;21;84;0;0;-6293,14;-1327,07;0;0;170,13;45,27;0;0,3;0;0;0;0;111,66;111,66
23/09/2026 17:26:43;31/08/2026;01/08/2026;31/08/2026;19;E;436;64;45229;38935,86;37318,46;948,4;0;1740;1738;2;0;0;0;0;0;98,97;37219,49;82,29;54;1431,01;39;40;74,07;0;M;74;BRAVA;0;3;3;100;0,79;0;236,41;60,9;0;60,9;25,76;0;4;3;0;3;75;0;0;-6293,14;-175,51;0;0,79;170,13;45,27;0;0,3;0;0;0;0;111,66;111,66
23/09/2026 17:26:43;31/08/2026;01/08/2026;31/08/2026;19;E;436;64;45229;38935,86;37318,46;948,4;0;1740;1738;2;0;0;0;0;0;98,97;37219,49;82,29;54;1431,01;39;40;74,07;0;M;44;JDE;0;33;29;87,88;19,63;0;73284,28;32719;0;32719;44,65;0;687;648;0;648;94,32;9,82;0;-6293,14;-40565,28;0;19,63;170,13;45,27;0;0,3;0;0;0;0;111,66;111,66
23/09/2026 17:26:43;31/08/2026;01/08/2026;31/08/2026;19;E;436;64;45229;38935,86;37318,46;948,4;0;1740;1738;2;0;0;0;0;0;98,97;37219,49;82,29;54;1431,01;39;40;74,07;0;M;82;ZICO;0;10;;;0;0;1000;;0;0;0;0;10;;;;0;0;0;-6293,14;-1000;0;0;170,13;45,27;0;0,3;0;0;0;0;111,66;111,66
23/09/2026 17:26:43;31/08/2026;01/08/2026;31/08/2026;19;E;436;64;45229;38935,86;37318,46;948,4;0;1740;1738;2;0;0;0;0;0;98,97;37219,49;82,29;54;1431,01;39;40;74,07;0;M;6;SOL BEBIDAS;0;11;6;54,55;0;0;1053,56;889,83;0;889,83;84,46;0;15;21;0;21;140;3,38;0;-6293,14;-163,73;0;0;170,13;45,27;0;0,3;0;0;0;0;111,66;111,66
23/09/2026 17:26:43;31/08/2026;01/08/2026;31/08/2026;19;E;445;79;76240;62025,14;45391,39;888,92;0;1670;1631;39;0;0;0;0;0;1900,06;43491,33;57,05;67;1920,02;51;35;52,24;0;M;1;JAV;0;43;30;69,77;0;0;10000;17417,9;59;17358,9;173,59;0;579;604;1;603;104,15;20,83;26,04;-14214,86;7358,9;0;26,04;137,36;83,22;0;0;0;0;0;0;0;0
23/09/2026 17:26:43;31/08/2026;01/08/2026;31/08/2026;19;E;445;79;76240;62025,14;45391,39;888,92;0;1670;1631;39;0;0;0;0;0;1900,06;43491,33;57,05;67;1920,02;51;35;52,24;0;M;2;MARILAN;0;33;17;51,52;0;0;25921,8;11488,81;1062,3;10426,51;40,22;0;561;200;19;181;32,26;0;0;-14214,86;-15495,29;0;0;137,36;83,22;0;0;0;0;0;0;0;0
23/09/2026 17:26:43;31/08/2026;01/08/2026;31/08/2026;19;E;445;79;76240;62025,14;45391,39;888,92;0;1670;1631;39;0;0;0;0;0;1900,06;43491,33;57,05;67;1920,02;51;35;52,24;0;M;6;SOL BEBIDAS;0;9;4;44,44;0;0;1000;1890,64;210;1680,64;168,06;0;10;40;7;33;330;6,39;8,4;-14214,86;680,64;0;8,4;137,36;83,22;0;0;0;0;0;0;0;0
23/09/2026 17:26:43;31/08/2026;01/08/2026;31/08/2026;19;E;445;79;76240;62025,14;45391,39;888,92;0;1670;1631;39;0;0;0;0;0;1900,06;43491,33;57,05;67;1920,02;51;35;52,24;0;M;18;SABORELLE - RACAO;0;10;1;10;0;0;1007,13;301,28;301,28;0;0;0;9;2;2;0;0;0;0;-14214,86;-1007,13;0;0;137,36;83,22;0;0;0;0;0;0;0;0
23/09/2026 17:26:43;31/08/2026;01/08/2026;31/08/2026;19;E;445;79;76240;62025,14;45391,39;888,92;0;1670;1631;39;0;0;0;0;0;1900,06;43491,33;57,05;67;1920,02;51;35;52,24;0;M;44;JDE;0;9;17;188,89;19,41;0;5000;14006,1;1063,68;12942,42;258,85;0;608;332;5;327;53,78;0;10,35;-14214,86;7942,42;0;29,76;137,36;83,22;0;0;0;0;0;0;0;0
23/09/2026 17:26:43;31/08/2026;01/08/2026;31/08/2026;19;E;445;79;76240;62025,14;45391,39;888,92;0;1670;1631;39;0;0;0;0;0;1900,06;43491,33;57,05;67;1920,02;51;35;52,24;0;M;53;CASAKM;0;23;13;56,52;0;0;6862,08;5234,88;184,93;5049,95;73,59;0;192;189;4;185;96,35;6,56;0;-14214,86;-1812,13;0;0;137,36;83,22;0;0;0;0;0;0;0;0
23/09/2026 17:26:43;31/08/2026;01/08/2026;31/08/2026;6;E;115;88;59293;134667,02;128145,42;4687,13;334,96;8999;8617;382;0;0;0;0;0;16493,48;111651,94;188,31;75;1389;54;52;69,33;0;M;1;JAV;0;71;50;70,42;0;0;105003,9;63881,69;964,71;62916,98;59,92;0;3497;2183;9;2174;62,17;0;0;75374,02;-42086,92;334,96;0;1691,88;1128,3;0,3;0,3;0;0;0;0;334,96;334,96
23/09/2026 17:26:43;31/08/2026;01/08/2026;31/08/2026;6;E;115;88;59293;134667,02;128145,42;4687,13;334,96;8999;8617;382;0;0;0;0;0;16493,48;111651,94;188,31;75;1389;54;52;69,33;0;M;6;SOL BEBIDAS;0;15;7;46,67;0;0;2428,67;1087,94;161,77;926,17;38,13;0;52;25;5;20;38,46;0;0;75374,02;-1502,5;334,96;0;1691,88;1128,3;0,3;0,3;0;0;0;0;334,96;334,96
23/09/2026 17:26:43;31/08/2026;01/08/2026;31/08/2026;6;E;115;88;59293;134667,02;128145,42;4687,13;334,96;8999;8617;382;0;0;0;0;0;16493,48;111651,94;188,31;75;1389;54;52;69,33;0;M;44;JDE;0;57;32;56,14;0;0;136096,34;159008,12;8523,84;150484,28;110,57;0;3780;5494;126;5368;142,01;90,29;150,48;75374,02;14387,94;334,96;150,48;1691,88;1128,3;0,3;0,3;0;0;0;0;334,96;334,96
23/09/2026 17:26:43;31/08/2026;01/08/2026;31/08/2026;6;E;115;88;59293;134667,02;128145,42;4687,13;334,96;8999;8617;382;0;0;0;0;0;16493,48;111651,94;188,31;75;1389;54;52;69,33;0;M;74;BRAVA;0;8;12;150;428,57;0;9734,58;48334,03;15367;32967,03;338,66;0;245;969;242;727;296,73;125,27;214,29;75374,02;23232,45;334,96;642,86;1691,88;1128,3;0,3;0,3;0;0;0;0;334,96;334,96
23/09/2026 17:26:43;31/08/2026;01/08/2026;31/08/2026;6;E;115;88;59293;134667,02;128145,42;4687,13;334,96;8999;8617;382;0;0;0;0;0;16493,48;111651,94;188,31;75;1389;54;52;69,33;0;M;66;COCO SHOW;0;13;9;69,23;0;0;2811,23;862,72;0;862,72;30,69;0;186;34;0;34;18,28;0;0;75374,02;-1948,51;334,96;0;1691,88;1128,3;0,3;0,3;0;0;0;0;334,96;334,96
23/09/2026 17:26:43;31/08/2026;01/08/2026;31/08/2026;6;E;115;88;59293;134667,02;128145,42;4687,13;334,96;8999;8617;382;0;0;0;0;0;16493,48;111651,94;188,31;75;1389;54;52;69,33;0;M;63;BRACELL;0;9;5;55,56;0;0;2390,8;1226,25;0;1226,25;51,29;0;97;18;0;18;18,56;0;0;75374,02;-1164,55;334,96;0;1691,88;1128,3;0,3;0,3;0;0;0;0;334,96;334,96
23/09/2026 17:26:43;31/08/2026;01/08/2026;31/08/2026;6;E;115;88;59293;134667,02;128145,42;4687,13;334,96;8999;8617;382;0;0;0;0;0;16493,48;111651,94;188,31;75;1389;54;52;69,33;0;M;83;ROBINSON CRUSOE;0;9;3;33,33;0;0;2826,92;1904,63;0;1904,63;67,37;0;14;16;0;16;114,29;7,24;0;75374,02;-922,29;334,96;0;1691,88;1128,3;0,3;0,3;0;0;0;0;334,96;334,96
23/09/2026 17:26:43;31/08/2026;01/08/2026;31/08/2026;6;E;115;88;59293;134667,02;128145,42;4687,13;334,96;8999;8617;382;0;0;0;0;0;16493,48;111651,94;188,31;75;1389;54;52;69,33;0;M;52;GREEN;0;24;13;54,17;0;0;13201,22;8301,38;0;8301,38;62,88;0;196;112;0;112;57,14;0;0;75374,02;-4899,84;334,96;0;1691,88;1128,3;0,3;0,3;0;0;0;0;334,96;334,96
23/09/2026 17:26:43;31/08/2026;01/08/2026;31/08/2026;6;E;115;88;59293;134667,02;128145,42;4687,13;334,96;8999;8617;382;0;0;0;0;0;16493,48;111651,94;188,31;75;1389;54;52;69,33;0;M;65;MATUTA;0;6;2;33,33;0;0;1081,44;447,18;0;447,18;41,35;0;6;12;0;12;200;1,7;0;75374,02;-634,26;334,96;0;1691,88;1128,3;0,3;0,3;0;0;0;0;334,96;334,96
23/09/2026 17:26:43;31/08/2026;01/08/2026;31/08/2026;6;E;115;88;59293;134667,02;128145,42;4687,13;334,96;8999;8617;382;0;0;0;0;0;16493,48;111651,94;188,31;75;1389;54;52;69,33;0;M;61;DAVENE;0;14;4;28,57;0;0;1405,36;1083,78;0;1083,78;77,12;0;95;120;0;120;126,32;4,12;0;75374,02;-321,58;334,96;0;1691,88;1128,3;0,3;0,3;0;0;0;0;334,96;334,96
23/09/2026 17:26:43;31/08/2026;01/08/2026;31/08/2026;6;E;115;88;59293;134667,02;128145,42;4687,13;334,96;8999;8617;382;0;0;0;0;0;16493,48;111651,94;188,31;75;1389;54;52;69,33;0;M;69;GAMELEIRA;0;10;3;30;0;0;1518,58;687,27;0;687,27;45,26;0;39;12;0;12;30,77;0;0;75374,02;-831,31;334,96;0;1691,88;1128,3;0,3;0,3;0;0;0;0;334,96;334,96
23/09/2026 17:26:43;31/08/2026;01/08/2026;31/08/2026;6;E;115;88;59293;134667,02;128145,42;4687,13;334,96;8999;8617;382;0;0;0;0;0;16493,48;111651,94;188,31;75;1389;54;52;69,33;0;M;72;FRANBA;0;7;3;42,86;0;0;1516;328,55;0;328,55;21,67;0;20;4;0;4;20;0;0;75374,02;-1187,45;334,96;0;1691,88;1128,3;0,3;0,3;0;0;0;0;334,96;334,96
23/09/2026 17:26:43;31/08/2026;01/08/2026;31/08/2026;20;E;123;117;155562;163343,13;146562,37;4303,59;146,35;7731;7728;3;0;0;0;0;0;214,65;146347,72;94,08;99;5894,01;107;104;105,05;439,04316;M;1;JAV;0;100;102;102;387,57;0;130355,43;129300,81;109,66;129191,15;99,11;0;5378;5232;1;5231;97,27;64,6;129,19;7781,13;-1164,28;146,35;516,76;1818,75316;1277,73316;0;0,3;0,3;0;0;0;439,04;439,04
23/09/2026 17:26:43;31/08/2026;01/08/2026;31/08/2026;20;E;123;117;155562;163343,13;146562,37;4303,59;146,35;7731;7728;3;0;0;0;0;0;214,65;146347,72;94,08;99;5894,01;107;104;105,05;439,04316;M;63;BRACELL;0;23;28;121,74;65,64;0;9077,44;8309,77;104,99;8204,78;90,39;0;211;174;2;172;81,52;0;21,33;7781,13;-872,66;146,35;86,97;1818,75316;1277,73316;0;0,3;0,3;0;0;0;439,04;439,04
23/09/2026 17:26:43;31/08/2026;01/08/2026;31/08/2026;20;E;123;117;155562;163343,13;146562,37;4303,59;146,35;7731;7728;3;0;0;0;0;0;214,65;146347,72;94,08;99;5894,01;107;104;105,05;439,04316;M;69;GAMELEIRA;0;11;4;36,36;0;0;1500,37;478,15;0;478,15;31,87;0;17;7;0;7;41,18;0;0;7781,13;-1022,22;146,35;0;1818,75316;1277,73316;0;0,3;0,3;0;0;0;439,04;439,04
23/09/2026 17:26:43;31/08/2026;01/08/2026;31/08/2026;20;E;123;117;155562;163343,13;146562,37;4303,59;146,35;7731;7728;3;0;0;0;0;0;214,65;146347,72;94,08;99;5894,01;107;104;105,05;439,04316;M;82;ZICO;0;7;;;0;0;2000,85;;0;0;0;0;10;;;;0;0;0;7781,13;-2000,85;146,35;0;1818,75316;1277,73316;0;0,3;0,3;0;0;0;439,04;439,04
23/09/2026 17:26:43;31/08/2026;01/08/2026;31/08/2026;20;E;123;117;155562;163343,13;146562,37;4303,59;146,35;7731;7728;3;0;0;0;0;0;214,65;146347,72;94,08;99;5894,01;107;104;105,05;439,04316;M;74;BRAVA;0;6;8;133,33;3,42;0;1000,97;263;0;263;26,27;0;13;10;0;10;76,92;0;0;7781,13;-737,97;146,35;3,42;1818,75316;1277,73316;0;0,3;0,3;0;0;0;439,04;439,04
23/09/2026 17:26:43;31/08/2026;01/08/2026;31/08/2026;20;E;123;117;155562;163343,13;146562,37;4303,59;146,35;7731;7728;3;0;0;0;0;0;214,65;146347,72;94,08;99;5894,01;107;104;105,05;439,04316;M;83;ROBINSON CRUSOE;0;11;9;81,82;0;0;1500,26;3066,02;0;3066,02;204,37;0;24;26;0;26;108,33;11,65;33,73;7781,13;1565,76;146,35;33,73;1818,75316;1277,73316;0;0,3;0,3;0;0;0;439,04;439,04
23/09/2026 17:26:43;31/08/2026;01/08/2026;31/08/2026;20;E;123;117;155562;163343,13;146562,37;4303,59;146,35;7731;7728;3;0;0;0;0;0;214,65;146347,72;94,08;99;5894,01;107;104;105,05;439,04316;M;6;SOL BEBIDAS;0;8;1;12,5;0;0;1000,56;36,79;0;36,79;3,68;0;13;1;0;1;7,69;0;0;7781,13;-963,77;146,35;0;1818,75316;1277,73316;0;0,3;0,3;0;0;0;439,04;439,04
23/09/2026 17:26:43;31/08/2026;01/08/2026;31/08/2026;20;E;123;117;155562;163343,13;146562,37;4303,59;146,35;7731;7728;3;0;0;0;0;0;214,65;146347,72;94,08;99;5894,01;107;104;105,05;439,04316;M;44;JDE;0;82;74;90,24;51,46;0;117794,56;85773,93;0;85773,93;72,82;0;2346;2015;0;2015;85,89;25,73;0;7781,13;-32020,63;146,35;51,46;1818,75316;1277,73316;0;0,3;0,3;0;0;0;439,04;439,04
23/09/2026 17:26:43;31/08/2026;01/08/2026;31/08/2026;20;E;123;117;155562;163343,13;146562,37;4303,59;146,35;7731;7728;3;0;0;0;0;0;214,65;146347,72;94,08;99;5894,01;107;104;105,05;439,04316;M;52;GREEN;0;16;1;6,25;0;0;1500,75;491,46;0;491,46;32,75;0;34;11;0;11;32,35;0;0;7781,13;-1009,29;146,35;0;1818,75316;1277,73316;0;0,3;0,3;0;0;0;439,04;439,04
23/09/2026 17:26:43;31/08/2026;01/08/2026;31/08/2026;20;E;123;117;155562;163343,13;146562,37;4303,59;146,35;7731;7728;3;0;0;0;0;0;214,65;146347,72;94,08;99;5894,01;107;104;105,05;439,04316;M;61;DAVENE;0;7;1;14,29;0;0;184,15;16,17;0;16,17;8,78;0;28;3;0;3;10,71;0;0;7781,13;-167,98;146,35;0;1818,75316;1277,73316;0;0,3;0,3;0;0;0;439,04;439,04
23/09/2026 17:26:43;31/08/2026;01/08/2026;31/08/2026;20;E;123;117;155562;163343,13;146562,37;4303,59;146,35;7731;7728;3;0;0;0;0;0;214,65;146347,72;94,08;99;5894,01;107;104;105,05;439,04316;M;72;FRANBA;0;18;5;27,78;0;0;1000,8;667,95;0;667,95;66,74;0;15;7;0;7;46,67;0;0;7781,13;-332,85;146,35;0;1818,75316;1277,73316;0;0,3;0,3;0;0;0;439,04;439,04
23/09/2026 17:26:43;31/08/2026;01/08/2026;31/08/2026;20;E;123;117;155562;163343,13;146562,37;4303,59;146,35;7731;7728;3;0;0;0;0;0;214,65;146347,72;94,08;99;5894,01;107;104;105,05;439,04316;M;65;MATUTA;0;32;1;3,13;0;0;3408,88;314,36;0;314,36;9,22;0;28;4;0;4;14,29;0;0;7781,13;-3094,52;146,35;0;1818,75316;1277,73316;0;0,3;0,3;0;0;0;439,04;439,04
23/09/2026 17:26:43;31/08/2026;01/08/2026;31/08/2026;20;E;123;117;155562;163343,13;146562,37;4303,59;146,35;7731;7728;3;0;0;0;0;0;214,65;146347,72;94,08;99;5894,01;107;104;105,05;439,04316;M;66;COCO SHOW;0;10;7;70;0;0;3031,65;986,02;0;986,02;32,52;0;123;78;0;78;63,41;0;0;7781,13;-2045,63;146,35;0;1818,75316;1277,73316;0;0,3;0,3;0;0;0;439,04;439,04
23/09/2026 17:26:43;31/08/2026;01/08/2026;31/08/2026;6;E;130;115;59293;89094,94;89582,96;1384,18;237,56;3030;2704;326;0;0;0;0;0;10395,94;79187,02;133,55;98;16099,83;60;60;61,22;0;M;2;MARILAN;0;48;54;112,5;146,89;0;25603;55915,19;6953,44;48961,75;191,23;0;608;2196;248;1948;320,39;58,75;73,44;29801,94;23358,75;237,56;220,33;789,46;670,28;0,3;0;0;0;0;0;0;0
23/09/2026 17:26:43;31/08/2026;01/08/2026;31/08/2026;6;E;130;115;59293;89094,94;89582,96;1384,18;237,56;3030;2704;326;0;0;0;0;0;10395,94;79187,02;133,55;98;16099,83;60;60;61,22;0;M;13;COPRA;0;29;29;100;130,81;0;17700;18437,26;2086,3;16350,96;92,38;0;672;675;45;630;93,75;21,26;32,7;29801,94;-1349,04;237,56;163,51;789,46;670,28;0,3;0;0;0;0;0;0;0
23/09/2026 17:26:43;31/08/2026;01/08/2026;31/08/2026;19;E;445;79;76240;62025,14;45391,39;888,92;0;1670;1631;39;0;0;0;0;0;1900,06;43491,33;57,05;67;1920,02;51;35;52,24;0;M;72;FRANBA;0;10;3;30;0;0;1000;284,19;82,55;201,64;20,16;0;10;3;1;2;20;0;0;-14214,86;-798,36;0;0;137,36;83,22;0;0;0;0;0;0;0;0
23/09/2026 17:26:43;31/08/2026;01/08/2026;31/08/2026;19;E;445;79;76240;62025,14;45391,39;888,92;0;1670;1631;39;0;0;0;0;0;1900,06;43491,33;57,05;67;1920,02;51;35;52,24;0;M;15;QUEIJOS LELO;0;10;2;20;0;0;633,94;402,44;0;402,44;63,48;0;10;3;0;3;30;0;0;-14214,86;-231,5;0;0;137,36;83,22;0;0;0;0;0;0;0;0
23/09/2026 17:26:43;31/08/2026;01/08/2026;31/08/2026;19;E;445;79;76240;62025,14;45391,39;888,92;0;1670;1631;39;0;0;0;0;0;1900,06;43491,33;57,05;67;1920,02;51;35;52,24;0;M;60;RICLAN;0;19;11;57,89;0;0;1000,11;1819,46;0;1819,46;181,93;0;125;139;0;139;111,2;6,91;9,1;-14214,86;819,35;0;9,1;137,36;83,22;0;0;0;0;0;0;0;0
23/09/2026 17:26:43;31/08/2026;01/08/2026;31/08/2026;19;E;445;79;76240;62025,14;45391,39;888,92;0;1670;1631;39;0;0;0;0;0;1900,06;43491,33;57,05;67;1920,02;51;35;52,24;0;M;47;SOFFIE;0;10;;;0;0;1117,85;;0;0;0;0;28;;;;0;0;0;-14214,86;-1117,85;0;0;137,36;83,22;0;0;0;0;0;0;0;0
23/09/2026 17:26:43;31/08/2026;01/08/2026;31/08/2026;19;E;445;79;76240;62025,14;45391,39;888,92;0;1670;1631;39;0;0;0;0;0;1900,06;43491,33;57,05;67;1920,02;51;35;52,24;0;M;74;BRAVA;0;6;3;50;0;0;4691,24;699,14;0;699,14;14,9;0;39;11;0;11;28,21;0;0;-14214,86;-3992,1;0;0;137,36;83,22;0;0;0;0;0;0;0;0
23/09/2026 17:26:43;31/08/2026;01/08/2026;31/08/2026;19;E;445;79;76240;62025,14;45391,39;888,92;0;1670;1631;39;0;0;0;0;0;1900,06;43491,33;57,05;67;1920,02;51;35;52,24;0;M;51;GUANABARA;0;9;;;0;0;1000,17;;0;0;0;0;9;;;;0;0;0;-14214,86;-1000,17;0;0;137,36;83,22;0;0;0;0;0;0;0;0
23/09/2026 17:26:43;31/08/2026;01/08/2026;31/08/2026;19;E;445;79;76240;62025,14;45391,39;888,92;0;1670;1631;39;0;0;0;0;0;1900,06;43491,33;57,05;67;1920,02;51;35;52,24;0;M;61;DAVENE;0;10;2;20;0;0;1000;21,96;0;21,96;2,2;0;26;6;0;6;23,08;0;0;-14214,86;-978,04;0;0;137,36;83,22;0;0;0;0;0;0;0;0
23/09/2026 17:26:43;31/08/2026;01/08/2026;31/08/2026;19;E;445;79;76240;62025,14;45391,39;888,92;0;1670;1631;39;0;0;0;0;0;1900,06;43491,33;57,05;67;1920,02;51;35;52,24;0;M;66;COCO SHOW;0;9;7;77,78;0;0;1000;502,31;0;502,31;50,23;0;9;24;0;24;266,67;1,56;0;-14214,86;-497,69;0;0;137,36;83,22;0;0;0;0;0;0;0;0
23/09/2026 17:26:43;31/08/2026;01/08/2026;31/08/2026;19;E;445;79;76240;62025,14;45391,39;888,92;0;1670;1631;39;0;0;0;0;0;1900,06;43491,33;57,05;67;1920,02;51;35;52,24;0;M;82;ZICO;0;10;1;10;0;0;1000;170;0;170;17;0;10;1;0;1;10;0;0;-14214,86;-830;0;0;137,36;83,22;0;0;0;0;0;0;0;0
23/09/2026 17:26:43;31/08/2026;01/08/2026;31/08/2026;19;E;445;79;76240;62025,14;45391,39;888,92;0;1670;1631;39;0;0;0;0;0;1900,06;43491,33;57,05;67;1920,02;51;35;52,24;0;M;20;CATAFESTA;0;7;;;0;0;257,5;;0;0;0;0;10;;;;0;0;0;-14214,86;-257,5;0;0;137,36;83,22;0;0;0;0;0;0;0;0
23/09/2026 17:26:43;31/08/2026;01/08/2026;31/08/2026;19;E;445;79;76240;62025,14;45391,39;888,92;0;1670;1631;39;0;0;0;0;0;1900,06;43491,33;57,05;67;1920,02;51;35;52,24;0;M;81;TOP CAU;0;10;;;0;0;1036,63;;0;0;0;0;10;;;;0;0;0;-14214,86;-1036,63;0;0;137,36;83,22;0;0;0;0;0;0;0;0
23/09/2026 17:26:43;31/08/2026;01/08/2026;31/08/2026;19;E;445;79;76240;62025,14;45391,39;888,92;0;1670;1631;39;0;0;0;0;0;1900,06;43491,33;57,05;67;1920,02;51;35;52,24;0;M;69;GAMELEIRA;0;10;4;40;0;0;1000;667,7;0;667,7;66,77;0;9;13;0;13;144,44;2,54;0;-14214,86;-332,3;0;0;137,36;83,22;0;0;0;0;0;0;0;0
23/09/2026 17:26:43;31/08/2026;01/08/2026;31/08/2026;19;E;445;79;76240;62025,14;45391,39;888,92;0;1670;1631;39;0;0;0;0;0;1900,06;43491,33;57,05;67;1920,02;51;35;52,24;0;M;65;MATUTA;0;8;1;12,5;0;0;1000;1983,89;0;1983,89;198,39;0;10;37;0;37;370;7,54;9,92;-14214,86;983,89;0;9,92;137,36;83,22;0;0;0;0;0;0;0;0
23/09/2026 17:26:43;31/08/2026;01/08/2026;31/08/2026;19;E;445;79;76240;62025,14;45391,39;888,92;0;1670;1631;39;0;0;0;0;0;1900,06;43491,33;57,05;67;1920,02;51;35;52,24;0;M;63;BRACELL;0;7;3;42,86;0;0;1000;583,58;0;583,58;58,36;0;21;21;0;21;100;1,81;0;-14214,86;-416,42;0;0;137,36;83,22;0;0;0;0;0;0;0;0
23/09/2026 17:26:43;31/08/2026;01/08/2026;31/08/2026;19;E;445;79;76240;62025,14;45391,39;888,92;0;1670;1631;39;0;0;0;0;0;1900,06;43491,33;57,05;67;1920,02;51;35;52,24;0;M;13;COPRA;0;15;11;73,33;0;0;11711,3;1668,43;0;1668,43;14,25;0;205;40;0;40;19,51;0;0;-14214,86;-10042,87;0;0;137,36;83,22;0;0;0;0;0;0;0;0
23/09/2026 17:26:43;31/08/2026;01/08/2026;31/08/2026;19;E;445;79;76240;62025,14;45391,39;888,92;0;1670;1631;39;0;0;0;0;0;1900,06;43491,33;57,05;67;1920,02;51;35;52,24;0;M;59;CASA SUICA;0;8;1;12,5;0;0;1000,42;123,16;0;123,16;12,31;0;18;3;0;3;16,67;0;0;-14214,86;-877,26;0;0;137,36;83,22;0;0;0;0;0;0;0;0
23/09/2026 17:26:43;31/08/2026;01/08/2026;31/08/2026;19;E;445;79;76240;62025,14;45391,39;888,92;0;1670;1631;39;0;0;0;0;0;1900,06;43491,33;57,05;67;1920,02;51;35;52,24;0;M;52;GREEN;0;10;1;10;0;0;1000;131,62;0;131,62;13,16;0;10;2;0;2;20;0;0;-14214,86;-868,38;0;0;137,36;83,22;0;0;0;0;0;0;0;0
23/09/2026 17:26:43;31/08/2026;01/08/2026;31/08/2026;19;E;445;79;76240;62025,14;45391,39;888,92;0;1670;1631;39;0;0;0;0;0;1900,06;43491,33;57,05;67;1920,02;51;35;52,24;0;M;83;ROBINSON CRUSOE;0;10;;;0;0;1000;;0;0;0;0;10;;;;0;0;0;-14214,86;-1000;0;0;137,36;83,22;0;0;0;0;0;0;0;0
23/09/2026 17:26:43;31/08/2026;01/08/2026;31/08/2026;19;E;455;65;118847;83855,9;83528,91;1580,81;0;2692;2625;67;0;0;0;0;0;2811,05;80717,86;67,92;55;2424,01;34;35;63,64;0;M;1;JAV;0;42;27;64,29;0;0;51599,59;28403,85;1218,61;27185,24;52,68;0;1500;909;32;877;58,47;0;0;-34991,1;-24414,35;0;0;535,02;300,67;0;0,2;0;0;0;0;161,44;161,44
23/09/2026 17:26:43;31/08/2026;01/08/2026;31/08/2026;19;E;455;65;118847;83855,9;83528,91;1580,81;0;2692;2625;67;0;0;0;0;0;2811,05;80717,86;67,92;55;2424,01;34;35;63,64;0;M;6;SOL BEBIDAS;0;13;4;30,77;0;0;2809,38;2478,95;36,88;2442,07;86,93;0;15;46;1;45;300;9,28;6,11;-34991,1;-367,31;0;6,11;535,02;300,67;0;0,2;0;0;0;0;161,44;161,44
23/09/2026 17:26:43;31/08/2026;01/08/2026;31/08/2026;19;E;455;65;118847;83855,9;83528,91;1580,81;0;2692;2625;67;0;0;0;0;0;2811,05;80717,86;67,92;55;2424,01;34;35;63,64;0;M;13;COPRA;0;15;20;133,33;76,1;0;4617,28;9801,51;288,5;9513,01;206,03;0;99;159;3;156;157,58;29,49;38,05;-34991,1;4895,73;0;114,15;535,02;300,67;0;0,2;0;0;0;0;161,44;161,44
23/09/2026 17:26:43;31/08/2026;01/08/2026;31/08/2026;19;E;455;65;118847;83855,9;83528,91;1580,81;0;2692;2625;67;0;0;0;0;0;2811,05;80717,86;67,92;55;2424,01;34;35;63,64;0;M;53;CASAKM;0;10;14;140;85,38;0;3000;10804,7;132,38;10672,32;355,74;0;0;304;1;303;;0;42,69;-34991,1;7672,32;0;128,07;535,02;300,67;0;0,2;0;0;0;0;161,44;161,44
23/09/2026 17:26:43;31/08/2026;01/08/2026;31/08/2026;19;E;455;65;118847;83855,9;83528,91;1580,81;0;2692;2625;67;0;0;0;0;0;2811,05;80717,86;67,92;55;2424,01;34;35;63,64;0;M;60;RICLAN;0;1;3;300;4,12;0;1000;382,6;65,92;316,68;31,67;0;120;15;2;13;10,83;0;0;-34991,1;-683,32;0;4,12;535,02;300,67;0;0,2;0;0;0;0;161,44;161,44
23/09/2026 17:26:43;31/08/2026;01/08/2026;31/08/2026;19;E;455;65;118847;83855,9;83528,91;1580,81;0;2692;2625;67;0;0;0;0;0;2811,05;80717,86;67,92;55;2424,01;34;35;63,64;0;M;66;COCO SHOW;0;21;6;28,57;0;0;11835,06;3808,51;1068,76;2739,75;23,15;0;205;100;28;72;35,12;0;0;-34991,1;-9095,31;0;0;535,02;300,67;0;0,2;0;0;0;0;161,44;161,44
23/09/2026 17:26:43;31/08/2026;01/08/2026;31/08/2026;19;E;455;65;118847;83855,9;83528,91;1580,81;0;2692;2625;67;0;0;0;0;0;2811,05;80717,86;67,92;55;2424,01;34;35;63,64;0;M;51;GUANABARA;0;10;;;0;0;1000;;0;0;0;0;10;;;;0;0;0;-34991,1;-1000;0;0;535,02;300,67;0;0,2;0;0;0;0;161,44;161,44
23/09/2026 17:26:43;31/08/2026;01/08/2026;31/08/2026;19;E;455;65;118847;83855,9;83528,91;1580,81;0;2692;2625;67;0;0;0;0;0;2811,05;80717,86;67,92;55;2424,01;34;35;63,64;0;M;20;CATAFESTA;0;10;;;0;0;1000;;0;0;0;0;10;;;;0;0;0;-34991,1;-1000;0;0;535,02;300,67;0;0,2;0;0;0;0;161,44;161,44
23/09/2026 17:26:43;31/08/2026;01/08/2026;31/08/2026;19;E;455;65;118847;83855,9;83528,91;1580,81;0;2692;2625;67;0;0;0;0;0;2811,05;80717,86;67,92;55;2424,01;34;35;63,64;0;M;15;QUEIJOS LELO;0;10;;;0;0;1000;;0;0;0;0;10;;;;0;0;0;-34991,1;-1000;0;0;535,02;300,67;0;0,2;0;0;0;0;161,44;161,44
23/09/2026 17:26:43;31/08/2026;01/08/2026;31/08/2026;19;E;455;65;118847;83855,9;83528,91;1580,81;0;2692;2625;67;0;0;0;0;0;2811,05;80717,86;67,92;55;2424,01;34;35;63,64;0;M;65;MATUTA;0;12;;;0;0;2142,31;;0;0;0;0;12;;;;0;0;0;-34991,1;-2142,31;0;0;535,02;300,67;0;0,2;0;0;0;0;161,44;161,44
23/09/2026 17:26:43;31/08/2026;01/08/2026;31/08/2026;19;E;455;65;118847;83855,9;83528,91;1580,81;0;2692;2625;67;0;0;0;0;0;2811,05;80717,86;67,92;55;2424,01;34;35;63,64;0;M;69;GAMELEIRA;0;9;;;0;0;1000;;0;0;0;0;10;;;;0;0;0;-34991,1;-1000;0;0;535,02;300,67;0;0,2;0;0;0;0;161,44;161,44
23/09/2026 17:26:43;31/08/2026;01/08/2026;31/08/2026;19;E;455;65;118847;83855,9;83528,91;1580,81;0;2692;2625;67;0;0;0;0;0;2811,05;80717,86;67,92;55;2424,01;34;35;63,64;0;M;59;CASA SUICA;0;4;;;0;0;1000;;0;0;0;0;10;;;;0;0;0;-34991,1;-1000;0;0;535,02;300,67;0;0,2;0;0;0;0;161,44;161,44
23/09/2026 17:26:43;31/08/2026;01/08/2026;31/08/2026;6;E;130;115;59293;89094,94;89582,96;1384,18;237,56;3030;2704;326;0;0;0;0;0;10395,94;79187,02;133,55;98;16099,83;60;60;61,22;0;M;18;SABORELLE - RACAO;0;13;11;84,62;0;0;7363;5784,77;692,48;5092,29;69,16;0;31;34;4;30;96,77;6,62;0;29801,94;-2270,71;237,56;0;789,46;670,28;0,3;0;0;0;0;0;0;0
23/09/2026 17:26:43;31/08/2026;01/08/2026;31/08/2026;6;E;130;115;59293;89094,94;89582,96;1384,18;237,56;3030;2704;326;0;0;0;0;0;10395,94;79187,02;133,55;98;16099,83;60;60;61,22;0;M;83;ROBINSON CRUSOE;0;15;12;80;0;0;2500;3274,83;0;3274,83;130,99;0;15;27;0;27;180;12,44;26,2;29801,94;774,83;237,56;26,2;789,46;670,28;0,3;0;0;0;0;0;0;0
23/09/2026 17:26:43;31/08/2026;01/08/2026;31/08/2026;6;E;130;115;59293;89094,94;89582,96;1384,18;237,56;3030;2704;326;0;0;0;0;0;10395,94;79187,02;133,55;98;16099,83;60;60;61,22;0;M;72;FRANBA;0;11;3;27,27;0;0;1500;328,55;0;328,55;21,9;0;9;4;0;4;44,44;0;0;29801,94;-1171,45;237,56;0;789,46;670,28;0,3;0;0;0;0;0;0;0
23/09/2026 17:26:43;31/08/2026;01/08/2026;31/08/2026;6;E;130;115;59293;89094,94;89582,96;1384,18;237,56;3030;2704;326;0;0;0;0;0;10395,94;79187,02;133,55;98;16099,83;60;60;61,22;0;M;59;CASA SUICA;0;19;;;0;0;2198;;0;0;0;0;15;;;;0;0;0;29801,94;-2198;237,56;0;789,46;670,28;0,3;0;0;0;0;0;0;0
23/09/2026 17:26:43;31/08/2026;01/08/2026;31/08/2026;6;E;130;115;59293;89094,94;89582,96;1384,18;237,56;3030;2704;326;0;0;0;0;0;10395,94;79187,02;133,55;98;16099,83;60;60;61,22;0;M;6;SOL BEBIDAS;0;17;7;41,18;0;0;1500;754,8;0;754,8;50,32;0;14;16;0;16;114,29;2,87;0;29801,94;-745,2;237,56;0;789,46;670,28;0,3;0;0;0;0;0;0;0
23/09/2026 17:26:43;31/08/2026;01/08/2026;31/08/2026;6;E;130;115;59293;89094,94;89582,96;1384,18;237,56;3030;2704;326;0;0;0;0;0;10395,94;79187,02;133,55;98;16099,83;60;60;61,22;0;M;51;GUANABARA;0;14;11;78,57;0;0;929;4536,19;0;4536,19;488,29;0;25;33;0;33;132;17,24;22,68;29801,94;3607,19;237,56;22,68;789,46;670,28;0,3;0;0;0;0;0;0;0
23/09/2026 17:26:43;31/08/2026;01/08/2026;31/08/2026;6;E;142;88;83484,87;175208,25;161186,83;5476,28;480,26;6764;6718;46;0;0;0;0;0;1098,61;160088,22;191,76;75;2873,68;69;70;93,33;0;M;1;JAV;0;81;70;86,42;159,2;0;132663,39;123491,24;1032,82;122458,42;92,31;0;4930;3991;44;3947;80,06;0;122,46;91723,38;-10204,97;480,26;281,66;1362,44;871,27;0,3;0,3;0;0;0;0;480,26;480,26
23/09/2026 17:26:43;31/08/2026;01/08/2026;31/08/2026;6;E;142;88;83484,87;175208,25;161186,83;5476,28;480,26;6764;6718;46;0;0;0;0;0;1098,61;160088,22;191,76;75;2873,68;69;70;93,33;0;M;6;SOL BEBIDAS;0;7;10;142,86;8,13;0;1546,56;662,22;36,79;625,43;40,44;0;10;19;1;18;180;2,38;0;91723,38;-921,13;480,26;8,13;1362,44;871,27;0,3;0,3;0;0;0;0;480,26;480,26
23/09/2026 17:26:43;31/08/2026;01/08/2026;31/08/2026;6;E;142;88;83484,87;175208,25;161186,83;5476,28;480,26;6764;6718;46;0;0;0;0;0;1098,61;160088,22;191,76;75;2873,68;69;70;93,33;0;M;74;BRAVA;0;2;2;100;0,68;0;873,58;81,6;29;52,6;6,02;0;6;3;1;2;33,33;0;0;91723,38;-820,98;480,26;0,68;1362,44;871,27;0,3;0,3;0;0;0;0;480,26;480,26
23/09/2026 17:26:43;31/08/2026;01/08/2026;31/08/2026;6;E;142;88;83484,87;175208,25;161186,83;5476,28;480,26;6764;6718;46;0;0;0;0;0;1098,61;160088,22;191,76;75;2873,68;69;70;93,33;0;M;72;FRANBA;0;8;4;50;0;0;1016;729,42;0;729,42;71,79;0;6;8;0;8;133,33;2,77;0;91723,38;-286,58;480,26;0;1362,44;871,27;0,3;0,3;0;0;0;0;480,26;480,26
23/09/2026 17:26:43;31/08/2026;01/08/2026;31/08/2026;6;E;142;88;83484,87;175208,25;161186,83;5476,28;480,26;6764;6718;46;0;0;0;0;0;1098,61;160088,22;191,76;75;2873,68;69;70;93,33;0;M;61;DAVENE;0;10;;;0;0;1055,5;;0;0;0;0;89;;;;0;0;0;91723,38;-1055,5;480,26;0;1362,44;871,27;0,3;0,3;0;0;0;0;480,26;480,26
23/09/2026 17:26:43;31/08/2026;01/08/2026;31/08/2026;6;E;142;88;83484,87;175208,25;161186,83;5476,28;480,26;6764;6718;46;0;0;0;0;0;1098,61;160088,22;191,76;75;2873,68;69;70;93,33;0;M;65;MATUTA;0;8;1;12,5;0;0;2000;77,57;0;77,57;3,88;0;7;1;0;1;14,29;0;0;91723,38;-1922,43;480,26;0;1362,44;871,27;0,3;0,3;0;0;0;0;480,26;480,26
23/09/2026 17:26:43;31/08/2026;01/08/2026;31/08/2026;6;E;142;88;83484,87;175208,25;161186,83;5476,28;480,26;6764;6718;46;0;0;0;0;0;1098,61;160088,22;191,76;75;2873,68;69;70;93,33;0;M;83;ROBINSON CRUSOE;0;19;6;31,58;0;0;9326,57;2508,36;0;2508,36;26,89;0;97;21;0;21;21,65;0;0;91723,38;-6818,21;480,26;0;1362,44;871,27;0,3;0,3;0;0;0;0;480,26;480,26
23/09/2026 17:26:43;31/08/2026;01/08/2026;31/08/2026;6;E;142;88;83484,87;175208,25;161186,83;5476,28;480,26;6764;6718;46;0;0;0;0;0;1098,61;160088,22;191,76;75;2873,68;69;70;93,33;0;M;44;JDE;0;57;44;77,19;0;0;175985,02;158087,24;0;158087,24;89,83;0;2563;2168;0;2168;84,59;0;79,04;91723,38;-17897,78;480,26;79,04;1362,44;871,27;0,3;0,3;0;0;0;0;480,26;480,26
23/09/2026 17:26:43;31/08/2026;01/08/2026;31/08/2026;6;E;142;88;83484,87;175208,25;161186,83;5476,28;480,26;6764;6718;46;0;0;0;0;0;1098,61;160088,22;191,76;75;2873,68;69;70;93,33;0;M;63;BRACELL;0;23;12;52,17;0;0;11298,14;6589,14;0;6589,14;58,32;0;426;170;0;170;39,91;0;0;91723,38;-4709;480,26;0;1362,44;871,27;0,3;0,3;0;0;0;0;480,26;480,26
23/09/2026 17:26:43;31/08/2026;01/08/2026;31/08/2026;6;E;142;88;83484,87;175208,25;161186,83;5476,28;480,26;6764;6718;46;0;0;0;0;0;1098,61;160088,22;191,76;75;2873,68;69;70;93,33;0;M;69;GAMELEIRA;0;9;8;88,89;8,19;0;3428,05;1516,83;0;1516,83;44,25;0;22;28;0;28;127,27;5,76;0;91723,38;-1911,22;480,26;8,19;1362,44;871,27;0,3;0,3;0;0;0;0;480,26;480,26
23/09/2026 17:26:43;31/08/2026;01/08/2026;31/08/2026;6;E;142;88;83484,87;175208,25;161186,83;5476,28;480,26;6764;6718;46;0;0;0;0;0;1098,61;160088,22;191,76;75;2873,68;69;70;93,33;0;M;66;COCO SHOW;0;22;18;81,82;0;0;6080,2;3950,01;0;3950,01;64,97;0;347;194;0;194;55,91;0;0;91723,38;-2130,19;480,26;0;1362,44;871,27;0,3;0,3;0;0;0;0;480,26;480,26
23/09/2026 17:26:43;31/08/2026;01/08/2026;31/08/2026;6;E;142;88;83484,87;175208,25;161186,83;5476,28;480,26;6764;6718;46;0;0;0;0;0;1098,61;160088,22;191,76;75;2873,68;69;70;93,33;0;M;52;GREEN;0;10;9;90;13,31;0;5633,41;2465,2;0;2465,2;43,76;0;81;32;0;32;39,51;0;0;91723,38;-3168,21;480,26;13,31;1362,44;871,27;0,3;0,3;0;0;0;0;480,26;480,26
23/09/2026 17:26:43;31/08/2026;01/08/2026;31/08/2026;6;B;146;88;78568,56;144755,32;184013,49;6421,62;550,41;4556;4551;5;0;0;0;0;0;545,15;183468,34;233,51;75;1815,65;59;60;80;0;M;2;MARILAN;0;54;46;85,19;153,69;0;85599,15;118235,2;13,67;118221,53;138,11;0;1645;2950;1;2949;179,27;141,87;236,44;66186,76;32622,38;550,41;390,13;2180,09;1356,96;0,3;0,3;0;0;0;0;550,41;550,41
23/09/2026 17:26:43;31/08/2026;01/08/2026;31/08/2026;6;B;146;88;78568,56;144755,32;184013,49;6421,62;550,41;4556;4551;5;0;0;0;0;0;545,15;183468,34;233,51;75;1815,65;59;60;80;0;M;18;SABORELLE - RACAO;0;22;17;77,27;0;0;9104,75;10270,56;364,64;9905,92;108,8;0;190;91;2;89;46,84;0;51,51;66186,76;801,17;550,41;51,51;2180,09;1356,96;0,3;0,3;0;0;0;0;550,41;550,41
23/09/2026 17:26:43;31/08/2026;01/08/2026;31/08/2026;6;B;146;88;78568,56;144755,32;184013,49;6421,62;550,41;4556;4551;5;0;0;0;0;0;545,15;183468,34;233,51;75;1815,65;59;60;80;0;M;53;CASAKM;0;39;38;97,44;114,81;0;32259,17;34957,71;166,84;34790,87;107,85;0;673;691;2;689;102,38;107,85;180,91;66186,76;2531,7;550,41;295,72;2180,09;1356,96;0,3;0,3;0;0;0;0;550,41;550,41
23/09/2026 17:26:43;31/08/2026;01/08/2026;31/08/2026;6;B;146;88;78568,56;144755,32;184013,49;6421,62;550,41;4556;4551;5;0;0;0;0;0;545,15;183468,34;233,51;75;1815,65;59;60;80;0;M;20;CATAFESTA;0;10;;;0;0;1920,78;;0;0;0;0;19;;;;0;0;0;66186,76;-1920,78;550,41;0;2180,09;1356,96;0,3;0,3;0;0;0;0;550,41;550,41
23/09/2026 17:26:43;31/08/2026;01/08/2026;31/08/2026;6;B;146;88;78568,56;144755,32;184013,49;6421,62;550,41;4556;4551;5;0;0;0;0;0;545,15;183468,34;233,51;75;1815,65;59;60;80;0;M;60;RICLAN;0;35;32;91,43;27,03;0;5509,4;5005,56;0;5005,56;90,85;0;366;315;0;315;86,07;8,01;16,52;66186,76;-503,84;550,41;43,55;2180,09;1356,96;0,3;0,3;0;0;0;0;550,41;550,41
23/09/2026 17:26:43;31/08/2026;01/08/2026;31/08/2026;6;B;146;88;78568,56;144755,32;184013,49;6421,62;550,41;4556;4551;5;0;0;0;0;0;545,15;183468,34;233,51;75;1815,65;59;60;80;0;M;74;BRAVA;0;9;7;77,78;0;0;1297,65;432,22;0;432,22;33,31;0;13;9;0;9;69,23;0;0;66186,76;-865,43;550,41;0;2180,09;1356,96;0,3;0,3;0;0;0;0;550,41;550,41
23/09/2026 17:26:43;31/08/2026;01/08/2026;31/08/2026;6;B;146;88;78568,56;144755,32;184013,49;6421,62;550,41;4556;4551;5;0;0;0;0;0;545,15;183468,34;233,51;75;1815,65;59;60;80;0;M;82;ZICO;0;7;;;0;0;1000;;0;0;0;0;12;;;;0;0;0;66186,76;-1000;550,41;0;2180,09;1356,96;0,3;0,3;0;0;0;0;550,41;550,41
23/09/2026 17:26:43;31/08/2026;01/08/2026;31/08/2026;6;B;146;88;78568,56;144755,32;184013,49;6421,62;550,41;4556;4551;5;0;0;0;0;0;545,15;183468,34;233,51;75;1815,65;59;60;80;0;M;47;SOFFIE;0;7;;;0;0;1151,99;;0;0;0;0;46;;;;0;0;0;66186,76;-1151,99;550,41;0;2180,09;1356,96;0,3;0,3;0;0;0;0;550,41;550,41
23/09/2026 17:26:43;31/08/2026;01/08/2026;31/08/2026;6;B;146;88;78568,56;144755,32;184013,49;6421,62;550,41;4556;4551;5;0;0;0;0;0;545,15;183468,34;233,51;75;1815,65;59;60;80;0;M;51;GUANABARA;0;10;2;20;0;0;2743,92;664,51;0;664,51;24,22;0;24;5;0;5;20,83;0;0;66186,76;-2079,41;550,41;0;2180,09;1356,96;0,3;0,3;0;0;0;0;550,41;550,41
23/09/2026 17:26:43;31/08/2026;01/08/2026;31/08/2026;6;B;146;88;78568,56;144755,32;184013,49;6421,62;550,41;4556;4551;5;0;0;0;0;0;545,15;183468,34;233,51;75;1815,65;59;60;80;0;M;59;CASA SUICA;0;16;;;0;0;1294,11;;0;0;0;0;18;;;;0;0;0;66186,76;-1294,11;550,41;0;2180,09;1356,96;0,3;0,3;0;0;0;0;550,41;550,41
23/09/2026 17:26:43;31/08/2026;01/08/2026;31/08/2026;19;E;455;65;118847;83855,9;83528,91;1580,81;0;2692;2625;67;0;0;0;0;0;2811,05;80717,86;67,92;55;2424,01;34;35;63,64;0;M;47;SOFFIE;0;10;;;0;0;1000;;0;0;0;0;12;;;;0;0;0;-34991,1;-1000;0;0;535,02;300,67;0;0,2;0;0;0;0;161,44;161,44
23/09/2026 17:26:43;31/08/2026;01/08/2026;31/08/2026;19;E;455;65;118847;83855,9;83528,91;1580,81;0;2692;2625;67;0;0;0;0;0;2811,05;80717,86;67,92;55;2424,01;34;35;63,64;0;M;18;SABORELLE - RACAO;0;10;;;0;0;1000;;0;0;0;0;10;;;;0;0;0;-34991,1;-1000;0;0;535,02;300,67;0;0,2;0;0;0;0;161,44;161,44
23/09/2026 17:26:43;31/08/2026;01/08/2026;31/08/2026;19;E;455;65;118847;83855,9;83528,91;1580,81;0;2692;2625;67;0;0;0;0;0;2811,05;80717,86;67,92;55;2424,01;34;35;63,64;0;M;72;FRANBA;0;10;;;0;0;1431,31;;0;0;0;0;10;;;;0;0;0;-34991,1;-1431,31;0;0;535,02;300,67;0;0,2;0;0;0;0;161,44;161,44
23/09/2026 17:26:43;31/08/2026;01/08/2026;31/08/2026;19;E;455;65;118847;83855,9;83528,91;1580,81;0;2692;2625;67;0;0;0;0;0;2811,05;80717,86;67,92;55;2424,01;34;35;63,64;0;M;74;BRAVA;0;10;1;10;0;0;1000;35,4;0;35,4;3,54;0;20;1;0;1;5;0;0;-34991,1;-964,6;0;0;535,02;300,67;0;0,2;0;0;0;0;161,44;161,44
23/09/2026 17:26:43;31/08/2026;01/08/2026;31/08/2026;19;E;455;65;118847;83855,9;83528,91;1580,81;0;2692;2625;67;0;0;0;0;0;2811,05;80717,86;67,92;55;2424,01;34;35;63,64;0;M;82;ZICO;0;10;;;0;0;1000;;0;0;0;0;10;;;;0;0;0;-34991,1;-1000;0;0;535,02;300,67;0;0,2;0;0;0;0;161,44;161,44
23/09/2026 17:26:43;31/08/2026;01/08/2026;31/08/2026;19;E;455;65;118847;83855,9;83528,91;1580,81;0;2692;2625;67;0;0;0;0;0;2811,05;80717,86;67,92;55;2424,01;34;35;63,64;0;M;83;ROBINSON CRUSOE;0;11;;;0;0;5429,61;;0;0;0;0;19;;;;0;0;0;-34991,1;-5429,61;0;0;535,02;300,67;0;0,2;0;0;0;0;161,44;161,44
23/09/2026 17:26:43;31/08/2026;01/08/2026;31/08/2026;19;E;455;65;118847;83855,9;83528,91;1580,81;0;2692;2625;67;0;0;0;0;0;2811,05;80717,86;67,92;55;2424,01;34;35;63,64;0;M;52;GREEN;0;10;2;20;0;0;1000,29;1523,31;0;1523,31;152,29;0;12;18;0;18;150;5,79;7,62;-34991,1;523,02;0;7,62;535,02;300,67;0;0,2;0;0;0;0;161,44;161,44
23/09/2026 17:26:43;31/08/2026;01/08/2026;31/08/2026;19;E;455;65;118847;83855,9;83528,91;1580,81;0;2692;2625;67;0;0;0;0;0;2811,05;80717,86;67,92;55;2424,01;34;35;63,64;0;M;44;JDE;0;30;17;56,67;0;0;49396,51;17207,21;0;17207,21;34,83;0;1108;603;0;603;54,42;0;0;-34991,1;-32189,3;0;0;535,02;300,67;0;0,2;0;0;0;0;161,44;161,44
23/09/2026 17:26:43;31/08/2026;01/08/2026;31/08/2026;19;E;455;65;118847;83855,9;83528,91;1580,81;0;2692;2625;67;0;0;0;0;0;2811,05;80717,86;67,92;55;2424,01;34;35;63,64;0;M;2;MARILAN;0;19;15;78,95;0;0;20000;23628,95;0;23628,95;118,14;0;233;477;0;477;204,72;28,35;35,44;-34991,1;3628,95;0;35,44;535,02;300,67;0;0,2;0;0;0;0;161,44;161,44
23/09/2026 17:26:43;31/08/2026;01/08/2026;31/08/2026;19;E;455;65;118847;83855,9;83528,91;1580,81;0;2692;2625;67;0;0;0;0;0;2811,05;80717,86;67,92;55;2424,01;34;35;63,64;0;M;81;TOP CAU;0;10;;;0;0;1000;;0;0;0;0;12;;;;0;0;0;-34991,1;-1000;0;0;535,02;300,67;0;0,2;0;0;0;0;161,44;161,44
23/09/2026 17:26:43;31/08/2026;01/08/2026;31/08/2026;19;E;455;65;118847;83855,9;83528,91;1580,81;0;2692;2625;67;0;0;0;0;0;2811,05;80717,86;67,92;55;2424,01;34;35;63,64;0;M;61;DAVENE;0;9;3;33,33;0;0;1000;82,05;0;82,05;8,21;0;33;21;0;21;63,64;0;0;-34991,1;-917,95;0;0;535,02;300,67;0;0,2;0;0;0;0;161,44;161,44
23/09/2026 17:26:43;31/08/2026;01/08/2026;31/08/2026;19;E;455;65;118847;83855,9;83528,91;1580,81;0;2692;2625;67;0;0;0;0;0;2811,05;80717,86;67,92;55;2424,01;34;35;63,64;0;M;63;BRACELL;0;9;3;33,33;0;0;2982,51;2579,08;0;2579,08;86,47;0;52;39;0;39;75;0;5,16;-34991,1;-403,43;0;5,16;535,02;300,67;0;0,2;0;0;0;0;161,44;161,44
23/09/2026 17:26:43;31/08/2026;01/08/2026;31/08/2026;20;E;457;83;127493;121440,52;121440,52;2395,63;116,8;5827;5702;125;0;0;0;0;0;4643,64;116796,88;91,61;71;3530,02;66;66;92,96;0;M;1;JAV;0;55;46;83,64;0;0;45323,82;35610,05;4263,42;31346,63;69,16;0;1667;1282;120;1162;69,71;0;0;-6052,48;-13977,19;116,8;0;988,84;532,12;0;0,3;0;0;0;0;350,39;350,39
23/09/2026 17:26:43;31/08/2026;01/08/2026;31/08/2026;20;E;457;83;127493;121440,52;121440,52;2395,63;116,8;5827;5702;125;0;0;0;0;0;4643,64;116796,88;91,61;71;3530,02;66;66;92,96;0;M;18;SABORELLE - RACAO;0;8;1;12,5;0;0;1500;709,14;354,57;354,57;23,64;0;19;4;2;2;10,53;0;0;-6052,48;-1145,43;116,8;0;988,84;532,12;0;0,3;0;0;0;0;350,39;350,39
23/09/2026 17:26:43;31/08/2026;01/08/2026;31/08/2026;20;E;457;83;127493;121440,52;121440,52;2395,63;116,8;5827;5702;125;0;0;0;0;0;4643,64;116796,88;91,61;71;3530,02;66;66;92,96;0;M;60;RICLAN;0;13;6;46,15;0;0;7567,3;2140,49;25,65;2114,84;27,95;0;296;217;3;214;72,3;0;0;-6052,48;-5452,46;116,8;0;988,84;532,12;0;0,3;0;0;0;0;350,39;350,39
23/09/2026 17:26:43;31/08/2026;01/08/2026;31/08/2026;20;E;457;83;127493;121440,52;121440,52;2395,63;116,8;5827;5702;125;0;0;0;0;0;4643,64;116796,88;91,61;71;3530,02;66;66;92,96;0;M;20;CATAFESTA;0;26;;;0;0;3282,39;;0;0;0;0;0;;;;;0;0;-6052,48;-3282,39;116,8;0;988,84;532,12;0;0,3;0;0;0;0;350,39;350,39
23/09/2026 17:26:43;31/08/2026;01/08/2026;31/08/2026;20;E;457;83;127493;121440,52;121440,52;2395,63;116,8;5827;5702;125;0;0;0;0;0;4643,64;116796,88;91,61;71;3530,02;66;66;92,96;0;M;63;BRACELL;0;10;6;60;0;0;2532,59;2032,07;0;2032,07;80,24;0;14;61;0;61;435,71;6,3;0;-6052,48;-500,52;116,8;0;988,84;532,12;0;0,3;0;0;0;0;350,39;350,39
23/09/2026 17:26:43;31/08/2026;01/08/2026;31/08/2026;20;E;457;83;127493;121440,52;121440,52;2395,63;116,8;5827;5702;125;0;0;0;0;0;4643,64;116796,88;91,61;71;3530,02;66;66;92,96;0;M;69;GAMELEIRA;0;2;3;150;6,96;0;500,63;535,53;0;535,53;106,97;0;0;8;0;8;;0;3,48;-6052,48;34,9;116,8;10,44;988,84;532,12;0;0,3;0;0;0;0;350,39;350,39
23/09/2026 17:26:43;31/08/2026;01/08/2026;31/08/2026;20;E;457;83;127493;121440,52;121440,52;2395,63;116,8;5827;5702;125;0;0;0;0;0;4643,64;116796,88;91,61;71;3530,02;66;66;92,96;0;M;51;GUANABARA;0;6;1;16,67;0;0;1000,12;186,09;0;186,09;18,61;0;3;1;0;1;33,33;0;0;-6052,48;-814,03;116,8;0;988,84;532,12;0;0,3;0;0;0;0;350,39;350,39
23/09/2026 17:26:43;31/08/2026;01/08/2026;31/08/2026;20;E;457;83;127493;121440,52;121440,52;2395,63;116,8;5827;5702;125;0;0;0;0;0;4643,64;116796,88;91,61;71;3530,02;66;66;92,96;0;M;66;COCO SHOW;0;7;5;71,43;0;0;1002,75;664,98;0;664,98;66,32;0;69;32;0;32;46,38;0;0;-6052,48;-337,77;116,8;0;988,84;532,12;0;0,3;0;0;0;0;350,39;350,39
23/09/2026 17:26:43;31/08/2026;01/08/2026;31/08/2026;20;E;457;83;127493;121440,52;121440,52;2395,63;116,8;5827;5702;125;0;0;0;0;0;4643,64;116796,88;91,61;71;3530,02;66;66;92,96;0;M;2;MARILAN;0;24;23;95,83;66,07;0;42596,82;50820,75;0;50820,75;119,31;0;528;1006;0;1006;190,53;60,98;101,64;-6052,48;8223,93;116,8;167,71;988,84;532,12;0;0,3;0;0;0;0;350,39;350,39
23/09/2026 17:26:43;31/08/2026;01/08/2026;31/08/2026;20;E;457;83;127493;121440,52;121440,52;2395,63;116,8;5827;5702;125;0;0;0;0;0;4643,64;116796,88;91,61;71;3530,02;66;66;92,96;0;M;6;SOL BEBIDAS;0;5;1;20;0;0;500;247,9;0;247,9;49,58;0;10;6;0;6;60;0;0;-6052,48;-252,1;116,8;0;988,84;532,12;0;0,3;0;0;0;0;350,39;350,39
23/09/2026 17:26:43;31/08/2026;01/08/2026;31/08/2026;20;E;457;83;127493;121440,52;121440,52;2395,63;116,8;5827;5702;125;0;0;0;0;0;4643,64;116796,88;91,61;71;3530,02;66;66;92,96;0;M;83;ROBINSON CRUSOE;0;8;5;62,5;0;0;1500,3;2075,02;0;2075,02;138,31;0;18;21;0;21;116,67;7,89;22,83;-6052,48;574,72;116,8;22,83;988,84;532,12;0;0,3;0;0;0;0;350,39;350,39
23/09/2026 17:26:43;31/08/2026;01/08/2026;31/08/2026;20;E;457;83;127493;121440,52;121440,52;2395,63;116,8;5827;5702;125;0;0;0;0;0;4643,64;116796,88;91,61;71;3530,02;66;66;92,96;0;M;13;COPRA;0;24;22;91,67;22,8;0;6626,51;6909,77;0;6909,77;104,27;0;240;202;0;202;84,17;0;35,93;-6052,48;283,26;116,8;58,73;988,84;532,12;0;0,3;0;0;0;0;350,39;350,39
23/09/2026 17:26:43;31/08/2026;01/08/2026;31/08/2026;20;E;457;83;127493;121440,52;121440,52;2395,63;116,8;5827;5702;125;0;0;0;0;0;4643,64;116796,88;91,61;71;3530,02;66;66;92,96;0;M;52;GREEN;0;16;23;143,75;97,95;0;2000,19;7534,74;0;7534,74;376,7;0;63;109;0;109;173,02;28,63;48,98;-6052,48;5534,55;116,8;146,93;988,84;532,12;0;0,3;0;0;0;0;350,39;350,39
23/09/2026 17:26:43;31/08/2026;01/08/2026;31/08/2026;20;E;457;83;127493;121440,52;121440,52;2395,63;116,8;5827;5702;125;0;0;0;0;0;4643,64;116796,88;91,61;71;3530,02;66;66;92,96;0;M;53;CASAKM;0;12;8;66,67;0;0;4500,11;3190,94;0;3190,94;70,91;0;407;82;0;82;20,15;0;0;-6052,48;-1309,17;116,8;0;988,84;532,12;0;0,3;0;0;0;0;350,39;350,39
23/09/2026 17:26:43;31/08/2026;01/08/2026;31/08/2026;20;E;457;83;127493;121440,52;121440,52;2395,63;116,8;5827;5702;125;0;0;0;0;0;4643,64;116796,88;91,61;71;3530,02;66;66;92,96;0;M;82;ZICO;0;8;1;12,5;0;0;500;7311,2;0;7311,2;1462,24;0;10;40;0;40;400;;;-6052,48;6811,2;116,8;;988,84;532,12;0;0,3;0;0;0;0;350,39;350,39
23/09/2026 17:26:43;31/08/2026;01/08/2026;31/08/2026;20;E;457;83;127493;121440,52;121440,52;2395,63;116,8;5827;5702;125;0;0;0;0;0;4643,64;116796,88;91,61;71;3530,02;66;66;92,96;0;M;61;DAVENE;0;15;5;33,33;0;0;2258,61;666,42;0;666,42;29,51;0;33;36;0;36;109,09;2,53;0;-6052,48;-1592,19;116,8;0;988,84;532,12;0;0,3;0;0;0;0;350,39;350,39
23/09/2026 17:26:43;31/08/2026;01/08/2026;31/08/2026;6;B;146;88;78568,56;144755,32;184013,49;6421,62;550,41;4556;4551;5;0;0;0;0;0;545,15;183468,34;233,51;75;1815,65;59;60;80;0;M;15;QUEIJOS LELO;0;10;2;20;0;0;1718,42;3944;0;3944;229,51;0;26;33;0;33;126,92;14,99;25,64;66186,76;2225,58;550,41;25,64;2180,09;1356,96;0,3;0,3;0;0;0;0;550,41;550,41
23/09/2026 17:26:43;31/08/2026;01/08/2026;31/08/2026;6;B;146;88;78568,56;144755,32;184013,49;6421,62;550,41;4556;4551;5;0;0;0;0;0;545,15;183468,34;233,51;75;1815,65;59;60;80;0;M;81;TOP CAU;0;6;;;0;0;1000;;0;0;0;0;6;;;;0;0;0;66186,76;-1000;550,41;0;2180,09;1356,96;0,3;0,3;0;0;0;0;550,41;550,41
23/09/2026 17:26:43;31/08/2026;01/08/2026;31/08/2026;6;B;146;88;78568,56;144755,32;184013,49;6421,62;550,41;4556;4551;5;0;0;0;0;0;545,15;183468,34;233,51;75;1815,65;59;60;80;0;M;13;COPRA;0;38;29;76,32;0;0;20020,72;10253,77;0;10253,77;51,22;0;766;438;0;438;57,18;0;0;66186,76;-9766,95;550,41;0;2180,09;1356,96;0,3;0,3;0;0;0;0;550,41;550,41
23/09/2026 17:26:43;31/08/2026;01/08/2026;31/08/2026;6;E;149;135;70512,12;129014,44;129014,44;3815,86;385,57;7541;7520;21;0;0;0;0;0;491,3;128523,14;182,27;115;2074,64;103;103;89,57;0;M;1;JAV;0;92;101;109,78;312,63;0;107803,22;104587,76;379,09;104208,67;96,67;0;3530;3355;7;3348;94,84;52,1;83,37;58502,32;-3594,55;385,57;396;2109,01;1505,11;0,3;0,3;0;0;0;0;385,57;385,57
23/09/2026 17:26:43;31/08/2026;01/08/2026;31/08/2026;6;E;149;135;70512,12;129014,44;129014,44;3815,86;385,57;7541;7520;21;0;0;0;0;0;491,3;128523,14;182,27;115;2074,64;103;103;89,57;0;M;6;SOL BEBIDAS;0;9;9;100;7,25;0;1597,84;603,15;45,7;557,45;34,89;0;17;13;1;12;70,59;0;0;58502,32;-1040,39;385,57;7,25;2109,01;1505,11;0,3;0,3;0;0;0;0;385,57;385,57
23/09/2026 17:26:43;31/08/2026;01/08/2026;31/08/2026;6;E;149;135;70512,12;129014,44;129014,44;3815,86;385,57;7541;7520;21;0;0;0;0;0;491,3;128523,14;182,27;115;2074,64;103;103;89,57;0;M;44;JDE;0;89;93;104,49;279,12;0;170272,28;186352,93;271,99;186080,94;109,28;0;3664;3692;9;3683;100,52;111,65;148,86;58502,32;15808,66;385,57;427,98;2109,01;1505,11;0,3;0,3;0;0;0;0;385,57;385,57
23/09/2026 17:26:43;31/08/2026;01/08/2026;31/08/2026;6;E;149;135;70512,12;129014,44;129014,44;3815,86;385,57;7541;7520;21;0;0;0;0;0;491,3;128523,14;182,27;115;2074,64;103;103;89,57;0;M;66;COCO SHOW;0;32;34;106,25;41,55;0;7645,44;5260,22;66,51;5193,71;67,93;0;341;222;4;218;63,93;0;0;58502,32;-2451,73;385,57;41,55;2109,01;1505,11;0,3;0,3;0;0;0;0;385,57;385,57
23/09/2026 17:26:43;31/08/2026;01/08/2026;31/08/2026;6;E;149;135;70512,12;129014,44;129014,44;3815,86;385,57;7541;7520;21;0;0;0;0;0;491,3;128523,14;182,27;115;2074,64;103;103;89,57;0;M;52;GREEN;0;19;23;121,05;90,27;0;7015,35;6943,87;0;6943,87;98,98;0;91;101;0;101;110,99;26,39;17,36;58502,32;-71,48;385,57;107,63;2109,01;1505,11;0,3;0,3;0;0;0;0;385,57;385,57
23/09/2026 17:26:43;31/08/2026;01/08/2026;31/08/2026;6;E;149;135;70512,12;129014,44;129014,44;3815,86;385,57;7541;7520;21;0;0;0;0;0;491,3;128523,14;182,27;115;2074,64;103;103;89,57;0;M;74;BRAVA;0;10;8;80;0;0;7810,62;442,79;0;442,79;5,67;0;44;10;0;10;22,73;0;0;58502,32;-7367,83;385,57;0;2109,01;1505,11;0,3;0,3;0;0;0;0;385,57;385,57
23/09/2026 17:26:43;31/08/2026;01/08/2026;31/08/2026;6;E;149;135;70512,12;129014,44;129014,44;3815,86;385,57;7541;7520;21;0;0;0;0;0;491,3;128523,14;182,27;115;2074,64;103;103;89,57;0;M;69;GAMELEIRA;0;7;4;57,14;0;0;1099,73;495,03;0;495,03;45,01;0;17;7;0;7;41,18;0;0;58502,32;-604,7;385,57;0;2109,01;1505,11;0,3;0,3;0;0;0;0;385,57;385,57
23/09/2026 17:26:43;31/08/2026;01/08/2026;31/08/2026;6;E;149;135;70512,12;129014,44;129014,44;3815,86;385,57;7541;7520;21;0;0;0;0;0;491,3;128523,14;182,27;115;2074,64;103;103;89,57;0;M;61;DAVENE;0;14;4;28,57;0;0;1515,61;43,92;0;43,92;2,9;0;101;12;0;12;11,88;0;0;58502,32;-1471,69;385,57;0;2109,01;1505,11;0,3;0,3;0;0;0;0;385,57;385,57
23/09/2026 17:26:43;31/08/2026;01/08/2026;31/08/2026;6;E;149;135;70512,12;129014,44;129014,44;3815,86;385,57;7541;7520;21;0;0;0;0;0;491,3;128523,14;182,27;115;2074,64;103;103;89,57;0;M;83;ROBINSON CRUSOE;0;9;15;166,67;73,36;0;1065,43;6113,54;0;6113,54;573,81;0;37;56;0;56;151,35;23,23;48,91;58502,32;5048,11;385,57;122,27;2109,01;1505,11;0,3;0,3;0;0;0;0;385,57;385,57
23/09/2026 17:26:43;31/08/2026;01/08/2026;31/08/2026;6;E;149;135;70512,12;129014,44;129014,44;3815,86;385,57;7541;7520;21;0;0;0;0;0;491,3;128523,14;182,27;115;2074,64;103;103;89,57;0;M;63;BRACELL;0;15;13;86,67;6,72;0;7484,88;2035,73;0;2035,73;27,2;0;140;33;0;33;23,57;0;0;58502,32;-5449,15;385,57;6,72;2109,01;1505,11;0,3;0,3;0;0;0;0;385,57;385,57
23/09/2026 17:26:43;31/08/2026;01/08/2026;31/08/2026;6;E;149;135;70512,12;129014,44;129014,44;3815,86;385,57;7541;7520;21;0;0;0;0;0;491,3;128523,14;182,27;115;2074,64;103;103;89,57;0;M;65;MATUTA;0;13;4;30,77;0;0;3107,33;1306,21;0;1306,21;42,04;0;16;23;0;23;143,75;4,96;0;58502,32;-1801,12;385,57;0;2109,01;1505,11;0,3;0,3;0;0;0;0;385,57;385,57
23/09/2026 17:26:43;31/08/2026;01/08/2026;31/08/2026;6;E;149;135;70512,12;129014,44;129014,44;3815,86;385,57;7541;7520;21;0;0;0;0;0;491,3;128523,14;182,27;115;2074,64;103;103;89,57;0;M;72;FRANBA;0;7;9;128,57;10,14;0;1595,35;780,25;0;780,25;48,91;0;13;9;0;9;69,23;0;0;58502,32;-815,1;385,57;10,14;2109,01;1505,11;0,3;0,3;0;0;0;0;385,57;385,57
23/09/2026 17:26:43;31/08/2026;01/08/2026;31/08/2026;20;E;191;151;165033;124332,48;125542,76;3208,51;0;7316;7195;121;0;0;0;0;0;2305,44;123237,32;74,67;128;5253;130;129;100,78;369,71196;M;1;JAV;0;114;123;107,89;319,2;0;78408,73;108627,68;2226,89;106400,79;135,7;0;3611;4130;91;4039;111,85;127,68;159,6;-40700,52;27992,06;0;478,8;1692,24196;1123,19196;0;0,3;0,3;0;0;0;369,71;369,71
23/09/2026 17:26:43;31/08/2026;01/08/2026;31/08/2026;20;E;191;151;165033;124332,48;125542,76;3208,51;0;7316;7195;121;0;0;0;0;0;2305,44;123237,32;74,67;128;5253;130;129;100,78;369,71196;M;44;JDE;0;88;106;120,45;179,14;0;69225,86;120621,33;1195,79;119425,54;172,52;0;2144;2551;28;2523;117,68;71,66;95,54;-40700,52;50199,68;0;274,68;1692,24196;1123,19196;0;0,3;0,3;0;0;0;369,71;369,71
23/09/2026 17:26:43;31/08/2026;01/08/2026;31/08/2026;20;E;191;151;165033;124332,48;125542,76;3208,51;0;7316;7195;121;0;0;0;0;0;2305,44;123237,32;74,67;128;5253;130;129;100,78;369,71196;M;52;GREEN;0;12;10;83,33;0;0;1508,31;660,51;26,05;634,46;42,06;0;21;14;1;13;61,9;0;0;-40700,52;-873,85;0;0;1692,24196;1123,19196;0;0,3;0,3;0;0;0;369,71;369,71
23/09/2026 17:26:43;31/08/2026;01/08/2026;31/08/2026;20;E;191;151;165033;124332,48;125542,76;3208,51;0;7316;7195;121;0;0;0;0;0;2305,44;123237,32;74,67;128;5253;130;129;100,78;369,71196;M;66;COCO SHOW;0;49;32;65,31;0;0;7437,21;6322,68;52,5;6270,18;84,31;0;506;344;1;343;67,79;0;0;-40700,52;-1167,03;0;0;1692,24196;1123,19196;0;0,3;0,3;0;0;0;369,71;369,71
23/09/2026 17:26:43;31/08/2026;01/08/2026;31/08/2026;20;E;191;151;165033;124332,48;125542,76;3208,51;0;7316;7195;121;0;0;0;0;0;2305,44;123237,32;74,67;128;5253;130;129;100,78;369,71196;M;74;BRAVA;0;7;5;71,43;0;0;3191,35;154,6;0;154,6;4,84;0;16;5;0;5;31,25;0;0;-40700,52;-3036,75;0;0;1692,24196;1123,19196;0;0,3;0,3;0;0;0;369,71;369,71
23/09/2026 17:26:43;31/08/2026;01/08/2026;31/08/2026;20;E;191;151;165033;124332,48;125542,76;3208,51;0;7316;7195;121;0;0;0;0;0;2305,44;123237,32;74,67;128;5253;130;129;100,78;369,71196;M;61;DAVENE;0;15;1;6,67;0;0;921,27;52,68;0;52,68;5,72;0;33;12;0;12;36,36;0;0;-40700,52;-868,59;0;0;1692,24196;1123,19196;0;0,3;0,3;0;0;0;369,71;369,71
23/09/2026 17:26:43;31/08/2026;01/08/2026;31/08/2026;20;E;191;151;165033;124332,48;125542,76;3208,51;0;7316;7195;121;0;0;0;0;0;2305,44;123237,32;74,67;128;5253;130;129;100,78;369,71196;M;51;GUANABARA;0;4;;;0;0;1000;;0;0;0;0;0;;;;;0;0;-40700,52;-1000;0;0;1692,24196;1123,19196;0;0,3;0,3;0;0;0;369,71;369,71
23/09/2026 17:26:43;31/08/2026;01/08/2026;31/08/2026;20;E;191;151;165033;124332,48;125542,76;3208,51;0;7316;7195;121;0;0;0;0;0;2305,44;123237,32;74,67;128;5253;130;129;100,78;369,71196;M;6;SOL BEBIDAS;0;20;1;5;0;0;2000,74;46,1;0;46,1;2,3;0;40;1;0;1;2,5;0;0;-40700,52;-1954,64;0;0;1692,24196;1123,19196;0;0,3;0,3;0;0;0;369,71;369,71
23/09/2026 17:26:43;31/08/2026;01/08/2026;31/08/2026;20;E;191;151;165033;124332,48;125542,76;3208,51;0;7316;7195;121;0;0;0;0;0;2305,44;123237,32;74,67;128;5253;130;129;100,78;369,71196;M;47;SOFFIE;0;11;;;0;0;1000;;0;0;0;0;8;;;;0;0;0;-40700,52;-1000;0;0;1692,24196;1123,19196;0;0,3;0,3;0;0;0;369,71;369,71
23/09/2026 17:26:43;31/08/2026;01/08/2026;31/08/2026;20;E;191;151;165033;124332,48;125542,76;3208,51;0;7316;7195;121;0;0;0;0;0;2305,44;123237,32;74,67;128;5253;130;129;100,78;369,71196;M;18;SABORELLE - RACAO;0;12;1;8,33;0;0;2100;350,49;0;350,49;16,69;0;11;2;0;2;18,18;0;0;-40700,52;-1749,51;0;0;1692,24196;1123,19196;0;0,3;0,3;0;0;0;369,71;369,71
23/09/2026 17:26:43;31/08/2026;01/08/2026;31/08/2026;20;E;191;151;165033;124332,48;125542,76;3208,51;0;7316;7195;121;0;0;0;0;0;2305,44;123237,32;74,67;128;5253;130;129;100,78;369,71196;M;69;GAMELEIRA;0;12;5;41,67;0;0;1500,57;397,93;0;397,93;26,52;0;19;7;0;7;36,84;0;0;-40700,52;-1102,64;0;0;1692,24196;1123,19196;0;0,3;0,3;0;0;0;369,71;369,71
23/09/2026 17:26:43;31/08/2026;01/08/2026;31/08/2026;20;E;191;151;165033;124332,48;125542,76;3208,51;0;7316;7195;121;0;0;0;0;0;2305,44;123237,32;74,67;128;5253;130;129;100,78;369,71196;M;60;RICLAN;0;14;2;14,29;0;0;2000;182,22;0;182,22;9,11;0;15;10;0;10;66,67;0;0;-40700,52;-1817,78;0;0;1692,24196;1123,19196;0;0,3;0,3;0;0;0;369,71;369,71
23/09/2026 17:26:43;31/08/2026;01/08/2026;31/08/2026;19;E;348;102;152828;128639,26;117745,15;2890,53;0;4081;3768;313;0;0;0;0;0;18592,84;99152,31;64,88;87;3787;57;53;60,92;0;M;1;JAV;0;58;38;65,52;0;0;48435,72;27614,11;897,22;26716,89;55,16;0;1304;1089;16;1073;82,29;0;0;-24188,74;-21718,83;0;0;619,13;384,63;0;0,1;0;0;0;0;99,15;99,15
23/09/2026 17:26:43;31/08/2026;01/08/2026;31/08/2026;19;E;348;102;152828;128639,26;117745,15;2890,53;0;4081;3768;313;0;0;0;0;0;18592,84;99152,31;64,88;87;3787;57;53;60,92;0;M;2;MARILAN;0;49;30;61,22;0;0;34588,68;26362,73;7608,49;18754,24;54,22;0;897;622;122;500;55,74;0;0;-24188,74;-15834,44;0;0;619,13;384,63;0;0,1;0;0;0;0;99,15;99,15
23/09/2026 17:26:43;31/08/2026;01/08/2026;31/08/2026;19;E;348;102;152828;128639,26;117745,15;2890,53;0;4081;3768;313;0;0;0;0;0;18592,84;99152,31;64,88;87;3787;57;53;60,92;0;M;13;COPRA;0;39;13;33,33;0;0;12098,35;6486,29;272,4;6213,89;51,36;0;385;203;5;198;51,43;0;0;-24188,74;-5884,46;0;0;619,13;384,63;0;0,1;0;0;0;0;99,15;99,15
23/09/2026 17:26:43;31/08/2026;01/08/2026;31/08/2026;19;E;348;102;152828;128639,26;117745,15;2890,53;0;4081;3768;313;0;0;0;0;0;18592,84;99152,31;64,88;87;3787;57;53;60,92;0;M;15;QUEIJOS LELO;0;14;3;21,43;0;0;1000;397,89;132,63;265,26;26,53;0;14;3;1;2;14,29;0;0;-24188,74;-734,74;0;0;619,13;384,63;0;0,1;0;0;0;0;99,15;99,15
23/09/2026 17:26:43;31/08/2026;01/08/2026;31/08/2026;19;E;348;102;152828;128639,26;117745,15;2890,53;0;4081;3768;313;0;0;0;0;0;18592,84;99152,31;64,88;87;3787;57;53;60,92;0;M;44;JDE;0;57;38;66,67;0;0;165964,82;146373,51;650,98;145722,53;87,8;0;1165;901;3;898;77,08;0;58,29;-24188,74;-20242,29;0;58,29;619,13;384,63;0;0,1;0;0;0;0;99,15;99,15
23/09/2026 17:26:43;31/08/2026;01/08/2026;31/08/2026;19;E;348;102;152828;128639,26;117745,15;2890,53;0;4081;3768;313;0;0;0;0;0;18592,84;99152,31;64,88;87;3787;57;53;60,92;0;M;52;GREEN;0;20;35;175;97,55;0;1405,99;12537,7;5033,65;7504,05;533,72;0;39;205;84;121;310,26;28,52;37,52;-24188,74;6098,06;0;135,07;619,13;384,63;0;0,1;0;0;0;0;99,15;99,15
23/09/2026 17:26:43;31/08/2026;01/08/2026;31/08/2026;19;E;348;102;152828;128639,26;117745,15;2890,53;0;4081;3768;313;0;0;0;0;0;18592,84;99152,31;64,88;87;3787;57;53;60,92;0;M;53;CASAKM;0;29;15;51,72;0;0;20510,49;32259,55;4230,11;28029,44;136,66;0;486;679;55;624;128,4;86,89;112,12;-24188,74;7518,95;0;112,12;619,13;384,63;0;0,1;0;0;0;0;99,15;99,15
23/09/2026 17:26:43;31/08/2026;01/08/2026;31/08/2026;19;E;348;102;152828;128639,26;117745,15;2890,53;0;4081;3768;313;0;0;0;0;0;18592,84;99152,31;64,88;87;3787;57;53;60,92;0;M;74;BRAVA;0;16;17;106,25;42,64;0;2000;3553,4;273,5;3279,9;164;0;35;108;12;96;274,29;12,46;16,4;-24188,74;1279,9;0;59,04;619,13;384,63;0;0,1;0;0;0;0;99,15;99,15
23/09/2026 17:26:43;31/08/2026;01/08/2026;31/08/2026;19;E;348;102;152828;128639,26;117745,15;2890,53;0;4081;3768;313;0;0;0;0;0;18592,84;99152,31;64,88;87;3787;57;53;60,92;0;M;61;DAVENE;0;9;4;44,44;0;0;1000;118,44;0;118,44;11,84;0;20;18;0;18;90;0,19;0;-24188,74;-881,56;0;0;619,13;384,63;0;0,1;0;0;0;0;99,15;99,15
23/09/2026 17:26:43;31/08/2026;01/08/2026;31/08/2026;19;E;348;102;152828;128639,26;117745,15;2890,53;0;4081;3768;313;0;0;0;0;0;18592,84;99152,31;64,88;87;3787;57;53;60,92;0;M;65;MATUTA;0;20;1;5;0;0;3130,21;451,68;0;451,68;14,43;0;26;12;0;12;46,15;0;0;-24188,74;-2678,53;0;0;619,13;384,63;0;0,1;0;0;0;0;99,15;99,15
23/09/2026 17:26:43;31/08/2026;01/08/2026;31/08/2026;19;E;348;102;152828;128639,26;117745,15;2890,53;0;4081;3768;313;0;0;0;0;0;18592,84;99152,31;64,88;87;3787;57;53;60,92;0;M;66;COCO SHOW;0;16;4;25;0;0;2124,68;2626,44;0;2626,44;123,62;0;176;99;0;99;56,25;0;10,51;-24188,74;501,76;0;10,51;619,13;384,63;0;0,1;0;0;0;0;99,15;99,15
23/09/2026 17:26:43;31/08/2026;01/08/2026;31/08/2026;19;E;348;102;152828;128639,26;117745,15;2890,53;0;4081;3768;313;0;0;0;0;0;18592,84;99152,31;64,88;87;3787;57;53;60,92;0;M;59;CASA SUICA;0;12;;;0;0;1000;;0;0;0;0;10;;;;0;0;0;-24188,74;-1000;0;0;619,13;384,63;0;0,1;0;0;0;0;99,15;99,15
23/09/2026 17:26:43;31/08/2026;01/08/2026;31/08/2026;19;E;348;102;152828;128639,26;117745,15;2890,53;0;4081;3768;313;0;0;0;0;0;18592,84;99152,31;64,88;87;3787;57;53;60,92;0;M;6;SOL BEBIDAS;0;11;4;36,36;0;0;1618,61;927,93;0;927,93;57,33;0;35;16;0;16;45,71;0;0;-24188,74;-690,68;0;0;619,13;384,63;0;0,1;0;0;0;0;99,15;99,15
23/09/2026 17:26:43;31/08/2026;01/08/2026;31/08/2026;19;E;348;102;152828;128639,26;117745,15;2890,53;0;4081;3768;313;0;0;0;0;0;18592,84;99152,31;64,88;87;3787;57;53;60,92;0;M;81;TOP CAU;0;17;;;0;0;3327,9;;0;0;0;0;25;;;;0;0;0;-24188,74;-3327,9;0;0;619,13;384,63;0;0,1;0;0;0;0;99,15;99,15
23/09/2026 17:26:43;31/08/2026;01/08/2026;31/08/2026;19;E;348;102;152828;128639,26;117745,15;2890,53;0;4081;3768;313;0;0;0;0;0;18592,84;99152,31;64,88;87;3787;57;53;60,92;0;M;20;CATAFESTA;0;10;;;0;0;1021,3;;0;0;0;0;10;;;;0;0;0;-24188,74;-1021,3;0;0;619,13;384,63;0;0,1;0;0;0;0;99,15;99,15
23/09/2026 17:26:43;31/08/2026;01/08/2026;31/08/2026;19;E;348;102;152828;128639,26;117745,15;2890,53;0;4081;3768;313;0;0;0;0;0;18592,84;99152,31;64,88;87;3787;57;53;60,92;0;M;47;SOFFIE;0;11;;;0;0;1000,61;;0;0;0;0;26;;;;0;0;0;-24188,74;-1000,61;0;0;619,13;384,63;0;0,1;0;0;0;0;99,15;99,15
23/09/2026 17:26:43;31/08/2026;01/08/2026;31/08/2026;19;E;348;102;152828;128639,26;117745,15;2890,53;0;4081;3768;313;0;0;0;0;0;18592,84;99152,31;64,88;87;3787;57;53;60,92;0;M;69;GAMELEIRA;0;9;3;33,33;0;0;1000,73;1919,38;0;1919,38;191,8;0;20;29;0;29;145;7,29;9,6;-24188,74;918,65;0;9,6;619,13;384,63;0;0,1;0;0;0;0;99,15;99,15
23/09/2026 17:26:43;31/08/2026;01/08/2026;31/08/2026;19;E;348;102;152828;128639,26;117745,15;2890,53;0;4081;3768;313;0;0;0;0;0;18592,84;99152,31;64,88;87;3787;57;53;60,92;0;M;82;ZICO;0;17;;;0;0;4000;;0;0;0;0;32;;;;0;0;0;-24188,74;-4000;0;0;619,13;384,63;0;0,1;0;0;0;0;99,15;99,15
23/09/2026 17:26:43;31/08/2026;01/08/2026;31/08/2026;19;E;348;102;152828;128639,26;117745,15;2890,53;0;4081;3768;313;0;0;0;0;0;18592,84;99152,31;64,88;87;3787;57;53;60,92;0;M;83;ROBINSON CRUSOE;0;11;2;18,18;0;0;1000;0;0;0;0;0;12;2;0;2;16,67;0;0;-24188,74;-1000;0;0;619,13;384,63;0;0,1;0;0;0;0;99,15;99,15
23/09/2026 17:26:43;31/08/2026;01/08/2026;31/08/2026;19;E;348;102;152828;128639,26;117745,15;2890,53;0;4081;3768;313;0;0;0;0;0;18592,84;99152,31;64,88;87;3787;57;53;60,92;0;M;72;FRANBA;0;9;3;33,33;0;0;1000,93;82,55;0;82,55;8,25;0;9;3;0;3;33,33;0;0;-24188,74;-918,38;0;0;619,13;384,63;0;0,1;0;0;0;0;99,15;99,15
23/09/2026 17:26:43;31/08/2026;01/08/2026;31/08/2026;19;E;348;102;152828;128639,26;117745,15;2890,53;0;4081;3768;313;0;0;0;0;0;18592,84;99152,31;64,88;87;3787;57;53;60,92;0;M;18;SABORELLE - RACAO;0;14;2;14,29;0;0;7117,77;951,27;0;951,27;13,36;0;27;5;0;5;18,52;0;0;-24188,74;-6166,5;0;0;619,13;384,63;0;0,1;0;0;0;0;99,15;99,15
23/09/2026 17:26:43;31/08/2026;01/08/2026;31/08/2026;19;E;348;102;152828;128639,26;117745,15;2890,53;0;4081;3768;313;0;0;0;0;0;18592,84;99152,31;64,88;87;3787;57;53;60,92;0;M;51;GUANABARA;0;9;1;11,11;0;0;1000,7;171,07;0;171,07;17,1;0;10;1;0;1;10;0;0;-24188,74;-829,63;0;0;619,13;384,63;0;0,1;0;0;0;0;99,15;99,15
23/09/2026 17:26:43;31/08/2026;01/08/2026;31/08/2026;19;E;348;102;152828;128639,26;117745,15;2890,53;0;4081;3768;313;0;0;0;0;0;18592,84;99152,31;64,88;87;3787;57;53;60,92;0;M;60;RICLAN;0;25;5;20;0;0;1445,95;1133,76;0;1133,76;78,41;0;137;68;0;68;49,64;0;0;-24188,74;-312,19;0;0;619,13;384,63;0;0,1;0;0;0;0;99,15;99,15
23/09/2026 17:26:43;31/08/2026;01/08/2026;31/08/2026;19;E;348;102;152828;128639,26;117745,15;2890,53;0;4081;3768;313;0;0;0;0;0;18592,84;99152,31;64,88;87;3787;57;53;60,92;0;M;63;BRACELL;0;11;;;0;0;2000,31;;0;0;0;0;52;;;;0;0;0;-24188,74;-2000,31;0;0;619,13;384,63;0;0,1;0;0;0;0;99,15;99,15
23/09/2026 17:26:43;31/08/2026;01/08/2026;31/08/2026;13;E;364;61;90844;39545;45281,34;784,29;0;1575;1546;29;0;0;0;0;0;1266,12;44015,22;48,45;52;1606,02;32;36;69,23;0;M;2;MARILAN;0;40;27;67,5;0;0;23063,53;28573,76;1256,24;27317,52;118,44;0;517;669;28;641;123,98;32,78;40,98;-51299;4253,99;0;40,98;127,77;48,15;0;0,1;0;0;0;0;44,02;44,02
23/09/2026 17:26:43;31/08/2026;01/08/2026;31/08/2026;13;E;364;61;90844;39545;45281,34;784,29;0;1575;1546;29;0;0;0;0;0;1266,12;44015,22;48,45;52;1606,02;32;36;69,23;0;M;60;RICLAN;0;13;11;84,62;0;0;1593,62;599,88;9,88;590;37,02;0;39;34;1;33;84,62;0;0;-51299;-1003,62;0;0;127,77;48,15;0;0,1;0;0;0;0;44,02;44,02
23/09/2026 17:26:43;31/08/2026;01/08/2026;31/08/2026;13;E;364;61;90844;39545;45281,34;784,29;0;1575;1546;29;0;0;0;0;0;1266,12;44015,22;48,45;52;1606,02;32;36;69,23;0;M;82;ZICO;0;12;;;0;0;1000;;0;0;0;0;10;;;;0;0;0;-51299;-1000;0;0;127,77;48,15;0;0,1;0;0;0;0;44,02;44,02
23/09/2026 17:26:43;31/08/2026;01/08/2026;31/08/2026;13;E;364;61;90844;39545;45281,34;784,29;0;1575;1546;29;0;0;0;0;0;1266,12;44015,22;48,45;52;1606,02;32;36;69,23;0;M;47;SOFFIE;0;10;;;0;0;700;;0;0;0;0;5;;;;0;0;0;-51299;-700;0;0;127,77;48,15;0;0,1;0;0;0;0;44,02;44,02
23/09/2026 17:26:43;31/08/2026;01/08/2026;31/08/2026;13;E;364;61;90844;39545;45281,34;784,29;0;1575;1546;29;0;0;0;0;0;1266,12;44015,22;48,45;52;1606,02;32;36;69,23;0;M;53;CASAKM;0;20;12;60;0;0;10008,07;2970,01;0;2970,01;29,68;0;87;57;0;57;65,52;0;0;-51299;-7038,06;0;0;127,77;48,15;0;0,1;0;0;0;0;44,02;44,02
23/09/2026 17:26:43;31/08/2026;01/08/2026;31/08/2026;20;E;457;83;127493;121440,52;121440,52;2395,63;116,8;5827;5702;125;0;0;0;0;0;4643,64;116796,88;91,61;71;3530,02;66;66;92,96;0;M;44;JDE;0;39;30;76,92;0;0;189350,06;46541,59;0;46541,59;24,58;0;3291;2698;0;2698;81,98;0;0;-6052,48;-142808,47;116,8;0;988,84;532,12;0;0,3;0;0;0;0;350,39;350,39
23/09/2026 17:26:43;31/08/2026;01/08/2026;31/08/2026;20;E;457;83;127493;121440,52;121440,52;2395,63;116,8;5827;5702;125;0;0;0;0;0;4643,64;116796,88;91,61;71;3530,02;66;66;92,96;0;M;15;QUEIJOS LELO;0;6;;;0;0;500;;0;0;0;0;10;;;;0;0;0;-6052,48;-500;116,8;0;988,84;532,12;0;0,3;0;0;0;0;350,39;350,39
23/09/2026 17:26:43;31/08/2026;01/08/2026;31/08/2026;20;E;457;83;127493;121440,52;121440,52;2395,63;116,8;5827;5702;125;0;0;0;0;0;4643,64;116796,88;91,61;71;3530,02;66;66;92,96;0;M;74;BRAVA;0;7;7;100;8,68;0;1801,55;668;0;668;37,08;0;128;13;0;13;10,16;0;0;-6052,48;-1133,55;116,8;8,68;988,84;532,12;0;0,3;0;0;0;0;350,39;350,39
23/09/2026 17:26:43;31/08/2026;01/08/2026;31/08/2026;20;E;457;83;127493;121440,52;121440,52;2395,63;116,8;5827;5702;125;0;0;0;0;0;4643,64;116796,88;91,61;71;3530,02;66;66;92,96;0;M;72;FRANBA;0;8;1;12,5;0;0;1000,02;98,79;0;98,79;9,88;0;5;1;0;1;20;0;0;-6052,48;-901,23;116,8;0;988,84;532,12;0;0,3;0;0;0;0;350,39;350,39
23/09/2026 17:26:43;31/08/2026;01/08/2026;31/08/2026;20;E;457;83;127493;121440,52;121440,52;2395,63;116,8;5827;5702;125;0;0;0;0;0;4643,64;116796,88;91,61;71;3530,02;66;66;92,96;0;M;47;SOFFIE;0;6;;;0;0;1000;;0;0;0;0;10;;;;0;0;0;-6052,48;-1000;116,8;0;988,84;532,12;0;0,3;0;0;0;0;350,39;350,39
23/09/2026 17:26:43;31/08/2026;01/08/2026;31/08/2026;27;E;462;46;53158;21906,9;21906,9;454,84;0;870;870;0;0;0;0;0;0;0;21906,9;41,21;39;1000,02;20;20;51,28;0;M;63;BRACELL;0;10;2;20;0;0;1995,69;710,15;0;710,15;35,58;0;39;11;0;11;28,21;0;0;-31251,1;-1285,54;0;0;1,81;0;0;0;0;0;0;0;0;0
23/09/2026 17:26:43;31/08/2026;01/08/2026;31/08/2026;27;E;462;46;53158;21906,9;21906,9;454,84;0;870;870;0;0;0;0;0;0;0;21906,9;41,21;39;1000,02;20;20;51,28;0;M;6;SOL BEBIDAS;0;4;2;50;0;0;3162,35;2106,83;0;2106,83;66,62;0;55;37;0;37;67,27;0;0;-31251,1;-1055,52;0;0;1,81;0;0;0;0;0;0;0;0;0
23/09/2026 17:26:43;31/08/2026;01/08/2026;31/08/2026;27;E;462;46;53158;21906,9;21906,9;454,84;0;870;870;0;0;0;0;0;0;0;21906,9;41,21;39;1000,02;20;20;51,28;0;M;69;GAMELEIRA;0;5;;;0;0;1000;;0;0;0;0;10;;;;0;0;0;-31251,1;-1000;0;0;1,81;0;0;0;0;0;0;0;0;0
23/09/2026 17:26:43;31/08/2026;01/08/2026;31/08/2026;27;E;462;46;53158;21906,9;21906,9;454,84;0;870;870;0;0;0;0;0;0;0;21906,9;41,21;39;1000,02;20;20;51,28;0;M;61;DAVENE;0;9;;;0;0;1000;;0;0;0;0;1;;;;0;0;0;-31251,1;-1000;0;0;1,81;0;0;0;0;0;0;0;0;0
23/09/2026 17:26:43;31/08/2026;01/08/2026;31/08/2026;27;E;462;46;53158;21906,9;21906,9;454,84;0;870;870;0;0;0;0;0;0;0;21906,9;41,21;39;1000,02;20;20;51,28;0;M;65;MATUTA;0;15;;;0;0;1000;;0;0;0;0;0;;;;;0;0;-31251,1;-1000;0;0;1,81;0;0;0;0;0;0;0;0;0
23/09/2026 17:26:43;31/08/2026;01/08/2026;31/08/2026;27;E;462;46;53158;21906,9;21906,9;454,84;0;870;870;0;0;0;0;0;0;0;21906,9;41,21;39;1000,02;20;20;51,28;0;M;74;BRAVA;0;4;;;0;0;1765,09;;0;0;0;0;1;;;;0;0;0;-31251,1;-1765,09;0;0;1,81;0;0;0;0;0;0;0;0;0
23/09/2026 17:26:43;31/08/2026;01/08/2026;31/08/2026;27;E;462;46;53158;21906,9;21906,9;454,84;0;870;870;0;0;0;0;0;0;0;21906,9;41,21;39;1000,02;20;20;51,28;0;M;83;ROBINSON CRUSOE;0;3;1;33,33;0;0;2000;257,8;0;257,8;12,89;0;1;2;0;2;200;0,98;0;-31251,1;-1742,2;0;0;1,81;0;0;0;0;0;0;0;0;0
23/09/2026 17:26:43;31/08/2026;01/08/2026;31/08/2026;27;E;462;46;53158;21906,9;21906,9;454,84;0;870;870;0;0;0;0;0;0;0;21906,9;41,21;39;1000,02;20;20;51,28;0;M;52;GREEN;0;3;1;33,33;0;0;1000;217,29;0;217,29;21,73;0;1;1;0;1;100;0,83;0;-31251,1;-782,71;0;0;1,81;0;0;0;0;0;0;0;0;0
23/09/2026 17:26:43;31/08/2026;01/08/2026;31/08/2026;27;E;462;46;53158;21906,9;21906,9;454,84;0;870;870;0;0;0;0;0;0;0;21906,9;41,21;39;1000,02;20;20;51,28;0;M;1;JAV;0;49;19;38,78;0;0;37735,15;13814,66;0;13814,66;36,61;0;684;360;0;360;52,63;0;0;-31251,1;-23920,49;0;0;1,81;0;0;0;0;0;0;0;0;0
23/09/2026 17:26:43;31/08/2026;01/08/2026;31/08/2026;27;E;462;46;53158;21906,9;21906,9;454,84;0;870;870;0;0;0;0;0;0;0;21906,9;41,21;39;1000,02;20;20;51,28;0;M;44;JDE;0;27;9;33,33;0;0;30278,72;6611,38;0;6611,38;21,84;0;587;326;0;326;55,54;0;0;-31251,1;-23667,34;0;0;1,81;0;0;0;0;0;0;0;0;0
23/09/2026 17:26:43;31/08/2026;01/08/2026;31/08/2026;27;E;462;46;53158;21906,9;21906,9;454,84;0;870;870;0;0;0;0;0;0;0;21906,9;41,21;39;1000,02;20;20;51,28;0;M;72;FRANBA;0;5;;;0;0;500,69;;0;0;0;0;11;;;;0;0;0;-31251,1;-500,69;0;0;1,81;0;0;0;0;0;0;0;0;0
23/09/2026 17:26:43;31/08/2026;01/08/2026;31/08/2026;27;E;462;46;53158;21906,9;21906,9;454,84;0;870;870;0;0;0;0;0;0;0;21906,9;41,21;39;1000,02;20;20;51,28;0;M;66;COCO SHOW;0;10;4;40;0;0;2000;540,21;0;540,21;27,01;0;44;12;0;12;27,27;0;0;-31251,1;-1459,79;0;0;1,81;0;0;0;0;0;0;0;0;0
23/09/2026 17:26:43;31/08/2026;01/08/2026;31/08/2026;19;E;466;118;41471;80202,44;78752,86;1488,91;233,6;2576;2536;40;0;0;0;0;0;886,32;77866,54;187,76;100;1906,99;66;68;68;0;M;1;JAV;0;34;25;73,53;0;0;9565,37;7258,73;325,27;6933,46;72,49;0;358;259;28;231;64,53;0;0;38731,44;-2631,91;233,6;0;1070,45;709,82;0,3;0,3;0;0;0;0;233,6;233,6
23/09/2026 17:26:43;31/08/2026;01/08/2026;31/08/2026;19;E;466;118;41471;80202,44;78752,86;1488,91;233,6;2576;2536;40;0;0;0;0;0;886,32;77866,54;187,76;100;1906,99;66;68;68;0;M;2;MARILAN;0;31;39;125,81;112,84;0;5890,45;37846,41;233,04;37613,37;638,55;0;696;1155;5;1150;165,23;45,14;56,42;38731,44;31722,92;233,6;169,26;1070,45;709,82;0,3;0,3;0;0;0;0;233,6;233,6
23/09/2026 17:26:43;31/08/2026;01/08/2026;31/08/2026;19;E;466;118;41471;80202,44;78752,86;1488,91;233,6;2576;2536;40;0;0;0;0;0;886,32;77866,54;187,76;100;1906,99;66;68;68;0;M;15;QUEIJOS LELO;0;10;13;130;22,74;0;1000;1882,23;132,63;1749,6;174,96;0;10;14;1;13;130;6,65;8,75;38731,44;749,6;233,6;31,49;1070,45;709,82;0,3;0,3;0;0;0;0;233,6;233,6
23/09/2026 17:26:43;31/08/2026;01/08/2026;31/08/2026;19;E;466;118;41471;80202,44;78752,86;1488,91;233,6;2576;2536;40;0;0;0;0;0;886,32;77866,54;187,76;100;1906,99;66;68;68;0;M;52;GREEN;0;9;1;11,11;0;0;1000,17;50,95;36,72;14,23;1,42;0;9;1;1;0;0;0;0;38731,44;-985,94;233,6;0;1070,45;709,82;0,3;0,3;0;0;0;0;233,6;233,6
23/09/2026 17:26:43;31/08/2026;01/08/2026;31/08/2026;19;E;466;118;41471;80202,44;78752,86;1488,91;233,6;2576;2536;40;0;0;0;0;0;886,32;77866,54;187,76;100;1906,99;66;68;68;0;M;53;CASAKM;0;20;24;120;79,25;0;3775,44;10005,87;100,05;9905,82;262,38;0;179;237;1;236;131,84;30,71;39,62;38731,44;6130,38;233,6;118,87;1070,45;709,82;0,3;0,3;0;0;0;0;233,6;233,6
23/09/2026 17:26:43;31/08/2026;01/08/2026;31/08/2026;19;E;466;118;41471;80202,44;78752,86;1488,91;233,6;2576;2536;40;0;0;0;0;0;886,32;77866,54;187,76;100;1906,99;66;68;68;0;M;60;RICLAN;0;24;18;75;0;0;1209,69;3742,77;58,61;3684,16;304,55;0;107;295;4;291;271,96;14;18,42;38731,44;2474,47;233,6;18,42;1070,45;709,82;0,3;0,3;0;0;0;0;233,6;233,6
23/09/2026 17:26:43;31/08/2026;01/08/2026;31/08/2026;19;E;466;118;41471;80202,44;78752,86;1488,91;233,6;2576;2536;40;0;0;0;0;0;886,32;77866,54;187,76;100;1906,99;66;68;68;0;M;81;TOP CAU;0;11;;;0;0;1000;;0;0;0;0;12;;;;0;0;0;38731,44;-1000;233,6;0;1070,45;709,82;0,3;0,3;0;0;0;0;233,6;233,6
23/09/2026 17:26:43;31/08/2026;01/08/2026;31/08/2026;19;E;466;118;41471;80202,44;78752,86;1488,91;233,6;2576;2536;40;0;0;0;0;0;886,32;77866,54;187,76;100;1906,99;66;68;68;0;M;83;ROBINSON CRUSOE;0;10;5;50;0;0;1477,5;1007,72;0;1007,72;68,2;0;10;8;0;8;80;0;0;38731,44;-469,78;233,6;0;1070,45;709,82;0,3;0,3;0;0;0;0;233,6;233,6
23/09/2026 17:26:43;31/08/2026;01/08/2026;31/08/2026;19;E;466;118;41471;80202,44;78752,86;1488,91;233,6;2576;2536;40;0;0;0;0;0;886,32;77866,54;187,76;100;1906,99;66;68;68;0;M;65;MATUTA;0;10;;;0;0;1000;;0;0;0;0;10;;;;0;0;0;38731,44;-1000;233,6;0;1070,45;709,82;0,3;0,3;0;0;0;0;233,6;233,6
23/09/2026 17:26:43;31/08/2026;01/08/2026;31/08/2026;19;E;466;118;41471;80202,44;78752,86;1488,91;233,6;2576;2536;40;0;0;0;0;0;886,32;77866,54;187,76;100;1906,99;66;68;68;0;M;69;GAMELEIRA;0;9;3;33,33;0;0;1000;158,22;0;158,22;15,82;0;12;3;0;3;25;0;0;38731,44;-841,78;233,6;0;1070,45;709,82;0,3;0,3;0;0;0;0;233,6;233,6
23/09/2026 17:26:43;31/08/2026;01/08/2026;31/08/2026;19;E;466;118;41471;80202,44;78752,86;1488,91;233,6;2576;2536;40;0;0;0;0;0;886,32;77866,54;187,76;100;1906,99;66;68;68;0;M;44;JDE;0;23;15;65,22;0;0;13747,49;12805,62;0;12805,62;93,15;0;525;165;0;165;31,43;0;5,12;38731,44;-941,87;233,6;5,12;1070,45;709,82;0,3;0,3;0;0;0;0;233,6;233,6
23/09/2026 17:26:43;31/08/2026;01/08/2026;31/08/2026;19;E;466;118;41471;80202,44;78752,86;1488,91;233,6;2576;2536;40;0;0;0;0;0;886,32;77866,54;187,76;100;1906,99;66;68;68;0;M;6;SOL BEBIDAS;0;9;5;55,56;0;0;1013,33;596,12;0;596,12;58,83;0;10;12;0;12;120;2,27;0;38731,44;-417,21;233,6;0;1070,45;709,82;0,3;0,3;0;0;0;0;233,6;233,6
23/09/2026 17:26:43;31/08/2026;01/08/2026;31/08/2026;20;E;191;151;165033;124332,48;125542,76;3208,51;0;7316;7195;121;0;0;0;0;0;2305,44;123237,32;74,67;128;5253;130;129;100,78;369,71196;M;82;ZICO;0;8;;;0;0;2000,81;;0;0;0;0;12;;;;0;0;0;-40700,52;-2000,81;0;0;1692,24196;1123,19196;0;0,3;0,3;0;0;0;369,71;369,71
23/09/2026 17:26:43;31/08/2026;01/08/2026;31/08/2026;20;E;191;151;165033;124332,48;125542,76;3208,51;0;7316;7195;121;0;0;0;0;0;2305,44;123237,32;74,67;128;5253;130;129;100,78;369,71196;M;15;QUEIJOS LELO;0;12;1;8,33;0;0;1000;269,81;0;269,81;26,98;0;10;2;0;2;20;0;0;-40700,52;-730,19;0;0;1692,24196;1123,19196;0;0,3;0,3;0;0;0;369,71;369,71
23/09/2026 17:26:43;31/08/2026;01/08/2026;31/08/2026;20;E;191;151;165033;124332,48;125542,76;3208,51;0;7316;7195;121;0;0;0;0;0;2305,44;123237,32;74,67;128;5253;130;129;100,78;369,71196;M;13;COPRA;0;30;4;13,33;0;0;12000;1456,68;0;1456,68;12,14;0;73;50;0;50;68,49;0;0;-40700,52;-10543,32;0;0;1692,24196;1123,19196;0;0,3;0,3;0;0;0;369,71;369,71
23/09/2026 17:26:43;31/08/2026;01/08/2026;31/08/2026;20;E;191;151;165033;124332,48;125542,76;3208,51;0;7316;7195;121;0;0;0;0;0;2305,44;123237,32;74,67;128;5253;130;129;100,78;369,71196;M;53;CASAKM;0;33;3;9,09;0;0;13000;345,87;0;345,87;2,66;0;37;5;0;5;13,51;0;0;-40700,52;-12654,13;0;0;1692,24196;1123,19196;0;0,3;0,3;0;0;0;369,71;369,71
23/09/2026 17:26:43;31/08/2026;01/08/2026;31/08/2026;20;E;191;151;165033;124332,48;125542,76;3208,51;0;7316;7195;121;0;0;0;0;0;2305,44;123237,32;74,67;128;5253;130;129;100,78;369,71196;M;72;FRANBA;0;15;4;26,67;0;0;1002,26;588,68;0;588,68;58,74;0;10;6;0;6;60;0;0;-40700,52;-413,58;0;0;1692,24196;1123,19196;0;0,3;0,3;0;0;0;369,71;369,71
23/09/2026 17:26:43;31/08/2026;01/08/2026;31/08/2026;20;E;191;151;165033;124332,48;125542,76;3208,51;0;7316;7195;121;0;0;0;0;0;2305,44;123237,32;74,67;128;5253;130;129;100,78;369,71196;M;83;ROBINSON CRUSOE;0;17;6;35,29;0;0;2487,5;1008,78;0;1008,78;40,55;0;24;8;0;8;33,33;0;0;-40700,52;-1478,72;0;0;1692,24196;1123,19196;0;0,3;0,3;0;0;0;369,71;369,71
23/09/2026 17:26:43;31/08/2026;01/08/2026;31/08/2026;20;E;191;151;165033;124332,48;125542,76;3208,51;0;7316;7195;121;0;0;0;0;0;2305,44;123237,32;74,67;128;5253;130;129;100,78;369,71196;M;63;BRACELL;0;26;14;53,85;0;0;7474,26;3570,11;0;3570,11;47,77;0;305;125;0;125;40,98;0;0;-40700,52;-3904,15;0;0;1692,24196;1123,19196;0;0,3;0,3;0;0;0;369,71;369,71
23/09/2026 17:26:43;31/08/2026;01/08/2026;31/08/2026;20;E;191;151;165033;124332,48;125542,76;3208,51;0;7316;7195;121;0;0;0;0;0;2305,44;123237,32;74,67;128;5253;130;129;100,78;369,71196;M;2;MARILAN;0;50;6;12;0;0;25000;1507,94;0;1507,94;6,03;0;502;44;0;44;8,76;0;0;-40700,52;-23492,06;0;0;1692,24196;1123,19196;0;0,3;0,3;0;0;0;369,71;369,71
23/09/2026 17:26:43;31/08/2026;01/08/2026;31/08/2026;27;E;194;115;155227;168175,62;167865,36;3828,08;334,19;8013;7974;39;0;0;0;0;0;768,22;167097,14;107,65;98;6104,01;83;85;86,73;0;M;1;JAV;0;78;80;102,56;424,87;0;121164,92;141976,09;352,11;141623,98;116,89;0;5218;5062;26;5036;96,51;70,81;212,44;12948,62;20459,06;334,19;637,31;1831,71;1243,19;0,2;0,3;0;0;0;0;501,29;501,29
23/09/2026 17:26:43;31/08/2026;01/08/2026;31/08/2026;27;E;194;115;155227;168175,62;167865,36;3828,08;334,19;8013;7974;39;0;0;0;0;0;768,22;167097,14;107,65;98;6104,01;83;85;86,73;0;M;63;BRACELL;0;20;17;85;19,63;0;7550,73;6258,37;310,96;5947,41;78,77;0;252;139;10;129;51,19;0;0;12948,62;-1603,32;334,19;19,63;1831,71;1243,19;0,2;0,3;0;0;0;0;501,29;501,29
23/09/2026 17:26:43;31/08/2026;01/08/2026;31/08/2026;27;E;194;115;155227;168175,62;167865,36;3828,08;334,19;8013;7974;39;0;0;0;0;0;768,22;167097,14;107,65;98;6104,01;83;85;86,73;0;M;72;FRANBA;0;33;12;36,36;0;0;1581,13;4222,18;0;4222,18;267,04;0;26;41;0;41;157,69;16,04;21,11;12948,62;2641,05;334,19;21,11;1831,71;1243,19;0,2;0,3;0;0;0;0;501,29;501,29
23/09/2026 17:26:43;31/08/2026;01/08/2026;31/08/2026;27;E;194;115;155227;168175,62;167865,36;3828,08;334,19;8013;7974;39;0;0;0;0;0;768,22;167097,14;107,65;98;6104,01;83;85;86,73;0;M;6;SOL BEBIDAS;0;15;9;60;0;0;4227,95;505,82;0;505,82;11,96;0;84;13;0;13;15,48;0;0;12948,62;-3722,13;334,19;0;1831,71;1243,19;0,2;0,3;0;0;0;0;501,29;501,29
23/09/2026 17:26:43;31/08/2026;01/08/2026;31/08/2026;27;E;194;115;155227;168175,62;167865,36;3828,08;334,19;8013;7974;39;0;0;0;0;0;768,22;167097,14;107,65;98;6104,01;83;85;86,73;0;M;65;MATUTA;0;27;3;11,11;0;0;2000;774,93;0;774,93;38,75;0;0;11;0;11;;0;0;12948,62;-1225,07;334,19;0;1831,71;1243,19;0,2;0,3;0;0;0;0;501,29;501,29
23/09/2026 17:26:43;31/08/2026;01/08/2026;31/08/2026;27;E;194;115;155227;168175,62;167865,36;3828,08;334,19;8013;7974;39;0;0;0;0;0;768,22;167097,14;107,65;98;6104,01;83;85;86,73;0;M;66;COCO SHOW;0;30;19;63,33;0;0;2946,01;2137,6;0;2137,6;72,56;0;193;129;0;129;66,84;0;0;12948,62;-808,41;334,19;0;1831,71;1243,19;0,2;0,3;0;0;0;0;501,29;501,29
23/09/2026 17:26:43;31/08/2026;01/08/2026;31/08/2026;27;E;194;115;155227;168175,62;167865,36;3828,08;334,19;8013;7974;39;0;0;0;0;0;768,22;167097,14;107,65;98;6104,01;83;85;86,73;0;M;44;JDE;0;58;58;100;150,62;0;100244,29;100412,82;0;100412,82;100,17;0;2367;1980;0;1980;83,65;0;80,33;12948,62;168,53;334,19;230,95;1831,71;1243,19;0,2;0,3;0;0;0;0;501,29;501,29
23/09/2026 17:26:43;31/08/2026;01/08/2026;31/08/2026;27;E;194;115;155227;168175,62;167865,36;3828,08;334,19;8013;7974;39;0;0;0;0;0;768,22;167097,14;107,65;98;6104,01;83;85;86,73;0;M;74;BRAVA;0;29;11;37,93;0;0;7244;4371;0;4371;60,34;0;205;81;0;81;39,51;0;0;12948,62;-2873;334,19;0;1831,71;1243,19;0,2;0,3;0;0;0;0;501,29;501,29
23/09/2026 17:26:43;31/08/2026;01/08/2026;31/08/2026;27;E;194;115;155227;168175,62;167865,36;3828,08;334,19;8013;7974;39;0;0;0;0;0;768,22;167097,14;107,65;98;6104,01;83;85;86,73;0;M;52;GREEN;0;19;8;42,11;0;0;2579,92;531;0;531;20,58;0;37;11;0;11;29,73;0;0;12948,62;-2048,92;334,19;0;1831,71;1243,19;0,2;0,3;0;0;0;0;501,29;501,29
23/09/2026 17:26:43;31/08/2026;01/08/2026;31/08/2026;27;E;194;115;155227;168175,62;167865,36;3828,08;334,19;8013;7974;39;0;0;0;0;0;768,22;167097,14;107,65;98;6104,01;83;85;86,73;0;M;83;ROBINSON CRUSOE;0;15;5;33,33;0;0;2349,32;1478,34;0;1478,34;62,93;0;28;13;0;13;46,43;0;0;12948,62;-870,98;334,19;0;1831,71;1243,19;0,2;0,3;0;0;0;0;501,29;501,29
23/09/2026 17:26:43;31/08/2026;01/08/2026;31/08/2026;27;E;194;115;155227;168175,62;167865,36;3828,08;334,19;8013;7974;39;0;0;0;0;0;768,22;167097,14;107,65;98;6104,01;83;85;86,73;0;M;61;DAVENE;0;9;3;33,33;0;0;1291,07;235,95;0;235,95;18,28;0;27;24;0;24;88,89;0,38;0;12948,62;-1055,12;334,19;0;1831,71;1243,19;0,2;0,3;0;0;0;0;501,29;501,29
23/09/2026 17:26:43;31/08/2026;01/08/2026;31/08/2026;27;E;194;115;155227;168175,62;167865,36;3828,08;334,19;8013;7974;39;0;0;0;0;0;768,22;167097,14;107,65;98;6104,01;83;85;86,73;0;M;69;GAMELEIRA;0;30;8;26,67;0;0;2292,86;933,32;0;933,32;40,71;0;34;14;0;14;41,18;0;0;12948,62;-1359,54;334,19;0;1831,71;1243,19;0,2;0,3;0;0;0;0;501,29;501,29
23/09/2026 17:26:43;31/08/2026;01/08/2026;31/08/2026;6;E;197;119;133823;173148,43;169795,09;2961,44;503,89;4764;4696;68;0;0;0;0;0;1830,25;167964,84;125,51;101;0,03;89;88;87,13;0;M;1;JAV;0;82;77;93,9;113,23;0;57000;88846,76;1744,77;87101,99;152,81;0;1409;3080;66;3014;213,91;104,52;130,65;39325,43;30101,99;503,89;243,88;2056,63;1345,4;0,3;0,3;0;0;0;0;503,89;503,89
23/09/2026 17:26:43;31/08/2026;01/08/2026;31/08/2026;6;E;197;119;133823;173148,43;169795,09;2961,44;503,89;4764;4696;68;0;0;0;0;0;1830,25;167964,84;125,51;101;0,03;89;88;87,13;0;M;53;CASAKM;0;56;48;85,71;238,61;0;62847;72341,04;35,28;72305,76;115,05;0;1419;1299;1;1298;91,47;94;289,22;39325,43;9458,76;503,89;527,83;2056,63;1345,4;0,3;0,3;0;0;0;0;503,89;503,89
23/09/2026 17:26:43;31/08/2026;01/08/2026;31/08/2026;6;E;197;119;133823;173148,43;169795,09;2961,44;503,89;4764;4696;68;0;0;0;0;0;1830,25;167964,84;125,51;101;0,03;89;88;87,13;0;M;74;BRAVA;0;8;14;175;30,16;0;2020;2370,1;50,2;2319,9;114,85;0;12;39;1;38;316,67;8,82;11,6;39325,43;299,9;503,89;41,76;2056,63;1345,4;0,3;0,3;0;0;0;0;503,89;503,89
23/09/2026 17:26:43;31/08/2026;01/08/2026;31/08/2026;6;E;197;119;133823;173148,43;169795,09;2961,44;503,89;4764;4696;68;0;0;0;0;0;1830,25;167964,84;125,51;101;0,03;89;88;87,13;0;M;60;RICLAN;0;35;30;85,71;28,04;0;9436;5192,26;0;5192,26;55,03;0;560;310;0;310;55,36;0;0;39325,43;-4243,74;503,89;28,04;2056,63;1345,4;0,3;0,3;0;0;0;0;503,89;503,89
23/09/2026 17:26:43;31/08/2026;01/08/2026;31/08/2026;6;E;197;119;133823;173148,43;169795,09;2961,44;503,89;4764;4696;68;0;0;0;0;0;1830,25;167964,84;125,51;101;0,03;89;88;87,13;0;M;85;CUIDAX;0;10;3;30;0;0;2020;61,2;0;61,2;3,03;0;12;9;0;9;75;0;0;39325,43;-1958,8;503,89;0;2056,63;1345,4;0,3;0,3;0;0;0;0;503,89;503,89
23/09/2026 17:26:43;31/08/2026;01/08/2026;31/08/2026;6;E;197;119;133823;173148,43;169795,09;2961,44;503,89;4764;4696;68;0;0;0;0;0;1830,25;167964,84;125,51;101;0,03;89;88;87,13;0;M;15;QUEIJOS LELO;0;10;2;20;0;0;500;258,63;0;258,63;51,73;0;10;2;0;2;20;0;0;39325,43;-241,37;503,89;0;2056,63;1345,4;0,3;0,3;0;0;0;0;503,89;503,89
23/09/2026 17:26:43;31/08/2026;01/08/2026;31/08/2026;13;E;201;120;223833;150032,43;149800,47;4331,27;0;5983;5964;19;0;0;0;0;0;1076,73;148723,74;66,44;102;5493,01;84;88;86,27;0;M;1;JAV;0;84;78;92,86;117,19;0;120072,46;90896,76;753,05;90143,71;75,07;0;3537;2706;15;2691;76,08;0;0;-73800,57;-29928,75;0;117,19;617,16;266,59;0;0,2;0;0;0;0;297,45;297,45
23/09/2026 17:26:43;31/08/2026;01/08/2026;31/08/2026;13;E;364;61;90844;39545;45281,34;784,29;0;1575;1546;29;0;0;0;0;0;1266,12;44015,22;48,45;52;1606,02;32;36;69,23;0;M;1;JAV;0;39;27;69,23;0;0;24839,16;9573,34;0;9573,34;38,54;0;692;266;0;266;38,44;0;0;-51299;-15265,82;0;0;127,77;48,15;0;0,1;0;0;0;0;44,02;44,02
23/09/2026 17:26:43;31/08/2026;01/08/2026;31/08/2026;13;E;364;61;90844;39545;45281,34;784,29;0;1575;1546;29;0;0;0;0;0;1266,12;44015,22;48,45;52;1606,02;32;36;69,23;0;M;18;SABORELLE - RACAO;0;9;2;22,22;0;0;2000;312,61;0;312,61;15,63;0;15;2;0;2;13,33;0;0;-51299;-1687,39;0;0;127,77;48,15;0;0,1;0;0;0;0;44,02;44,02
23/09/2026 17:26:43;31/08/2026;01/08/2026;31/08/2026;13;E;364;61;90844;39545;45281,34;784,29;0;1575;1546;29;0;0;0;0;0;1266,12;44015,22;48,45;52;1606,02;32;36;69,23;0;M;61;DAVENE;0;10;;;0;0;500;;0;0;0;0;20;;;;0;0;0;-51299;-500;0;0;127,77;48,15;0;0,1;0;0;0;0;44,02;44,02
23/09/2026 17:26:43;31/08/2026;01/08/2026;31/08/2026;13;E;364;61;90844;39545;45281,34;784,29;0;1575;1546;29;0;0;0;0;0;1266,12;44015,22;48,45;52;1606,02;32;36;69,23;0;M;83;ROBINSON CRUSOE;0;15;;;0;0;200;;0;0;0;0;16;;;;0;0;0;-51299;-200;0;0;127,77;48,15;0;0,1;0;0;0;0;44,02;44,02
23/09/2026 17:26:43;31/08/2026;01/08/2026;31/08/2026;13;E;364;61;90844;39545;45281,34;784,29;0;1575;1546;29;0;0;0;0;0;1266,12;44015,22;48,45;52;1606,02;32;36;69,23;0;M;74;BRAVA;0;11;;;0;0;3009,9;;0;0;0;0;15;;;;0;0;0;-51299;-3009,9;0;0;127,77;48,15;0;0,1;0;0;0;0;44,02;44,02
23/09/2026 17:26:43;31/08/2026;01/08/2026;31/08/2026;13;E;364;61;90844;39545;45281,34;784,29;0;1575;1546;29;0;0;0;0;0;1266,12;44015,22;48,45;52;1606,02;32;36;69,23;0;M;51;GUANABARA;0;9;1;11,11;0;0;2000;85,92;0;85,92;4,3;0;14;1;0;1;7,14;0;0;-51299;-1914,08;0;0;127,77;48,15;0;0,1;0;0;0;0;44,02;44,02
23/09/2026 17:26:43;31/08/2026;01/08/2026;31/08/2026;13;E;364;61;90844;39545;45281,34;784,29;0;1575;1546;29;0;0;0;0;0;1266,12;44015,22;48,45;52;1606,02;32;36;69,23;0;M;20;CATAFESTA;0;12;;;0;0;600;;0;0;0;0;10;;;;0;0;0;-51299;-600;0;0;127,77;48,15;0;0,1;0;0;0;0;44,02;44,02
23/09/2026 17:26:43;31/08/2026;01/08/2026;31/08/2026;13;E;364;61;90844;39545;45281,34;784,29;0;1575;1546;29;0;0;0;0;0;1266,12;44015,22;48,45;52;1606,02;32;36;69,23;0;M;63;BRACELL;0;15;2;13,33;0;0;3021,08;185,47;0;185,47;6,14;0;17;3;0;3;17,65;0;0;-51299;-2835,61;0;0;127,77;48,15;0;0,1;0;0;0;0;44,02;44,02
23/09/2026 17:26:43;31/08/2026;01/08/2026;31/08/2026;13;E;364;61;90844;39545;45281,34;784,29;0;1575;1546;29;0;0;0;0;0;1266,12;44015,22;48,45;52;1606,02;32;36;69,23;0;M;52;GREEN;0;14;1;7,14;0;0;2136,07;308,5;0;308,5;14,44;0;21;8;0;8;38,1;0;0;-51299;-1827,57;0;0;127,77;48,15;0;0,1;0;0;0;0;44,02;44,02
23/09/2026 17:26:43;31/08/2026;01/08/2026;31/08/2026;13;E;364;61;90844;39545;45281,34;784,29;0;1575;1546;29;0;0;0;0;0;1266,12;44015,22;48,45;52;1606,02;32;36;69,23;0;M;65;MATUTA;0;10;;;0;0;1000;;0;0;0;0;7;;;;0;0;0;-51299;-1000;0;0;127,77;48,15;0;0,1;0;0;0;0;44,02;44,02
23/09/2026 17:26:43;31/08/2026;01/08/2026;31/08/2026;13;E;364;61;90844;39545;45281,34;784,29;0;1575;1546;29;0;0;0;0;0;1266,12;44015,22;48,45;52;1606,02;32;36;69,23;0;M;72;FRANBA;0;10;;;0;0;1000;;0;0;0;0;10;;;;0;0;0;-51299;-1000;0;0;127,77;48,15;0;0,1;0;0;0;0;44,02;44,02
23/09/2026 17:26:43;31/08/2026;01/08/2026;31/08/2026;13;E;364;61;90844;39545;45281,34;784,29;0;1575;1546;29;0;0;0;0;0;1266,12;44015,22;48,45;52;1606,02;32;36;69,23;0;M;15;QUEIJOS LELO;0;10;;;0;0;1523,72;;0;0;0;0;8;;;;0;0;0;-51299;-1523,72;0;0;127,77;48,15;0;0,1;0;0;0;0;44,02;44,02
23/09/2026 17:26:43;31/08/2026;01/08/2026;31/08/2026;13;E;364;61;90844;39545;45281,34;784,29;0;1575;1546;29;0;0;0;0;0;1266,12;44015,22;48,45;52;1606,02;32;36;69,23;0;M;6;SOL BEBIDAS;0;9;1;11,11;0;0;2000,36;46,08;0;46,08;2,3;0;0;1;0;1;;0;0;-51299;-1954,28;0;0;127,77;48,15;0;0,1;0;0;0;0;44,02;44,02
23/09/2026 17:26:43;31/08/2026;01/08/2026;31/08/2026;13;E;364;61;90844;39545;45281,34;784,29;0;1575;1546;29;0;0;0;0;0;1266,12;44015,22;48,45;52;1606,02;32;36;69,23;0;M;13;COPRA;0;10;9;90;7,17;0;7001,11;2171,6;0;2171,6;31,02;0;70;61;0;61;87,14;2,82;0;-51299;-4829,51;0;7,17;127,77;48,15;0;0,1;0;0;0;0;44,02;44,02
23/09/2026 17:26:43;31/08/2026;01/08/2026;31/08/2026;13;E;364;61;90844;39545;45281,34;784,29;0;1575;1546;29;0;0;0;0;0;1266,12;44015,22;48,45;52;1606,02;32;36;69,23;0;M;59;CASA SUICA;0;9;;;0;0;1100;;0;0;0;0;0;;;;;0;0;-51299;-1100;0;0;127,77;48,15;0;0,1;0;0;0;0;44,02;44,02
23/09/2026 17:26:43;31/08/2026;01/08/2026;31/08/2026;13;E;364;61;90844;39545;45281,34;784,29;0;1575;1546;29;0;0;0;0;0;1266,12;44015,22;48,45;52;1606,02;32;36;69,23;0;M;44;JDE;0;35;13;37,14;0;0;11476,78;3276,26;0;3276,26;28,55;0;543;457;0;457;84,16;0;0;-51299;-8200,52;0;0;127,77;48,15;0;0,1;0;0;0;0;44,02;44,02
23/09/2026 17:26:43;31/08/2026;01/08/2026;31/08/2026;13;E;364;61;90844;39545;45281,34;784,29;0;1575;1546;29;0;0;0;0;0;1266,12;44015,22;48,45;52;1606,02;32;36;69,23;0;M;69;GAMELEIRA;0;9;2;22,22;0;0;1540,39;220,11;0;220,11;14,29;0;8;4;0;4;50;0;0;-51299;-1320,28;0;0;127,77;48,15;0;0,1;0;0;0;0;44,02;44,02
23/09/2026 17:26:43;31/08/2026;01/08/2026;31/08/2026;13;E;364;61;90844;39545;45281,34;784,29;0;1575;1546;29;0;0;0;0;0;1266,12;44015,22;48,45;52;1606,02;32;36;69,23;0;M;66;COCO SHOW;0;9;1;11,11;0;0;1007,83;99,69;0;99,69;9,89;0;25;3;0;3;12;0;0;-51299;-908,14;0;0;127,77;48,15;0;0,1;0;0;0;0;44,02;44,02
23/09/2026 17:26:43;31/08/2026;01/08/2026;31/08/2026;20;E;365;49;95324;49583,11;53971,49;1450,17;0;1857;1778;79;0;0;0;0;0;2271,23;51700,26;54,24;42;2325,01;32;34;80,95;0;M;1;JAV;0;47;33;70,21;0;0;61810,56;34457,56;2037,79;32419,77;52,45;0;1626;1149;69;1080;66,42;0;0;-45740,89;-29390,79;0;0;104,69;85,79;0;0;0;0;0;0;0;0
23/09/2026 17:26:43;31/08/2026;01/08/2026;31/08/2026;20;E;365;49;95324;49583,11;53971,49;1450,17;0;1857;1778;79;0;0;0;0;0;2271,23;51700,26;54,24;42;2325,01;32;34;80,95;0;M;2;MARILAN;0;17;13;76,47;0;0;8569,9;9062,66;185,68;8876,98;103,58;0;267;220;4;216;80,9;0;17,75;-45740,89;307,08;0;17,75;104,69;85,79;0;0;0;0;0;0;0;0
23/09/2026 17:26:43;31/08/2026;01/08/2026;31/08/2026;20;E;365;49;95324;49583,11;53971,49;1450,17;0;1857;1778;79;0;0;0;0;0;2271,23;51700,26;54,24;42;2325,01;32;34;80,95;0;M;44;JDE;0;31;15;48,39;0;0;47434,34;7501,67;1068,68;6432,99;13,56;0;902;213;5;208;23,06;0;0;-45740,89;-41001,35;0;0;104,69;85,79;0;0;0;0;0;0;0;0
23/09/2026 17:26:43;31/08/2026;01/08/2026;31/08/2026;20;E;365;49;95324;49583,11;53971,49;1450,17;0;1857;1778;79;0;0;0;0;0;2271,23;51700,26;54,24;42;2325,01;32;34;80,95;0;M;69;GAMELEIRA;0;9;6;66,67;0;0;1000,85;679,71;47,76;631,95;63,14;0;16;11;1;10;62,5;0;0;-45740,89;-368,9;0;0;104,69;85,79;0;0;0;0;0;0;0;0
23/09/2026 17:26:43;31/08/2026;01/08/2026;31/08/2026;20;E;365;49;95324;49583,11;53971,49;1450,17;0;1857;1778;79;0;0;0;0;0;2271,23;51700,26;54,24;42;2325,01;32;34;80,95;0;M;74;BRAVA;0;6;;;0;0;1866,41;;0;0;0;0;8;;;;0;0;0;-45740,89;-1866,41;0;0;104,69;85,79;0;0;0;0;0;0;0;0
23/09/2026 17:26:43;31/08/2026;01/08/2026;31/08/2026;20;E;365;49;95324;49583,11;53971,49;1450,17;0;1857;1778;79;0;0;0;0;0;2271,23;51700,26;54,24;42;2325,01;32;34;80,95;0;M;13;COPRA;0;14;8;57,14;0;0;1754,57;1365,42;0;1365,42;77,82;0;38;50;0;50;131,58;4,23;0;-45740,89;-389,15;0;0;104,69;85,79;0;0;0;0;0;0;0;0
23/09/2026 17:26:43;31/08/2026;01/08/2026;31/08/2026;20;E;365;49;95324;49583,11;53971,49;1450,17;0;1857;1778;79;0;0;0;0;0;2271,23;51700,26;54,24;42;2325,01;32;34;80,95;0;M;51;GUANABARA;0;11;1;9,09;0;0;1000,62;253,39;0;253,39;25,32;0;5;2;0;2;40;0;0;-45740,89;-747,23;0;0;104,69;85,79;0;0;0;0;0;0;0;0
23/09/2026 17:26:43;31/08/2026;01/08/2026;31/08/2026;20;E;365;49;95324;49583,11;53971,49;1450,17;0;1857;1778;79;0;0;0;0;0;2271,23;51700,26;54,24;42;2325,01;32;34;80,95;0;M;83;ROBINSON CRUSOE;0;9;10;111,11;27,59;0;2000,35;2298,99;0;2298,99;114,93;0;13;19;0;19;146,15;8,74;25,29;-45740,89;298,64;0;52,88;104,69;85,79;0;0;0;0;0;0;0;0
23/09/2026 17:26:43;31/08/2026;01/08/2026;31/08/2026;20;E;365;49;95324;49583,11;53971,49;1450,17;0;1857;1778;79;0;0;0;0;0;2271,23;51700,26;54,24;42;2325,01;32;34;80,95;0;M;59;CASA SUICA;0;8;;;0;0;4132,98;;0;0;0;0;53;;;;0;0;0;-45740,89;-4132,98;0;0;104,69;85,79;0;0;0;0;0;0;0;0
23/09/2026 17:26:43;31/08/2026;01/08/2026;31/08/2026;20;E;365;49;95324;49583,11;53971,49;1450,17;0;1857;1778;79;0;0;0;0;0;2271,23;51700,26;54,24;42;2325,01;32;34;80,95;0;M;61;DAVENE;0;7;1;14,29;0;0;228,85;68,88;0;68,88;30,1;0;8;6;0;6;75;0;0;-45740,89;-159,97;0;0;104,69;85,79;0;0;0;0;0;0;0;0
23/09/2026 17:26:43;31/08/2026;01/08/2026;31/08/2026;20;E;365;49;95324;49583,11;53971,49;1450,17;0;1857;1778;79;0;0;0;0;0;2271,23;51700,26;54,24;42;2325,01;32;34;80,95;0;M;47;SOFFIE;0;7;;;0;0;1000,14;;0;0;0;0;7;;;;0;0;0;-45740,89;-1000,14;0;0;104,69;85,79;0;0;0;0;0;0;0;0
23/09/2026 17:26:43;31/08/2026;01/08/2026;31/08/2026;20;E;365;49;95324;49583,11;53971,49;1450,17;0;1857;1778;79;0;0;0;0;0;2271,23;51700,26;54,24;42;2325,01;32;34;80,95;0;M;66;COCO SHOW;0;6;7;116,67;9,19;0;1002,91;1148,98;0;1148,98;114,56;0;19;59;0;59;310,53;3,56;5,97;-45740,89;146,07;0;15,16;104,69;85,79;0;0;0;0;0;0;0;0
23/09/2026 17:26:43;31/08/2026;01/08/2026;31/08/2026;19;E;466;118;41471;80202,44;78752,86;1488,91;233,6;2576;2536;40;0;0;0;0;0;886,32;77866,54;187,76;100;1906,99;66;68;68;0;M;72;FRANBA;0;10;;;0;0;1733,95;;0;0;0;0;9;;;;0;0;0;38731,44;-1733,95;233,6;0;1070,45;709,82;0,3;0,3;0;0;0;0;233,6;233,6
23/09/2026 17:26:43;31/08/2026;01/08/2026;31/08/2026;19;E;466;118;41471;80202,44;78752,86;1488,91;233,6;2576;2536;40;0;0;0;0;0;886,32;77866,54;187,76;100;1906,99;66;68;68;0;M;66;COCO SHOW;0;4;4;100;2,49;0;825,61;311,5;0;311,5;37,73;0;15;9;0;9;60;0;0;38731,44;-514,11;233,6;2,49;1070,45;709,82;0,3;0,3;0;0;0;0;233,6;233,6
23/09/2026 17:26:43;31/08/2026;01/08/2026;31/08/2026;19;E;466;118;41471;80202,44;78752,86;1488,91;233,6;2576;2536;40;0;0;0;0;0;886,32;77866,54;187,76;100;1906,99;66;68;68;0;M;51;GUANABARA;0;15;2;13,33;0;0;1000;580,18;0;580,18;58,02;0;10;4;0;4;40;0;0;38731,44;-419,82;233,6;0;1070,45;709,82;0,3;0,3;0;0;0;0;233,6;233,6
23/09/2026 17:26:43;31/08/2026;01/08/2026;31/08/2026;19;E;466;118;41471;80202,44;78752,86;1488,91;233,6;2576;2536;40;0;0;0;0;0;886,32;77866,54;187,76;100;1906,99;66;68;68;0;M;61;DAVENE;0;5;2;40;0;0;1000;67,83;0;67,83;6,78;0;26;9;0;9;34,62;0;0;38731,44;-932,17;233,6;0;1070,45;709,82;0,3;0,3;0;0;0;0;233,6;233,6
23/09/2026 17:26:43;31/08/2026;01/08/2026;31/08/2026;19;E;466;118;41471;80202,44;78752,86;1488,91;233,6;2576;2536;40;0;0;0;0;0;886,32;77866,54;187,76;100;1906,99;66;68;68;0;M;47;SOFFIE;0;9;;;0;0;1000,99;;0;0;0;0;13;;;;0;0;0;38731,44;-1000,99;233,6;0;1070,45;709,82;0,3;0,3;0;0;0;0;233,6;233,6
23/09/2026 17:26:43;31/08/2026;01/08/2026;31/08/2026;19;E;466;118;41471;80202,44;78752,86;1488,91;233,6;2576;2536;40;0;0;0;0;0;886,32;77866,54;187,76;100;1906,99;66;68;68;0;M;59;CASA SUICA;0;4;;;0;0;1000,94;;0;0;0;0;8;;;;0;0;0;38731,44;-1000,94;233,6;0;1070,45;709,82;0,3;0,3;0;0;0;0;233,6;233,6
23/09/2026 17:26:43;31/08/2026;01/08/2026;31/08/2026;19;E;466;118;41471;80202,44;78752,86;1488,91;233,6;2576;2536;40;0;0;0;0;0;886,32;77866,54;187,76;100;1906,99;66;68;68;0;M;74;BRAVA;0;9;4;44,44;0;0;1000,78;466,76;0;466,76;46,64;0;27;8;0;8;29,63;0;0;38731,44;-534,02;233,6;0;1070,45;709,82;0,3;0,3;0;0;0;0;233,6;233,6
23/09/2026 17:26:43;31/08/2026;01/08/2026;31/08/2026;19;E;466;118;41471;80202,44;78752,86;1488,91;233,6;2576;2536;40;0;0;0;0;0;886,32;77866,54;187,76;100;1906,99;66;68;68;0;M;63;BRACELL;0;7;8;114,29;14,91;0;1000,37;1863,64;0;1863,64;186,3;0;85;101;0;101;118,82;5,78;7,45;38731,44;863,27;233,6;22,36;1070,45;709,82;0,3;0,3;0;0;0;0;233,6;233,6
23/09/2026 17:26:43;31/08/2026;01/08/2026;31/08/2026;19;E;466;118;41471;80202,44;78752,86;1488,91;233,6;2576;2536;40;0;0;0;0;0;886,32;77866,54;187,76;100;1906,99;66;68;68;0;M;20;CATAFESTA;0;9;;;0;0;553,78;;0;0;0;0;10;;;;0;0;0;38731,44;-553,78;233,6;0;1070,45;709,82;0,3;0,3;0;0;0;0;233,6;233,6
23/09/2026 17:26:43;31/08/2026;01/08/2026;31/08/2026;19;E;466;118;41471;80202,44;78752,86;1488,91;233,6;2576;2536;40;0;0;0;0;0;886,32;77866,54;187,76;100;1906,99;66;68;68;0;M;18;SABORELLE - RACAO;0;10;7;70;0;0;1037,16;4034,78;0;4034,78;389,02;0;25;33;0;33;132;12,51;16,14;38731,44;2997,62;233,6;16,14;1070,45;709,82;0,3;0,3;0;0;0;0;233,6;233,6
23/09/2026 17:26:43;31/08/2026;01/08/2026;31/08/2026;19;E;466;118;41471;80202,44;78752,86;1488,91;233,6;2576;2536;40;0;0;0;0;0;886,32;77866,54;187,76;100;1906,99;66;68;68;0;M;82;ZICO;0;10;2;20;0;0;1000;1183,2;0;1183,2;118,32;0;10;7;0;7;70;0;;38731,44;183,2;233,6;;1070,45;709,82;0,3;0,3;0;0;0;0;233,6;233,6
23/09/2026 17:26:43;31/08/2026;01/08/2026;31/08/2026;19;E;466;118;41471;80202,44;78752,86;1488,91;233,6;2576;2536;40;0;0;0;0;0;886,32;77866,54;187,76;100;1906,99;66;68;68;0;M;13;COPRA;0;21;27;128,57;61,38;0;2386,17;7672,77;0;7672,77;321,55;0;256;255;0;255;99,61;9,97;30,69;38731,44;5286,6;233,6;92,07;1070,45;709,82;0,3;0,3;0;0;0;0;233,6;233,6
23/09/2026 17:26:43;31/08/2026;01/08/2026;31/08/2026;26;E;480;60;29136;43743,05;42274,56;1131,61;117,78;1482;1195;287;0;0;0;0;0;3013,58;39260,98;134,75;51;631,01;36;36;70,59;0;M;1;JAV;0;36;32;88,89;32,58;0;12831,26;26828,83;1764,55;25064,28;195,34;0;326;643;116;527;161,66;30,08;50,13;14607,05;12233,02;117,78;82,71;480,91;299,48;0,3;0,3;0;0;0;0;117,78;117,78
23/09/2026 17:26:43;31/08/2026;01/08/2026;31/08/2026;26;E;480;60;29136;43743,05;42274,56;1131,61;117,78;1482;1195;287;0;0;0;0;0;3013,58;39260,98;134,75;51;631,01;36;36;70,59;0;M;6;SOL BEBIDAS;0;4;;;0;0;565,85;;36,79;-36,79;-6,5;0;9;0;1;-1;-11,11;0;0;14607,05;-602,64;117,78;0;480,91;299,48;0,3;0,3;0;0;0;0;117,78;117,78
23/09/2026 17:26:43;31/08/2026;01/08/2026;31/08/2026;13;E;201;120;223833;150032,43;149800,47;4331,27;0;5983;5964;19;0;0;0;0;0;1076,73;148723,74;66,44;102;5493,01;84;88;86,27;0;M;13;COPRA;0;26;21;80,77;0;0;8083,67;3164,45;17,01;3147,44;38,94;0;127;93;1;92;72,44;0;0;-73800,57;-4936,23;0;0;617,16;266,59;0;0,2;0;0;0;0;297,45;297,45
23/09/2026 17:26:43;31/08/2026;01/08/2026;31/08/2026;13;E;201;120;223833;150032,43;149800,47;4331,27;0;5983;5964;19;0;0;0;0;0;1076,73;148723,74;66,44;102;5493,01;84;88;86,27;0;M;18;SABORELLE - RACAO;0;9;3;33,33;0;0;2012,24;637,9;203,93;433,97;21,57;0;2;19;1;18;900;1,35;0;-73800,57;-1578,27;0;0;617,16;266,59;0;0,2;0;0;0;0;297,45;297,45
23/09/2026 17:26:43;31/08/2026;01/08/2026;31/08/2026;13;E;201;120;223833;150032,43;149800,47;4331,27;0;5983;5964;19;0;0;0;0;0;1076,73;148723,74;66,44;102;5493,01;84;88;86,27;0;M;60;RICLAN;0;20;17;85;11,95;0;2044,65;2229,6;15,99;2213,61;108,26;0;150;176;1;175;116,67;8,41;14,39;-73800,57;168,96;0;26,34;617,16;266,59;0;0,2;0;0;0;0;297,45;297,45
23/09/2026 17:26:43;31/08/2026;01/08/2026;31/08/2026;13;E;201;120;223833;150032,43;149800,47;4331,27;0;5983;5964;19;0;0;0;0;0;1076,73;148723,74;66,44;102;5493,01;84;88;86,27;0;M;63;BRACELL;0;14;6;42,86;0;0;4995,64;1281,5;86,75;1194,75;23,92;0;83;51;1;50;60,24;0;0;-73800,57;-3800,89;0;0;617,16;266,59;0;0,2;0;0;0;0;297,45;297,45
23/09/2026 17:26:43;31/08/2026;01/08/2026;31/08/2026;13;E;201;120;223833;150032,43;149800,47;4331,27;0;5983;5964;19;0;0;0;0;0;1076,73;148723,74;66,44;102;5493,01;84;88;86,27;0;M;69;GAMELEIRA;0;10;1;10;0;0;1000;148,3;0;148,3;14,83;0;10;2;0;2;20;0;0;-73800,57;-851,7;0;0;617,16;266,59;0;0,2;0;0;0;0;297,45;297,45
23/09/2026 17:26:43;31/08/2026;01/08/2026;31/08/2026;13;E;201;120;223833;150032,43;149800,47;4331,27;0;5983;5964;19;0;0;0;0;0;1076,73;148723,74;66,44;102;5493,01;84;88;86,27;0;M;52;GREEN;0;14;8;57,14;0;0;3027,95;1911,69;0;1911,69;63,13;0;21;29;0;29;138,1;7,26;0;-73800,57;-1116,26;0;0;617,16;266,59;0;0,2;0;0;0;0;297,45;297,45
23/09/2026 17:26:43;31/08/2026;01/08/2026;31/08/2026;13;E;201;120;223833;150032,43;149800,47;4331,27;0;5983;5964;19;0;0;0;0;0;1076,73;148723,74;66,44;102;5493,01;84;88;86,27;0;M;74;BRAVA;0;10;8;80;0;0;3037,81;675,9;0;675,9;22,25;0;52;18;0;18;34,62;0;0;-73800,57;-2361,91;0;0;617,16;266,59;0;0,2;0;0;0;0;297,45;297,45
23/09/2026 17:26:43;31/08/2026;01/08/2026;31/08/2026;13;E;201;120;223833;150032,43;149800,47;4331,27;0;5983;5964;19;0;0;0;0;0;1076,73;148723,74;66,44;102;5493,01;84;88;86,27;0;M;61;DAVENE;0;15;;;0;0;633,88;;0;0;0;0;39;;;;0;0;0;-73800,57;-633,88;0;0;617,16;266,59;0;0,2;0;0;0;0;297,45;297,45
23/09/2026 17:26:43;31/08/2026;01/08/2026;31/08/2026;13;E;201;120;223833;150032,43;149800,47;4331,27;0;5983;5964;19;0;0;0;0;0;1076,73;148723,74;66,44;102;5493,01;84;88;86,27;0;M;65;MATUTA;0;10;;;0;0;1000;;0;0;0;0;7;;;;0;0;0;-73800,57;-1000;0;0;617,16;266,59;0;0,2;0;0;0;0;297,45;297,45
23/09/2026 17:26:43;31/08/2026;01/08/2026;31/08/2026;13;E;201;120;223833;150032,43;149800,47;4331,27;0;5983;5964;19;0;0;0;0;0;1076,73;148723,74;66,44;102;5493,01;84;88;86,27;0;M;82;ZICO;0;21;2;9,52;0;0;1000;510;0;510;51;0;10;3;0;3;30;0;0;-73800,57;-490;0;0;617,16;266,59;0;0,2;0;0;0;0;297,45;297,45
23/09/2026 17:26:43;31/08/2026;01/08/2026;31/08/2026;13;E;201;120;223833;150032,43;149800,47;4331,27;0;5983;5964;19;0;0;0;0;0;1076,73;148723,74;66,44;102;5493,01;84;88;86,27;0;M;15;QUEIJOS LELO;0;15;4;26,67;0;0;2286,9;672,25;0;672,25;29,4;0;11;5;0;5;45,45;0;0;-73800,57;-1614,65;0;0;617,16;266,59;0;0,2;0;0;0;0;297,45;297,45
23/09/2026 17:26:43;31/08/2026;01/08/2026;31/08/2026;13;E;201;120;223833;150032,43;149800,47;4331,27;0;5983;5964;19;0;0;0;0;0;1076,73;148723,74;66,44;102;5493,01;84;88;86,27;0;M;83;ROBINSON CRUSOE;0;12;4;33,33;0;0;4165,97;1058,44;0;1058,44;25,41;0;22;10;0;10;45,45;0;0;-73800,57;-3107,53;0;0;617,16;266,59;0;0,2;0;0;0;0;297,45;297,45
23/09/2026 17:26:43;31/08/2026;01/08/2026;31/08/2026;13;E;201;120;223833;150032,43;149800,47;4331,27;0;5983;5964;19;0;0;0;0;0;1076,73;148723,74;66,44;102;5493,01;84;88;86,27;0;M;6;SOL BEBIDAS;0;11;2;18,18;0;0;2026,19;105,62;0;105,62;5,21;0;9;3;0;3;33,33;0;0;-73800,57;-1920,57;0;0;617,16;266,59;0;0,2;0;0;0;0;297,45;297,45
23/09/2026 17:26:43;31/08/2026;01/08/2026;31/08/2026;13;E;201;120;223833;150032,43;149800,47;4331,27;0;5983;5964;19;0;0;0;0;0;1076,73;148723,74;66,44;102;5493,01;84;88;86,27;0;M;53;CASAKM;0;20;21;105;60,96;0;6201,17;7619,48;0;7619,48;122,87;0;145;146;0;146;100,69;23,62;39,62;-73800,57;1418,31;0;100,58;617,16;266,59;0;0,2;0;0;0;0;297,45;297,45
23/09/2026 17:26:43;31/08/2026;01/08/2026;31/08/2026;13;E;201;120;223833;150032,43;149800,47;4331,27;0;5983;5964;19;0;0;0;0;0;1076,73;148723,74;66,44;102;5493,01;84;88;86,27;0;M;72;FRANBA;0;10;2;20;0;0;1050,67;304,49;0;304,49;28,98;0;9;3;0;3;33,33;0;0;-73800,57;-746,18;0;0;617,16;266,59;0;0,2;0;0;0;0;297,45;297,45
23/09/2026 17:26:43;31/08/2026;01/08/2026;31/08/2026;13;E;201;120;223833;150032,43;149800,47;4331,27;0;5983;5964;19;0;0;0;0;0;1076,73;148723,74;66,44;102;5493,01;84;88;86,27;0;M;20;CATAFESTA;0;9;;;0;0;527,48;;0;0;0;0;10;;;;0;0;0;-73800,57;-527,48;0;0;617,16;266,59;0;0,2;0;0;0;0;297,45;297,45
23/09/2026 17:26:43;31/08/2026;01/08/2026;31/08/2026;13;E;201;120;223833;150032,43;149800,47;4331,27;0;5983;5964;19;0;0;0;0;0;1076,73;148723,74;66,44;102;5493,01;84;88;86,27;0;M;47;SOFFIE;0;13;;;0;0;700,72;;0;0;0;0;9;;;;0;0;0;-73800,57;-700,72;0;0;617,16;266,59;0;0,2;0;0;0;0;297,45;297,45
23/09/2026 17:26:43;31/08/2026;01/08/2026;31/08/2026;13;E;201;120;223833;150032,43;149800,47;4331,27;0;5983;5964;19;0;0;0;0;0;1076,73;148723,74;66,44;102;5493,01;84;88;86,27;0;M;66;COCO SHOW;0;4;1;25;0;0;1002,08;69,36;0;69,36;6,92;0;49;1;0;1;2,04;0;0;-73800,57;-932,72;0;0;617,16;266,59;0;0,2;0;0;0;0;297,45;297,45
23/09/2026 17:26:43;31/08/2026;01/08/2026;31/08/2026;13;E;201;120;223833;150032,43;149800,47;4331,27;0;5983;5964;19;0;0;0;0;0;1076,73;148723,74;66,44;102;5493,01;84;88;86,27;0;M;2;MARILAN;0;64;54;84,38;0;0;55433,5;34519,11;0;34519,11;62,27;0;1152;936;0;936;81,25;0;0;-73800,57;-20914,39;0;0;617,16;266,59;0;0,2;0;0;0;0;297,45;297,45
23/09/2026 17:26:43;31/08/2026;01/08/2026;31/08/2026;13;E;201;120;223833;150032,43;149800,47;4331,27;0;5983;5964;19;0;0;0;0;0;1076,73;148723,74;66,44;102;5493,01;84;88;86,27;0;M;59;CASA SUICA;0;10;;;0;0;1017,31;;0;0;0;0;9;;;;0;0;0;-73800,57;-1017,31;0;0;617,16;266,59;0;0,2;0;0;0;0;297,45;297,45
23/09/2026 17:26:43;31/08/2026;01/08/2026;31/08/2026;13;E;201;120;223833;150032,43;149800,47;4331,27;0;5983;5964;19;0;0;0;0;0;1076,73;148723,74;66,44;102;5493,01;84;88;86,27;0;M;51;GUANABARA;0;14;11;78,57;0;0;2512,82;3458,97;0;3458,97;137,65;0;30;24;0;24;80;0;22,48;-73800,57;946,15;0;22,48;617,16;266,59;0;0,2;0;0;0;0;297,45;297,45
23/09/2026 17:26:43;31/08/2026;01/08/2026;31/08/2026;13;E;201;120;223833;150032,43;149800,47;4331,27;0;5983;5964;19;0;0;0;0;0;1076,73;148723,74;66,44;102;5493,01;84;88;86,27;0;M;44;JDE;0;45;37;82,22;0;0;118404,31;20793,34;0;20793,34;17,56;0;1656;1729;0;1729;104,41;12,48;0;-73800,57;-97610,97;0;0;617,16;266,59;0;0,2;0;0;0;0;297,45;297,45
23/09/2026 17:26:43;31/08/2026;01/08/2026;31/08/2026;26;E;224;90;106917;58648,34;63847,33;2708,64;0;2796;2672;124;0;0;0;0;0;1983,32;61864,01;57,86;77;3287;40;38;49,35;0;M;44;JDE;0;18;30;166,67;208,12;0;195525,47;139260,36;514,44;138745,92;70,96;0;1133;957;2;955;84,29;0;0;-48268,66;-56779,55;0;208,12;223,08;218,79;0;0;0;0;0;0;0;0
23/09/2026 17:26:43;31/08/2026;01/08/2026;31/08/2026;26;E;224;90;106917;58648,34;63847,33;2708,64;0;2796;2672;124;0;0;0;0;0;1983,32;61864,01;57,86;77;3287;40;38;49,35;0;M;52;GREEN;0;9;3;33,33;0;0;4226,03;414,74;63,28;351,46;8,32;0;94;9;1;8;8,51;0;0;-48268,66;-3874,57;0;0;223,08;218,79;0;0;0;0;0;0;0;0
23/09/2026 17:26:43;31/08/2026;01/08/2026;31/08/2026;26;E;224;90;106917;58648,34;63847,33;2708,64;0;2796;2672;124;0;0;0;0;0;1983,32;61864,01;57,86;77;3287;40;38;49,35;0;M;53;CASAKM;0;9;4;44,44;0;0;5133,61;1488,94;48,92;1440,02;28,05;0;105;21;1;20;19,05;0;0;-48268,66;-3693,59;0;0;223,08;218,79;0;0;0;0;0;0;0;0
23/09/2026 17:26:43;31/08/2026;01/08/2026;31/08/2026;26;E;224;90;106917;58648,34;63847,33;2708,64;0;2796;2672;124;0;0;0;0;0;1983,32;61864,01;57,86;77;3287;40;38;49,35;0;M;60;RICLAN;0;13;4;30,77;0;0;1553,4;506,97;10,6;496,37;31,95;0;115;23;1;22;19,13;0;0;-48268,66;-1057,03;0;0;223,08;218,79;0;0;0;0;0;0;0;0
23/09/2026 17:26:43;31/08/2026;01/08/2026;31/08/2026;26;E;224;90;106917;58648,34;63847,33;2708,64;0;2796;2672;124;0;0;0;0;0;1983,32;61864,01;57,86;77;3287;40;38;49,35;0;M;84;CAPRICHE;0;13;27;207,69;;0;4238,8;8841,4;1860,52;6980,88;164,69;0;150;365;119;246;164;;;-48268,66;2742,08;0;;223,08;218,79;0;0;0;0;0;0;0;0
23/09/2026 17:26:43;31/08/2026;01/08/2026;31/08/2026;26;E;224;90;106917;58648,34;63847,33;2708,64;0;2796;2672;124;0;0;0;0;0;1983,32;61864,01;57,86;77;3287;40;38;49,35;0;M;69;GAMELEIRA;0;10;1;10;0;0;2221,42;0;0;0;0;0;15;7;0;7;46,67;0;0;-48268,66;-2221,42;0;0;223,08;218,79;0;0;0;0;0;0;0;0
23/09/2026 17:26:43;31/08/2026;01/08/2026;31/08/2026;26;E;224;90;106917;58648,34;63847,33;2708,64;0;2796;2672;124;0;0;0;0;0;1983,32;61864,01;57,86;77;3287;40;38;49,35;0;M;82;ZICO;0;10;1;10;0;0;614,64;1700;0;1700;276,58;0;10;10;0;10;100;;;-48268,66;1085,36;0;;223,08;218,79;0;0;0;0;0;0;0;0
23/09/2026 17:26:43;31/08/2026;01/08/2026;31/08/2026;20;E;365;49;95324;49583,11;53971,49;1450,17;0;1857;1778;79;0;0;0;0;0;2271,23;51700,26;54,24;42;2325,01;32;34;80,95;0;M;72;FRANBA;0;13;5;38,46;0;0;606,9;465,12;0;465,12;76,64;0;7;5;0;5;71,43;0;0;-45740,89;-141,78;0;0;104,69;85,79;0;0;0;0;0;0;0;0
23/09/2026 17:26:43;31/08/2026;01/08/2026;31/08/2026;20;E;365;49;95324;49583,11;53971,49;1450,17;0;1857;1778;79;0;0;0;0;0;2271,23;51700,26;54,24;42;2325,01;32;34;80,95;0;M;52;GREEN;0;5;;;0;0;1000,21;;0;0;0;0;7;;;;0;0;0;-45740,89;-1000,21;0;0;104,69;85,79;0;0;0;0;0;0;0;0
23/09/2026 17:26:43;31/08/2026;01/08/2026;31/08/2026;20;E;365;49;95324;49583,11;53971,49;1450,17;0;1857;1778;79;0;0;0;0;0;2271,23;51700,26;54,24;42;2325,01;32;34;80,95;0;M;6;SOL BEBIDAS;0;6;;;0;0;1000,03;;0;0;0;0;9;;;;0;0;0;-45740,89;-1000,03;0;0;104,69;85,79;0;0;0;0;0;0;0;0
23/09/2026 17:26:43;31/08/2026;01/08/2026;31/08/2026;20;E;365;49;95324;49583,11;53971,49;1450,17;0;1857;1778;79;0;0;0;0;0;2271,23;51700,26;54,24;42;2325,01;32;34;80,95;0;M;53;CASAKM;0;8;4;50;0;0;1508,89;765,74;0;765,74;50,75;0;14;18;0;18;128,57;2,37;0;-45740,89;-743,15;0;0;104,69;85,79;0;0;0;0;0;0;0;0
23/09/2026 17:26:43;31/08/2026;01/08/2026;31/08/2026;20;E;365;49;95324;49583,11;53971,49;1450,17;0;1857;1778;79;0;0;0;0;0;2271,23;51700,26;54,24;42;2325,01;32;34;80,95;0;M;63;BRACELL;0;12;8;66,67;0;0;3641,97;2199,38;0;2199,38;60,39;0;103;47;0;47;45,63;0;0;-45740,89;-1442,59;0;0;104,69;85,79;0;0;0;0;0;0;0;0
23/09/2026 17:26:43;31/08/2026;01/08/2026;31/08/2026;20;E;365;49;95324;49583,11;53971,49;1450,17;0;1857;1778;79;0;0;0;0;0;2271,23;51700,26;54,24;42;2325,01;32;34;80,95;0;M;18;SABORELLE - RACAO;0;5;;;0;0;1309;;0;0;0;0;11;;;;0;0;0;-45740,89;-1309;0;0;104,69;85,79;0;0;0;0;0;0;0;0
23/09/2026 17:26:43;31/08/2026;01/08/2026;31/08/2026;20;E;365;49;95324;49583,11;53971,49;1450,17;0;1857;1778;79;0;0;0;0;0;2271,23;51700,26;54,24;42;2325,01;32;34;80,95;0;M;60;RICLAN;0;12;9;75;0;0;1389,5;624,73;0;624,73;44,96;0;104;49;0;49;47,12;0;0;-45740,89;-764,77;0;0;104,69;85,79;0;0;0;0;0;0;0;0
23/09/2026 17:26:43;31/08/2026;01/08/2026;31/08/2026;20;E;365;49;95324;49583,11;53971,49;1450,17;0;1857;1778;79;0;0;0;0;0;2271,23;51700,26;54,24;42;2325,01;32;34;80,95;0;M;82;ZICO;0;10;1;10;0;0;500;174;0;174;34,8;0;10;1;0;1;10;0;0;-45740,89;-326;0;0;104,69;85,79;0;0;0;0;0;0;0;0
23/09/2026 17:26:43;31/08/2026;01/08/2026;31/08/2026;27;E;366;73;120360;144500,21;144500,21;4918,62;429,56;6986;6951;35;0;0;0;0;0;1314,13;143186,08;118,96;62;3631,11;61;61;98,39;0;M;13;COPRA;0;22;15;68,18;0;0;10989,6;14800,2;96;14704,2;133,8;0;258;368;12;356;137,98;45,58;76,46;24140,21;3714,6;429,56;76,46;1095,13;619,99;0,3;0,3;0;0;0;0;429,56;429,56
23/09/2026 17:26:43;31/08/2026;01/08/2026;31/08/2026;27;E;366;73;120360;144500,21;144500,21;4918,62;429,56;6986;6951;35;0;0;0;0;0;1314,13;143186,08;118,96;62;3631,11;61;61;98,39;0;M;60;RICLAN;0;12;12;100;25,17;0;3931,86;1945,7;9,73;1935,97;49,24;0;280;121;1;120;42,86;0;0;24140,21;-1995,89;429,56;25,17;1095,13;619,99;0,3;0,3;0;0;0;0;429,56;429,56
23/09/2026 17:26:43;31/08/2026;01/08/2026;31/08/2026;27;E;366;73;120360;144500,21;144500,21;4918,62;429,56;6986;6951;35;0;0;0;0;0;1314,13;143186,08;118,96;62;3631,11;61;61;98,39;0;M;47;SOFFIE;0;10;;;0;0;1000;;0;0;0;0;6;;;;0;0;0;24140,21;-1000;429,56;0;1095,13;619,99;0,3;0,3;0;0;0;0;429,56;429,56
23/09/2026 17:26:43;31/08/2026;01/08/2026;31/08/2026;27;E;366;73;120360;144500,21;144500,21;4918,62;429,56;6986;6951;35;0;0;0;0;0;1314,13;143186,08;118,96;62;3631,11;61;61;98,39;0;M;20;CATAFESTA;0;21;;;0;0;1000;;0;0;0;0;10;;;;0;0;0;24140,21;-1000;429,56;0;1095,13;619,99;0,3;0,3;0;0;0;0;429,56;429,56
23/09/2026 17:26:43;31/08/2026;01/08/2026;31/08/2026;27;E;366;73;120360;144500,21;144500,21;4918,62;429,56;6986;6951;35;0;0;0;0;0;1314,13;143186,08;118,96;62;3631,11;61;61;98,39;0;M;18;SABORELLE - RACAO;0;10;2;20;0;0;2000,26;1112,54;0;1112,54;55,62;0;15;6;0;6;40;0;0;24140,21;-887,72;429,56;0;1095,13;619,99;0,3;0,3;0;0;0;0;429,56;429,56
23/09/2026 17:26:43;31/08/2026;01/08/2026;31/08/2026;27;E;366;73;120360;144500,21;144500,21;4918,62;429,56;6986;6951;35;0;0;0;0;0;1314,13;143186,08;118,96;62;3631,11;61;61;98,39;0;M;2;MARILAN;0;40;35;87,5;64,98;0;90041,9;49983,27;0;49983,27;55,51;0;2759;1995;0;1995;72,31;0;0;24140,21;-40058,63;429,56;64,98;1095,13;619,99;0,3;0,3;0;0;0;0;429,56;429,56
23/09/2026 17:26:43;31/08/2026;01/08/2026;31/08/2026;27;E;366;73;120360;144500,21;144500,21;4918,62;429,56;6986;6951;35;0;0;0;0;0;1314,13;143186,08;118,96;62;3631,11;61;61;98,39;0;M;53;CASAKM;0;9;10;111,11;23,82;0;7395,9;2978,12;0;2978,12;40,27;0;140;53;0;53;37,86;0;0;24140,21;-4417,78;429,56;23,82;1095,13;619,99;0,3;0,3;0;0;0;0;429,56;429,56
23/09/2026 17:26:43;31/08/2026;01/08/2026;31/08/2026;27;E;366;73;120360;144500,21;144500,21;4918,62;429,56;6986;6951;35;0;0;0;0;0;1314,13;143186,08;118,96;62;3631,11;61;61;98,39;0;M;59;CASA SUICA;0;9;;;0;0;2000;;0;0;0;0;138;;;;0;0;0;24140,21;-2000;429,56;0;1095,13;619,99;0,3;0,3;0;0;0;0;429,56;429,56
23/09/2026 17:26:43;31/08/2026;01/08/2026;31/08/2026;27;E;366;73;120360;144500,21;144500,21;4918,62;429,56;6986;6951;35;0;0;0;0;0;1314,13;143186,08;118,96;62;3631,11;61;61;98,39;0;M;15;QUEIJOS LELO;0;13;3;23,08;0;0;1000,49;804,88;0;804,88;80,45;0;25;6;0;6;24;0;0;24140,21;-195,61;429,56;0;1095,13;619,99;0,3;0,3;0;0;0;0;429,56;429,56
23/09/2026 17:26:43;31/08/2026;01/08/2026;31/08/2026;27;E;366;73;120360;144500,21;144500,21;4918,62;429,56;6986;6951;35;0;0;0;0;0;1314,13;143186,08;118,96;62;3631,11;61;61;98,39;0;M;51;GUANABARA;0;1;;;0;0;1000;;0;0;0;0;0;;;;;0;0;24140,21;-1000;429,56;0;1095,13;619,99;0,3;0,3;0;0;0;0;429,56;429,56
23/09/2026 17:26:43;31/08/2026;01/08/2026;31/08/2026;13;E;367;117;138374;129026,44;124178,51;4289,05;0;3987;3936;51;0;0;0;0;0;1507,92;122670,59;88,65;99;3657,14;72;69;69,7;0;M;2;MARILAN;0;68;52;76,47;0;0;67304,36;65389,64;67,61;65322,03;97,05;0;1915;2442;1;2441;127,47;78,39;65,32;-9347,56;-1982,33;0;65,32;763,59;306,55;0;0,2;0;0;0;0;245,34;245,34
23/09/2026 17:26:43;31/08/2026;01/08/2026;31/08/2026;13;E;367;117;138374;129026,44;124178,51;4289,05;0;3987;3936;51;0;0;0;0;0;1507,92;122670,59;88,65;99;3657,14;72;69;69,7;0;M;13;COPRA;0;53;34;64,15;0;0;15023,56;10909,5;359,76;10549,74;70,22;0;589;348;24;324;55,01;0;0;-9347,56;-4473,82;0;0;763,59;306,55;0;0,2;0;0;0;0;245,34;245,34
23/09/2026 17:26:43;31/08/2026;01/08/2026;31/08/2026;13;E;367;117;138374;129026,44;124178,51;4289,05;0;3987;3936;51;0;0;0;0;0;1507,92;122670,59;88,65;99;3657,14;72;69;69,7;0;M;53;CASAKM;0;50;45;90;131,77;0;40941,6;40974,61;1044,24;39930,37;97,53;0;857;1032;23;1009;117,74;123,78;103,82;-9347,56;-1011,23;0;235,59;763,59;306,55;0;0,2;0;0;0;0;245,34;245,34
23/09/2026 17:26:43;31/08/2026;01/08/2026;31/08/2026;13;E;367;117;138374;129026,44;124178,51;4289,05;0;3987;3936;51;0;0;0;0;0;1507,92;122670,59;88,65;99;3657,14;72;69;69,7;0;M;60;RICLAN;0;22;11;50;0;0;2096,88;1510,34;36,31;1474,03;70,3;0;178;73;3;70;39,33;0;0;-9347,56;-622,85;0;0;763,59;306,55;0;0,2;0;0;0;0;245,34;245,34
23/09/2026 17:26:43;31/08/2026;01/08/2026;31/08/2026;13;E;367;117;138374;129026,44;124178,51;4289,05;0;3987;3936;51;0;0;0;0;0;1507,92;122670,59;88,65;99;3657,14;72;69;69,7;0;M;66;COCO SHOW;0;0;3;;0;0;1000;212,76;0;212,76;21,28;0;0;20;0;20;;0;0;-9347,56;-787,24;0;0;763,59;306,55;0;0,2;0;0;0;0;245,34;245,34
23/09/2026 17:26:43;31/08/2026;01/08/2026;31/08/2026;13;E;367;117;138374;129026,44;124178,51;4289,05;0;3987;3936;51;0;0;0;0;0;1507,92;122670,59;88,65;99;3657,14;72;69;69,7;0;M;47;SOFFIE;0;20;;;0;0;744,24;;0;0;0;0;8;;;;0;0;0;-9347,56;-744,24;0;0;763,59;306,55;0;0,2;0;0;0;0;245,34;245,34
23/09/2026 17:26:43;31/08/2026;01/08/2026;31/08/2026;13;E;367;117;138374;129026,44;124178,51;4289,05;0;3987;3936;51;0;0;0;0;0;1507,92;122670,59;88,65;99;3657,14;72;69;69,7;0;M;20;CATAFESTA;0;12;;;0;0;500;;0;0;0;0;10;;;;0;0;0;-9347,56;-500;0;0;763,59;306,55;0;0,2;0;0;0;0;245,34;245,34
23/09/2026 17:26:43;31/08/2026;01/08/2026;31/08/2026;13;E;367;117;138374;129026,44;124178,51;4289,05;0;3987;3936;51;0;0;0;0;0;1507,92;122670,59;88,65;99;3657,14;72;69;69,7;0;M;18;SABORELLE - RACAO;0;10;3;30;0;0;2488,98;2170,37;0;2170,37;87,2;0;11;18;0;18;163,64;6,73;5,64;-9347,56;-318,61;0;5,64;763,59;306,55;0;0,2;0;0;0;0;245,34;245,34
23/09/2026 17:26:43;31/08/2026;01/08/2026;31/08/2026;13;E;367;117;138374;129026,44;124178,51;4289,05;0;3987;3936;51;0;0;0;0;0;1507,92;122670,59;88,65;99;3657,14;72;69;69,7;0;M;51;GUANABARA;0;9;1;11,11;0;0;2240,1;144,99;0;144,99;6,47;0;15;1;0;1;6,67;0;0;-9347,56;-2095,11;0;0;763,59;306,55;0;0,2;0;0;0;0;245,34;245,34
23/09/2026 17:26:43;31/08/2026;01/08/2026;31/08/2026;13;E;367;117;138374;129026,44;124178,51;4289,05;0;3987;3936;51;0;0;0;0;0;1507,92;122670,59;88,65;99;3657,14;72;69;69,7;0;M;59;CASA SUICA;0;13;;;0;0;1468,71;;0;0;0;0;18;;;;0;0;0;-9347,56;-1468,71;0;0;763,59;306,55;0;0,2;0;0;0;0;245,34;245,34
23/09/2026 17:26:43;31/08/2026;01/08/2026;31/08/2026;13;E;367;117;138374;129026,44;124178,51;4289,05;0;3987;3936;51;0;0;0;0;0;1507,92;122670,59;88,65;99;3657,14;72;69;69,7;0;M;15;QUEIJOS LELO;0;10;2;20;0;0;1519,73;548,72;0;548,72;36,11;0;8;4;0;4;50;0;0;-9347,56;-971,01;0;0;763,59;306,55;0;0,2;0;0;0;0;245,34;245,34
23/09/2026 17:26:43;31/08/2026;01/08/2026;31/08/2026;26;E;224;90;106917;58648,34;63847,33;2708,64;0;2796;2672;124;0;0;0;0;0;1983,32;61864,01;57,86;77;3287;40;38;49,35;0;M;65;MATUTA;0;10;;;0;0;788,71;;0;0;0;0;10;;;;0;0;0;-48268,66;-788,71;0;0;223,08;218,79;0;0;0;0;0;0;0;0
23/09/2026 17:26:43;31/08/2026;01/08/2026;31/08/2026;26;E;224;90;106917;58648,34;63847,33;2708,64;0;2796;2672;124;0;0;0;0;0;1983,32;61864,01;57,86;77;3287;40;38;49,35;0;M;61;DAVENE;0;10;;;0;0;632,38;;0;0;0;0;12;;;;0;0;0;-48268,66;-632,38;0;0;223,08;218,79;0;0;0;0;0;0;0;0
23/09/2026 17:26:43;31/08/2026;01/08/2026;31/08/2026;26;E;224;90;106917;58648,34;63847,33;2708,64;0;2796;2672;124;0;0;0;0;0;1983,32;61864,01;57,86;77;3287;40;38;49,35;0;M;51;GUANABARA;0;8;;;0;0;1216,5;;0;0;0;0;13;;;;0;0;0;-48268,66;-1216,5;0;0;223,08;218,79;0;0;0;0;0;0;0;0
23/09/2026 17:26:43;31/08/2026;01/08/2026;31/08/2026;26;E;224;90;106917;58648,34;63847,33;2708,64;0;2796;2672;124;0;0;0;0;0;1983,32;61864,01;57,86;77;3287;40;38;49,35;0;M;66;COCO SHOW;0;8;4;50;0;0;1144,45;790,36;0;790,36;69,06;0;50;43;0;43;86;1,03;0;-48268,66;-354,09;0;0;223,08;218,79;0;0;0;0;0;0;0;0
23/09/2026 17:26:43;31/08/2026;01/08/2026;31/08/2026;26;E;224;90;106917;58648,34;63847,33;2708,64;0;2796;2672;124;0;0;0;0;0;1983,32;61864,01;57,86;77;3287;40;38;49,35;0;M;74;BRAVA;0;8;5;62,5;0;0;2970,99;220,46;0;220,46;7,42;0;55;6;0;6;10,91;0;0;-48268,66;-2750,53;0;0;223,08;218,79;0;0;0;0;0;0;0;0
23/09/2026 17:26:43;31/08/2026;01/08/2026;31/08/2026;26;E;224;90;106917;58648,34;63847,33;2708,64;0;2796;2672;124;0;0;0;0;0;1983,32;61864,01;57,86;77;3287;40;38;49,35;0;M;20;CATAFESTA;0;20;;;0;0;575,6;;0;0;0;0;10;;;;0;0;0;-48268,66;-575,6;0;0;223,08;218,79;0;0;0;0;0;0;0;0
23/09/2026 17:26:43;31/08/2026;01/08/2026;31/08/2026;26;E;224;90;106917;58648,34;63847,33;2708,64;0;2796;2672;124;0;0;0;0;0;1983,32;61864,01;57,86;77;3287;40;38;49,35;0;M;6;SOL BEBIDAS;0;6;1;16,67;0;0;1483,32;59,54;0;59,54;4,01;0;14;2;0;2;14,29;0;0;-48268,66;-1423,78;0;0;223,08;218,79;0;0;0;0;0;0;0;0
23/09/2026 17:26:43;31/08/2026;01/08/2026;31/08/2026;26;E;224;90;106917;58648,34;63847,33;2708,64;0;2796;2672;124;0;0;0;0;0;1983,32;61864,01;57,86;77;3287;40;38;49,35;0;M;15;QUEIJOS LELO;0;5;2;40;0;0;609,06;406,99;0;406,99;66,82;0;9;3;0;3;33,33;0;0;-48268,66;-202,07;0;0;223,08;218,79;0;0;0;0;0;0;0;0
23/09/2026 17:26:43;31/08/2026;01/08/2026;31/08/2026;26;E;224;90;106917;58648,34;63847,33;2708,64;0;2796;2672;124;0;0;0;0;0;1983,32;61864,01;57,86;77;3287;40;38;49,35;0;M;18;SABORELLE - RACAO;0;7;1;14,29;0;0;4584,17;178,4;0;178,4;3,89;0;34;1;0;1;2,94;0;0;-48268,66;-4405,77;0;0;223,08;218,79;0;0;0;0;0;0;0;0
23/09/2026 17:26:43;31/08/2026;01/08/2026;31/08/2026;26;E;224;90;106917;58648,34;63847,33;2708,64;0;2796;2672;124;0;0;0;0;0;1983,32;61864,01;57,86;77;3287;40;38;49,35;0;M;83;ROBINSON CRUSOE;0;4;2;50;0;0;872,91;856,71;0;856,71;98,14;0;5;7;0;7;140;3,26;4,71;-48268,66;-16,2;0;4,71;223,08;218,79;0;0;0;0;0;0;0;0
23/09/2026 17:26:43;31/08/2026;01/08/2026;31/08/2026;26;E;224;90;106917;58648,34;63847,33;2708,64;0;2796;2672;124;0;0;0;0;0;1983,32;61864,01;57,86;77;3287;40;38;49,35;0;M;13;COPRA;0;9;5;55,56;0;0;2498,15;2293,24;0;2293,24;91,8;0;64;31;0;31;48,44;0;5,96;-48268,66;-204,91;0;5,96;223,08;218,79;0;0;0;0;0;0;0;0
23/09/2026 17:26:43;31/08/2026;01/08/2026;31/08/2026;26;E;224;90;106917;58648,34;63847,33;2708,64;0;2796;2672;124;0;0;0;0;0;1983,32;61864,01;57,86;77;3287;40;38;49,35;0;M;63;BRACELL;0;10;;;0;0;9720,31;;0;0;0;0;20;;;;0;0;0;-48268,66;-9720,31;0;0;223,08;218,79;0;0;0;0;0;0;0;0
23/09/2026 17:26:43;31/08/2026;01/08/2026;31/08/2026;26;E;224;90;106917;58648,34;63847,33;2708,64;0;2796;2672;124;0;0;0;0;0;1983,32;61864,01;57,86;77;3287;40;38;49,35;0;M;1;JAV;0;38;29;76,32;0;0;59021,71;45552,2;0;45552,2;77,18;0;2454;1303;0;1303;53,1;0;0;-48268,66;-13469,51;0;0;223,08;218,79;0;0;0;0;0;0;0;0
23/09/2026 17:26:43;31/08/2026;01/08/2026;31/08/2026;26;E;224;90;106917;58648,34;63847,33;2708,64;0;2796;2672;124;0;0;0;0;0;1983,32;61864,01;57,86;77;3287;40;38;49,35;0;M;47;SOFFIE;0;24;;;0;0;1629,36;;0;0;0;0;41;;;;0;0;0;-48268,66;-1629,36;0;0;223,08;218,79;0;0;0;0;0;0;0;0
23/09/2026 17:26:43;31/08/2026;01/08/2026;31/08/2026;26;E;224;90;106917;58648,34;63847,33;2708,64;0;2796;2672;124;0;0;0;0;0;1983,32;61864,01;57,86;77;3287;40;38;49,35;0;M;72;FRANBA;0;10;2;20;0;0;1181,53;412,75;0;412,75;34,93;0;7;5;0;5;71,43;0;0;-48268,66;-768,78;0;0;223,08;218,79;0;0;0;0;0;0;0;0
23/09/2026 17:26:43;31/08/2026;01/08/2026;31/08/2026;13;E;235;57;114695;55962,98;70061,91;2233,78;0;3459;3399;60;0;0;0;0;0;732,66;69329,25;60,45;48;2831,08;25;34;70,83;0;M;2;MARILAN;0;39;16;41,03;0;0;31550,83;18691,42;732,66;17958,76;56,92;0;615;906;60;846;137,56;21,55;0;-58732,02;-13592,07;0;0;347,35;88,13;0;0,3;0;0;0;0;207,99;207,99
23/09/2026 17:26:43;31/08/2026;01/08/2026;31/08/2026;13;E;235;57;114695;55962,98;70061,91;2233,78;0;3459;3399;60;0;0;0;0;0;732,66;69329,25;60,45;48;2831,08;25;34;70,83;0;M;47;SOFFIE;0;12;1;8,33;0;0;998,16;202,2;0;202,2;20,26;0;31;15;0;15;48,39;0;0;-58732,02;-795,96;0;0;347,35;88,13;0;0,3;0;0;0;0;207,99;207,99
23/09/2026 17:26:43;31/08/2026;01/08/2026;31/08/2026;13;E;235;57;114695;55962,98;70061,91;2233,78;0;3459;3399;60;0;0;0;0;0;732,66;69329,25;60,45;48;2831,08;25;34;70,83;0;M;69;GAMELEIRA;0;10;;;0;0;1000;;0;0;0;0;8;;;;0;0;0;-58732,02;-1000;0;0;347,35;88,13;0;0,3;0;0;0;0;207,99;207,99
23/09/2026 17:26:43;31/08/2026;01/08/2026;31/08/2026;13;E;235;57;114695;55962,98;70061,91;2233,78;0;3459;3399;60;0;0;0;0;0;732,66;69329,25;60,45;48;2831,08;25;34;70,83;0;M;18;SABORELLE - RACAO;0;9;1;11,11;0;0;2056,12;407,86;0;407,86;19,84;0;15;2;0;2;13,33;0;0;-58732,02;-1648,26;0;0;347,35;88,13;0;0,3;0;0;0;0;207,99;207,99
23/09/2026 17:26:43;31/08/2026;01/08/2026;31/08/2026;13;E;235;57;114695;55962,98;70061,91;2233,78;0;3459;3399;60;0;0;0;0;0;732,66;69329,25;60,45;48;2831,08;25;34;70,83;0;M;63;BRACELL;0;12;;;0;0;3048,69;;0;0;0;0;31;;;;0;0;0;-58732,02;-3048,69;0;0;347,35;88,13;0;0,3;0;0;0;0;207,99;207,99
23/09/2026 17:26:43;31/08/2026;01/08/2026;31/08/2026;13;E;235;57;114695;55962,98;70061,91;2233,78;0;3459;3399;60;0;0;0;0;0;732,66;69329,25;60,45;48;2831,08;25;34;70,83;0;M;52;GREEN;0;15;1;6,67;0;0;3063;224,03;0;224,03;7,31;0;22;3;0;3;13,64;0;0;-58732,02;-2838,97;0;0;347,35;88,13;0;0,3;0;0;0;0;207,99;207,99
23/09/2026 17:26:43;31/08/2026;01/08/2026;31/08/2026;13;E;235;57;114695;55962,98;70061,91;2233,78;0;3459;3399;60;0;0;0;0;0;732,66;69329,25;60,45;48;2831,08;25;34;70,83;0;M;13;COPRA;0;14;12;85,71;16,18;0;6073,13;4904,14;0;4904,14;80,75;0;226;151;0;151;66,81;0;0;-58732,02;-1168,99;0;16,18;347,35;88,13;0;0,3;0;0;0;0;207,99;207,99
23/09/2026 17:26:43;31/08/2026;01/08/2026;31/08/2026;13;E;235;57;114695;55962,98;70061,91;2233,78;0;3459;3399;60;0;0;0;0;0;732,66;69329,25;60,45;48;2831,08;25;34;70,83;0;M;51;GUANABARA;0;9;;;0;0;2000;;0;0;0;0;15;;;;0;0;0;-58732,02;-2000;0;0;347,35;88,13;0;0,3;0;0;0;0;207,99;207,99
23/09/2026 17:26:43;31/08/2026;01/08/2026;31/08/2026;13;E;235;57;114695;55962,98;70061,91;2233,78;0;3459;3399;60;0;0;0;0;0;732,66;69329,25;60,45;48;2831,08;25;34;70,83;0;M;6;SOL BEBIDAS;0;9;2;22,22;0;0;2040,51;1330,38;0;1330,38;65,2;0;18;20;0;20;111,11;5,06;0;-58732,02;-710,13;0;0;347,35;88,13;0;0,3;0;0;0;0;207,99;207,99
23/09/2026 17:26:43;31/08/2026;01/08/2026;31/08/2026;13;E;235;57;114695;55962,98;70061,91;2233,78;0;3459;3399;60;0;0;0;0;0;732,66;69329,25;60,45;48;2831,08;25;34;70,83;0;M;15;QUEIJOS LELO;0;9;1;11,11;0;0;1575,57;406,99;0;406,99;25,83;0;8;3;0;3;37,5;0;0;-58732,02;-1168,58;0;0;347,35;88,13;0;0,3;0;0;0;0;207,99;207,99
23/09/2026 17:26:43;31/08/2026;01/08/2026;31/08/2026;13;E;235;57;114695;55962,98;70061,91;2233,78;0;3459;3399;60;0;0;0;0;0;732,66;69329,25;60,45;48;2831,08;25;34;70,83;0;M;60;RICLAN;0;20;3;15;0;0;1567,18;531,09;0;531,09;33,89;0;28;22;0;22;78,57;0;0;-58732,02;-1036,09;0;0;347,35;88,13;0;0,3;0;0;0;0;207,99;207,99
23/09/2026 17:26:43;31/08/2026;01/08/2026;31/08/2026;13;E;235;57;114695;55962,98;70061,91;2233,78;0;3459;3399;60;0;0;0;0;0;732,66;69329,25;60,45;48;2831,08;25;34;70,83;0;M;82;ZICO;0;12;1;8,33;0;0;1000;170;0;170;17;0;10;1;0;1;10;0;0;-58732,02;-830;0;0;347,35;88,13;0;0,3;0;0;0;0;207,99;207,99
23/09/2026 17:26:43;31/08/2026;01/08/2026;31/08/2026;13;E;235;57;114695;55962,98;70061,91;2233,78;0;3459;3399;60;0;0;0;0;0;732,66;69329,25;60,45;48;2831,08;25;34;70,83;0;M;83;ROBINSON CRUSOE;0;15;;;0;0;2009,77;;0;0;0;0;15;;;;0;0;0;-58732,02;-2009,77;0;0;347,35;88,13;0;0,3;0;0;0;0;207,99;207,99
23/09/2026 17:26:43;31/08/2026;01/08/2026;31/08/2026;13;E;235;57;114695;55962,98;70061,91;2233,78;0;3459;3399;60;0;0;0;0;0;732,66;69329,25;60,45;48;2831,08;25;34;70,83;0;M;72;FRANBA;0;9;;;0;0;1203,68;;0;0;0;0;10;;;;0;0;0;-58732,02;-1203,68;0;0;347,35;88,13;0;0,3;0;0;0;0;207,99;207,99
23/09/2026 17:26:43;31/08/2026;01/08/2026;31/08/2026;13;E;235;57;114695;55962,98;70061,91;2233,78;0;3459;3399;60;0;0;0;0;0;732,66;69329,25;60,45;48;2831,08;25;34;70,83;0;M;65;MATUTA;0;10;;;0;0;1000;;0;0;0;0;7;;;;0;0;0;-58732,02;-1000;0;0;347,35;88,13;0;0,3;0;0;0;0;207,99;207,99
23/09/2026 17:26:43;31/08/2026;01/08/2026;31/08/2026;13;E;367;117;138374;129026,44;124178,51;4289,05;0;3987;3936;51;0;0;0;0;0;1507,92;122670,59;88,65;99;3657,14;72;69;69,7;0;M;74;BRAVA;0;10;3;30;0;0;3046,31;1752,9;0;1752,9;57,54;0;48;43;0;43;89,58;2,8;0;-9347,56;-1293,41;0;0;763,59;306,55;0;0,2;0;0;0;0;245,34;245,34
23/09/2026 17:26:43;31/08/2026;01/08/2026;31/08/2026;20;E;368;77;60913;72057,77;67287,53;2338,49;133,62;1866;1857;9;0;0;0;0;0;479,16;66808,37;109,68;65;1899,02;54;52;80;0;M;53;CASAKM;0;27;33;122,22;196,34;0;14489,93;24893,01;350,78;24542,23;169,37;0;395;538;5;533;134,94;76,08;127,62;11144,77;10052,3;133,62;323,96;816,87;628,66;0,2;0,1;0;0;0;0;66,81;66,81
23/09/2026 17:26:43;31/08/2026;01/08/2026;31/08/2026;20;E;368;77;60913;72057,77;67287,53;2338,49;133,62;1866;1857;9;0;0;0;0;0;479,16;66808,37;109,68;65;1899,02;54;52;80;0;M;59;CASA SUICA;0;20;3;15;0;0;392,24;211,86;94,38;117,48;29,95;0;50;6;3;3;6;0;0;11144,77;-274,76;133,62;0;816,87;628,66;0,2;0,1;0;0;0;0;66,81;66,81
23/09/2026 17:26:43;31/08/2026;01/08/2026;31/08/2026;20;E;368;77;60913;72057,77;67287,53;2338,49;133,62;1866;1857;9;0;0;0;0;0;479,16;66808,37;109,68;65;1899,02;54;52;80;0;M;60;RICLAN;0;21;20;95,24;23,55;0;2161,47;4395,77;34;4361,77;201,8;0;325;311;1;310;95,38;6,98;28,35;11144,77;2200,3;133,62;51,9;816,87;628,66;0,2;0,1;0;0;0;0;66,81;66,81
23/09/2026 17:26:43;31/08/2026;01/08/2026;31/08/2026;20;E;368;77;60913;72057,77;67287,53;2338,49;133,62;1866;1857;9;0;0;0;0;0;479,16;66808,37;109,68;65;1899,02;54;52;80;0;M;47;SOFFIE;0;11;1;9,09;0;0;1000;41,28;0;41,28;4,13;0;9;3;0;3;33,33;0;0;11144,77;-958,72;133,62;0;816,87;628,66;0,2;0,1;0;0;0;0;66,81;66,81
23/09/2026 17:26:43;31/08/2026;01/08/2026;31/08/2026;20;E;368;77;60913;72057,77;67287,53;2338,49;133,62;1866;1857;9;0;0;0;0;0;479,16;66808,37;109,68;65;1899,02;54;52;80;0;M;15;QUEIJOS LELO;0;22;;;0;0;1000,09;;0;0;0;0;34;;;;0;0;0;11144,77;-1000,09;133,62;0;816,87;628,66;0,2;0,1;0;0;0;0;66,81;66,81
23/09/2026 17:26:43;31/08/2026;01/08/2026;31/08/2026;20;E;368;77;60913;72057,77;67287,53;2338,49;133,62;1866;1857;9;0;0;0;0;0;479,16;66808,37;109,68;65;1899,02;54;52;80;0;M;51;GUANABARA;0;9;2;22,22;0;0;1000,97;887,69;0;887,69;88,68;0;9;6;0;6;66,67;0;2,93;11144,77;-113,28;133,62;2,93;816,87;628,66;0,2;0,1;0;0;0;0;66,81;66,81
23/09/2026 17:26:43;31/08/2026;01/08/2026;31/08/2026;20;E;368;77;60913;72057,77;67287,53;2338,49;133,62;1866;1857;9;0;0;0;0;0;479,16;66808,37;109,68;65;1899,02;54;52;80;0;M;13;COPRA;0;24;16;66,67;0;0;4542,35;4167,01;0;4167,01;91,74;0;251;147;0;147;58,57;0;10,83;11144,77;-375,34;133,62;10,83;816,87;628,66;0,2;0,1;0;0;0;0;66,81;66,81
23/09/2026 17:26:43;31/08/2026;01/08/2026;31/08/2026;20;E;368;77;60913;72057,77;67287,53;2338,49;133,62;1866;1857;9;0;0;0;0;0;479,16;66808,37;109,68;65;1899,02;54;52;80;0;M;18;SABORELLE - RACAO;0;11;2;18,18;0;0;2214,37;589,87;0;589,87;26,64;0;25;9;0;9;36;0;0;11144,77;-1624,5;133,62;0;816,87;628,66;0,2;0,1;0;0;0;0;66,81;66,81
23/09/2026 17:26:43;31/08/2026;01/08/2026;31/08/2026;20;E;368;77;60913;72057,77;67287,53;2338,49;133,62;1866;1857;9;0;0;0;0;0;479,16;66808,37;109,68;65;1899,02;54;52;80;0;M;66;COCO SHOW;0;10;;;0;0;1000;;0;0;0;0;10;;;;0;0;0;11144,77;-1000;133,62;0;816,87;628,66;0,2;0,1;0;0;0;0;66,81;66,81
23/09/2026 17:26:43;31/08/2026;01/08/2026;31/08/2026;20;E;368;77;60913;72057,77;67287,53;2338,49;133,62;1866;1857;9;0;0;0;0;0;479,16;66808,37;109,68;65;1899,02;54;52;80;0;M;2;MARILAN;0;36;35;97,22;41,53;0;30000,8;31946,54;0;31946,54;106,49;0;760;838;0;838;110,26;38,34;63,89;11144,77;1945,74;133,62;105,42;816,87;628,66;0,2;0,1;0;0;0;0;66,81;66,81
23/09/2026 17:26:43;31/08/2026;01/08/2026;31/08/2026;20;E;368;77;60913;72057,77;67287,53;2338,49;133,62;1866;1857;9;0;0;0;0;0;479,16;66808,37;109,68;65;1899,02;54;52;80;0;M;74;BRAVA;0;10;2;20;0;0;3110,86;113,7;0;113,7;3,65;0;31;2;0;2;6,45;0;0;11144,77;-2997,16;133,62;0;816,87;628,66;0,2;0,1;0;0;0;0;66,81;66,81
23/09/2026 17:26:43;31/08/2026;01/08/2026;31/08/2026;27;E;388;101;120890;112805,03;117660,54;4165,04;117,53;4205;4204;1;0;0;0;0;0;132,07;117528,47;97,22;86;2664,02;42;44;51,16;0;M;53;CASAKM;0;29;22;75,86;0;0;5649,22;7589,37;132,07;7457,3;132,01;0;140;170;1;169;120,71;23,12;38,78;-8084,97;1808,08;117,53;38,78;934,23;440,56;0;0,3;0;0;0;0;352,59;352,59
23/09/2026 17:26:43;31/08/2026;01/08/2026;31/08/2026;27;E;388;101;120890;112805,03;117660,54;4165,04;117,53;4205;4204;1;0;0;0;0;0;132,07;117528,47;97,22;86;2664,02;42;44;51,16;0;M;59;CASA SUICA;0;6;;;0;0;1000;;0;0;0;0;22;;;;0;0;0;-8084,97;-1000;117,53;0;934,23;440,56;0;0,3;0;0;0;0;352,59;352,59
23/09/2026 17:26:43;31/08/2026;01/08/2026;31/08/2026;27;E;388;101;120890;112805,03;117660,54;4165,04;117,53;4205;4204;1;0;0;0;0;0;132,07;117528,47;97,22;86;2664,02;42;44;51,16;0;M;13;COPRA;0;32;25;78,13;0;0;10069,24;10492,28;0;10492,28;104,2;0;383;279;0;279;72,85;0;54,56;-8084,97;423,04;117,53;54,56;934,23;440,56;0;0,3;0;0;0;0;352,59;352,59
23/09/2026 17:26:43;31/08/2026;01/08/2026;31/08/2026;27;E;388;101;120890;112805,03;117660,54;4165,04;117,53;4205;4204;1;0;0;0;0;0;132,07;117528,47;97,22;86;2664,02;42;44;51,16;0;M;18;SABORELLE - RACAO;0;9;3;33,33;0;0;2000,66;488,95;0;488,95;24,44;0;18;6;0;6;33,33;0;0;-8084,97;-1511,71;117,53;0;934,23;440,56;0;0,3;0;0;0;0;352,59;352,59
23/09/2026 17:26:43;31/08/2026;01/08/2026;31/08/2026;27;E;388;101;120890;112805,03;117660,54;4165,04;117,53;4205;4204;1;0;0;0;0;0;132,07;117528,47;97,22;86;2664,02;42;44;51,16;0;M;47;SOFFIE;0;14;1;7,14;0;0;1000;0;0;0;0;0;25;3;0;3;12;0;0;-8084,97;-1000;117,53;0;934,23;440,56;0;0,3;0;0;0;0;352,59;352,59
23/09/2026 17:26:43;31/08/2026;01/08/2026;31/08/2026;27;E;388;101;120890;112805,03;117660,54;4165,04;117,53;4205;4204;1;0;0;0;0;0;132,07;117528,47;97,22;86;2664,02;42;44;51,16;0;M;51;GUANABARA;0;10;;;0;0;1500;;0;0;0;0;0;;;;;0;0;-8084,97;-1500;117,53;0;934,23;440,56;0;0,3;0;0;0;0;352,59;352,59
23/09/2026 17:26:43;31/08/2026;01/08/2026;31/08/2026;27;E;388;101;120890;112805,03;117660,54;4165,04;117,53;4205;4204;1;0;0;0;0;0;132,07;117528,47;97,22;86;2664,02;42;44;51,16;0;M;44;JDE;0;21;17;80,95;0;0;3100,49;17028,12;0;17028,12;549,21;0;1025;402;0;402;39,22;0;17,03;-8084,97;13927,63;117,53;17,03;934,23;440,56;0;0,3;0;0;0;0;352,59;352,59
23/09/2026 17:26:43;31/08/2026;01/08/2026;31/08/2026;27;E;388;101;120890;112805,03;117660,54;4165,04;117,53;4205;4204;1;0;0;0;0;0;132,07;117528,47;97,22;86;2664,02;42;44;51,16;0;M;83;ROBINSON CRUSOE;0;18;1;5,56;0;0;2000;124;0;124;6,2;0;24;1;0;1;4,17;0;0;-8084,97;-1876;117,53;0;934,23;440,56;0;0,3;0;0;0;0;352,59;352,59
23/09/2026 17:26:43;31/08/2026;01/08/2026;31/08/2026;27;E;388;101;120890;112805,03;117660,54;4165,04;117,53;4205;4204;1;0;0;0;0;0;132,07;117528,47;97,22;86;2664,02;42;44;51,16;0;M;61;DAVENE;0;1;;;0;0;500;;0;0;0;0;0;;;;;0;0;-8084,97;-500;117,53;0;934,23;440,56;0;0,3;0;0;0;0;352,59;352,59
23/09/2026 17:26:43;31/08/2026;01/08/2026;31/08/2026;27;E;388;101;120890;112805,03;117660,54;4165,04;117,53;4205;4204;1;0;0;0;0;0;132,07;117528,47;97,22;86;2664,02;42;44;51,16;0;M;52;GREEN;0;4;3;75;0;0;498,43;154;0;154;30,9;0;6;4;0;4;66,67;0;0;-8084,97;-344,43;117,53;0;934,23;440,56;0;0,3;0;0;0;0;352,59;352,59
23/09/2026 17:26:43;31/08/2026;01/08/2026;31/08/2026;27;E;388;101;120890;112805,03;117660,54;4165,04;117,53;4205;4204;1;0;0;0;0;0;132,07;117528,47;97,22;86;2664,02;42;44;51,16;0;M;2;MARILAN;0;43;35;81,4;0;0;80716,42;83413,14;0;83413,14;103,34;0;1405;2874;0;2874;204,56;100,1;166,83;-8084,97;2696,72;117,53;166,83;934,23;440,56;0;0,3;0;0;0;0;352,59;352,59
23/09/2026 17:26:43;31/08/2026;01/08/2026;31/08/2026;27;E;388;101;120890;112805,03;117660,54;4165,04;117,53;4205;4204;1;0;0;0;0;0;132,07;117528,47;97,22;86;2664,02;42;44;51,16;0;M;20;CATAFESTA;0;21;;;0;0;1000;;0;0;0;0;10;;;;0;0;0;-8084,97;-1000;117,53;0;934,23;440,56;0;0,3;0;0;0;0;352,59;352,59
23/09/2026 17:26:43;31/08/2026;01/08/2026;31/08/2026;27;E;388;101;120890;112805,03;117660,54;4165,04;117,53;4205;4204;1;0;0;0;0;0;132,07;117528,47;97,22;86;2664,02;42;44;51,16;0;M;82;ZICO;0;7;3;42,86;0;0;1000;1190;0;1190;119;0;25;7;0;7;28;0;;-8084,97;190;117,53;;934,23;440,56;0;0,3;0;0;0;0;352,59;352,59
23/09/2026 17:26:43;31/08/2026;01/08/2026;31/08/2026;27;E;388;101;120890;112805,03;117660,54;4165,04;117,53;4205;4204;1;0;0;0;0;0;132,07;117528,47;97,22;86;2664,02;42;44;51,16;0;M;63;BRACELL;0;7;3;42,86;0;0;1928,57;423,01;0;423,01;21,93;0;49;13;0;13;26,53;0;0;-8084,97;-1505,56;117,53;0;934,23;440,56;0;0,3;0;0;0;0;352,59;352,59
23/09/2026 17:26:43;31/08/2026;01/08/2026;31/08/2026;27;E;388;101;120890;112805,03;117660,54;4165,04;117,53;4205;4204;1;0;0;0;0;0;132,07;117528,47;97,22;86;2664,02;42;44;51,16;0;M;15;QUEIJOS LELO;0;1;;;0;0;1000;;0;0;0;0;0;;;;;0;0;-8084,97;-1000;117,53;0;934,23;440,56;0;0,3;0;0;0;0;352,59;352,59
23/09/2026 17:26:43;31/08/2026;01/08/2026;31/08/2026;27;E;388;101;120890;112805,03;117660,54;4165,04;117,53;4205;4204;1;0;0;0;0;0;132,07;117528,47;97,22;86;2664,02;42;44;51,16;0;M;60;RICLAN;0;27;18;66,67;0;0;2700,28;4487,6;0;4487,6;166,19;0;122;146;0;146;119,67;17,05;29,17;-8084,97;1787,32;117,53;29,17;934,23;440,56;0;0,3;0;0;0;0;352,59;352,59
23/09/2026 17:26:43;31/08/2026;01/08/2026;31/08/2026;13;E;235;57;114695;55962,98;70061,91;2233,78;0;3459;3399;60;0;0;0;0;0;732,66;69329,25;60,45;48;2831,08;25;34;70,83;0;M;66;COCO SHOW;0;10;3;30;0;0;1641,88;1041,24;0;1041,24;63,42;0;76;60;0;60;78,95;0;0;-58732,02;-600,64;0;0;347,35;88,13;0;0,3;0;0;0;0;207,99;207,99
23/09/2026 17:26:43;31/08/2026;01/08/2026;31/08/2026;13;E;235;57;114695;55962,98;70061,91;2233,78;0;3459;3399;60;0;0;0;0;0;732,66;69329,25;60,45;48;2831,08;25;34;70,83;0;M;53;CASAKM;0;19;15;78,95;0;0;10104,71;13836,59;0;13836,59;136,93;0;464;323;0;323;69,61;0;71,95;-58732,02;3731,88;0;71,95;347,35;88,13;0;0,3;0;0;0;0;207,99;207,99
23/09/2026 17:26:43;31/08/2026;01/08/2026;31/08/2026;13;E;235;57;114695;55962,98;70061,91;2233,78;0;3459;3399;60;0;0;0;0;0;732,66;69329,25;60,45;48;2831,08;25;34;70,83;0;M;1;JAV;0;35;19;54,29;0;0;36772,99;26187,13;0;26187,13;71,21;0;1164;1146;0;1146;98,45;13,09;0;-58732,02;-10585,86;0;0;347,35;88,13;0;0,3;0;0;0;0;207,99;207,99
23/09/2026 17:26:43;31/08/2026;01/08/2026;31/08/2026;13;E;235;57;114695;55962,98;70061,91;2233,78;0;3459;3399;60;0;0;0;0;0;732,66;69329,25;60,45;48;2831,08;25;34;70,83;0;M;61;DAVENE;0;11;;;0;0;500;;0;0;0;0;21;;;;0;0;0;-58732,02;-500;0;0;347,35;88,13;0;0,3;0;0;0;0;207,99;207,99
23/09/2026 17:26:43;31/08/2026;01/08/2026;31/08/2026;13;E;235;57;114695;55962,98;70061,91;2233,78;0;3459;3399;60;0;0;0;0;0;732,66;69329,25;60,45;48;2831,08;25;34;70,83;0;M;59;CASA SUICA;0;9;2;22,22;0;0;1100;532,84;0;532,84;48,44;0;10;28;0;28;280;0,64;0;-58732,02;-567,16;0;0;347,35;88,13;0;0,3;0;0;0;0;207,99;207,99
23/09/2026 17:26:43;31/08/2026;01/08/2026;31/08/2026;13;E;235;57;114695;55962,98;70061,91;2233,78;0;3459;3399;60;0;0;0;0;0;732,66;69329,25;60,45;48;2831,08;25;34;70,83;0;M;44;JDE;0;32;11;34,38;0;0;11673,14;8057,05;0;8057,05;69,02;0;538;739;0;739;137,36;4,83;0;-58732,02;-3616,09;0;0;347,35;88,13;0;0,3;0;0;0;0;207,99;207,99
23/09/2026 17:26:43;31/08/2026;01/08/2026;31/08/2026;13;E;235;57;114695;55962,98;70061,91;2233,78;0;3459;3399;60;0;0;0;0;0;732,66;69329,25;60,45;48;2831,08;25;34;70,83;0;M;20;CATAFESTA;0;12;;;0;0;600;;0;0;0;0;10;;;;0;0;0;-58732,02;-600;0;0;347,35;88,13;0;0,3;0;0;0;0;207,99;207,99
23/09/2026 17:26:43;31/08/2026;01/08/2026;31/08/2026;13;E;235;57;114695;55962,98;70061,91;2233,78;0;3459;3399;60;0;0;0;0;0;732,66;69329,25;60,45;48;2831,08;25;34;70,83;0;M;74;BRAVA;0;10;1;10;0;0;3788,98;1596;0;1596;42,12;0;27;40;0;40;148,15;6,06;0;-58732,02;-2192,98;0;0;347,35;88,13;0;0,3;0;0;0;0;207,99;207,99
23/09/2026 17:26:43;31/08/2026;01/08/2026;31/08/2026;20;E;241;42;143166;80880,01;87638,47;1864,11;0;2470;2219;251;0;0;0;0;0;11546,87;76091,6;53,15;36;3202,02;21;25;69,44;0;M;1;JAV;0;34;25;73,53;0;0;90080,15;65677;56,87;65620,13;72,85;0;2267;1975;1;1974;87,08;32,81;0;-62285,99;-24460,02;0;0;75,89;33,28;0;0;0;0;0;0;0;0
23/09/2026 17:26:43;31/08/2026;01/08/2026;31/08/2026;20;E;241;42;143166;80880,01;87638,47;1864,11;0;2470;2219;251;0;0;0;0;0;11546,87;76091,6;53,15;36;3202,02;21;25;69,44;0;M;2;MARILAN;0;13;6;46,15;0;0;15000,15;3511,47;11490;-7978,53;-53,19;0;279;77;250;-173;-62,01;0;0;-62285,99;-22978,68;0;0;75,89;33,28;0;0;0;0;0;0;0;0
23/09/2026 17:26:43;31/08/2026;01/08/2026;31/08/2026;20;E;241;42;143166;80880,01;87638,47;1864,11;0;2470;2219;251;0;0;0;0;0;11546,87;76091,6;53,15;36;3202,02;21;25;69,44;0;M;18;SABORELLE - RACAO;0;7;3;42,86;0;0;2900,96;951,39;0;951,39;32,8;0;12;6;0;6;50;0;0;-62285,99;-1949,57;0;0;75,89;33,28;0;0;0;0;0;0;0;0
23/09/2026 17:26:43;31/08/2026;01/08/2026;31/08/2026;20;E;241;42;143166;80880,01;87638,47;1864,11;0;2470;2219;251;0;0;0;0;0;11546,87;76091,6;53,15;36;3202,02;21;25;69,44;0;M;60;RICLAN;0;5;5;100;15,07;0;1513,7;1158,85;0;1158,85;76,56;0;53;67;0;67;126,42;4,4;0;-62285,99;-354,85;0;15,07;75,89;33,28;0;0;0;0;0;0;0;0
23/09/2026 17:26:43;31/08/2026;01/08/2026;31/08/2026;20;E;241;42;143166;80880,01;87638,47;1864,11;0;2470;2219;251;0;0;0;0;0;11546,87;76091,6;53,15;36;3202,02;21;25;69,44;0;M;15;QUEIJOS LELO;0;6;;;0;0;1000,55;;0;0;0;0;10;;;;0;0;0;-62285,99;-1000,55;0;0;75,89;33,28;0;0;0;0;0;0;0;0
23/09/2026 17:26:43;31/08/2026;01/08/2026;31/08/2026;20;E;241;42;143166;80880,01;87638,47;1864,11;0;2470;2219;251;0;0;0;0;0;11546,87;76091,6;53,15;36;3202,02;21;25;69,44;0;M;69;GAMELEIRA;0;9;3;33,33;0;0;1000,57;202,9;0;202,9;20,28;0;23;3;0;3;13,04;0;0;-62285,99;-797,67;0;0;75,89;33,28;0;0;0;0;0;0;0;0
23/09/2026 17:26:43;31/08/2026;01/08/2026;31/08/2026;20;E;241;42;143166;80880,01;87638,47;1864,11;0;2470;2219;251;0;0;0;0;0;11546,87;76091,6;53,15;36;3202,02;21;25;69,44;0;M;47;SOFFIE;0;6;;;0;0;1000,55;;0;0;0;0;8;;;;0;0;0;-62285,99;-1000,55;0;0;75,89;33,28;0;0;0;0;0;0;0;0
23/09/2026 17:26:43;31/08/2026;01/08/2026;31/08/2026;20;E;241;42;143166;80880,01;87638,47;1864,11;0;2470;2219;251;0;0;0;0;0;11546,87;76091,6;53,15;36;3202,02;21;25;69,44;0;M;63;BRACELL;0;13;9;69,23;0;0;7856,32;7002,64;0;7002,64;89,13;0;187;157;0;157;83,96;0;18,21;-62285,99;-853,68;0;18,21;75,89;33,28;0;0;0;0;0;0;0;0
23/09/2026 17:26:43;31/08/2026;01/08/2026;31/08/2026;20;E;241;42;143166;80880,01;87638,47;1864,11;0;2470;2219;251;0;0;0;0;0;11546,87;76091,6;53,15;36;3202,02;21;25;69,44;0;M;6;SOL BEBIDAS;0;4;2;50;0;0;500,82;0;0;0;0;0;10;5;0;5;50;0;0;-62285,99;-500,82;0;0;75,89;33,28;0;0;0;0;0;0;0;0
23/09/2026 17:26:43;31/08/2026;01/08/2026;31/08/2026;20;E;241;42;143166;80880,01;87638,47;1864,11;0;2470;2219;251;0;0;0;0;0;11546,87;76091,6;53,15;36;3202,02;21;25;69,44;0;M;82;ZICO;0;10;2;20;0;0;1000;370;0;370;37;0;15;2;0;2;13,33;0;0;-62285,99;-630;0;0;75,89;33,28;0;0;0;0;0;0;0;0
23/09/2026 17:26:43;31/08/2026;01/08/2026;31/08/2026;20;E;241;42;143166;80880,01;87638,47;1864,11;0;2470;2219;251;0;0;0;0;0;11546,87;76091,6;53,15;36;3202,02;21;25;69,44;0;M;66;COCO SHOW;0;4;;;0;0;1000,57;;0;0;0;0;3;;;;0;0;0;-62285,99;-1000,57;0;0;75,89;33,28;0;0;0;0;0;0;0;0
23/09/2026 17:26:43;31/08/2026;01/08/2026;31/08/2026;20;E;241;42;143166;80880,01;87638,47;1864,11;0;2470;2219;251;0;0;0;0;0;11546,87;76091,6;53,15;36;3202,02;21;25;69,44;0;M;51;GUANABARA;0;21;7;33,33;0;0;2700,01;1096,03;0;1096,03;40,59;0;23;8;0;8;34,78;0;0;-62285,99;-1603,98;0;0;75,89;33,28;0;0;0;0;0;0;0;0
23/09/2026 17:26:43;31/08/2026;01/08/2026;31/08/2026;20;E;241;42;143166;80880,01;87638,47;1864,11;0;2470;2219;251;0;0;0;0;0;11546,87;76091,6;53,15;36;3202,02;21;25;69,44;0;M;72;FRANBA;0;12;1;8,33;0;0;1417,31;98,79;0;98,79;6,97;0;15;1;0;1;6,67;0;0;-62285,99;-1318,52;0;0;75,89;33,28;0;0;0;0;0;0;0;0
23/09/2026 17:26:43;31/08/2026;01/08/2026;31/08/2026;20;E;241;42;143166;80880,01;87638,47;1864,11;0;2470;2219;251;0;0;0;0;0;11546,87;76091,6;53,15;36;3202,02;21;25;69,44;0;M;74;BRAVA;0;4;1;25;0;0;1009,65;94,4;0;94,4;9,35;0;14;4;0;4;28,57;0;0;-62285,99;-915,25;0;0;75,89;33,28;0;0;0;0;0;0;0;0
23/09/2026 17:26:43;31/08/2026;01/08/2026;31/08/2026;20;E;241;42;143166;80880,01;87638,47;1864,11;0;2470;2219;251;0;0;0;0;0;11546,87;76091,6;53,15;36;3202,02;21;25;69,44;0;M;53;CASAKM;0;8;3;37,5;0;0;4000,84;2379,54;0;2379,54;59,48;0;86;81;0;81;94,19;3,09;0;-62285,99;-1621,3;0;0;75,89;33,28;0;0;0;0;0;0;0;0
23/09/2026 17:26:43;31/08/2026;01/08/2026;31/08/2026;20;E;241;42;143166;80880,01;87638,47;1864,11;0;2470;2219;251;0;0;0;0;0;11546,87;76091,6;53,15;36;3202,02;21;25;69,44;0;M;61;DAVENE;0;8;;;0;0;1808,27;;0;0;0;0;16;;;;0;0;0;-62285,99;-1808,27;0;0;75,89;33,28;0;0;0;0;0;0;0;0
23/09/2026 17:26:43;31/08/2026;01/08/2026;31/08/2026;20;E;241;42;143166;80880,01;87638,47;1864,11;0;2470;2219;251;0;0;0;0;0;11546,87;76091,6;53,15;36;3202,02;21;25;69,44;0;M;52;GREEN;0;4;1;25;0;0;1000,55;97,46;0;97,46;9,74;0;18;2;0;2;11,11;0;0;-62285,99;-903,09;0;0;75,89;33,28;0;0;0;0;0;0;0;0
23/09/2026 17:26:43;31/08/2026;01/08/2026;31/08/2026;20;E;241;42;143166;80880,01;87638,47;1864,11;0;2470;2219;251;0;0;0;0;0;11546,87;76091,6;53,15;36;3202,02;21;25;69,44;0;M;13;COPRA;0;14;5;35,71;0;0;4399,35;3483,6;0;3483,6;79,18;0;129;67;0;67;51,94;0;0;-62285,99;-915,75;0;0;75,89;33,28;0;0;0;0;0;0;0;0
23/09/2026 17:26:43;31/08/2026;01/08/2026;31/08/2026;20;E;241;42;143166;80880,01;87638,47;1864,11;0;2470;2219;251;0;0;0;0;0;11546,87;76091,6;53,15;36;3202,02;21;25;69,44;0;M;59;CASA SUICA;0;6;1;16,67;0;0;616,57;70,62;0;70,62;11,45;0;20;2;0;2;10;0;0;-62285,99;-545,95;0;0;75,89;33,28;0;0;0;0;0;0;0;0
23/09/2026 17:26:43;31/08/2026;01/08/2026;31/08/2026;20;E;241;42;143166;80880,01;87638,47;1864,11;0;2470;2219;251;0;0;0;0;0;11546,87;76091,6;53,15;36;3202,02;21;25;69,44;0;M;83;ROBINSON CRUSOE;0;8;3;37,5;0;0;2000,95;1443,78;0;1443,78;72,15;0;14;13;0;13;92,86;2,31;0;-62285,99;-557,17;0;0;75,89;33,28;0;0;0;0;0;0;0;0
23/09/2026 17:26:43;31/08/2026;01/08/2026;31/08/2026;20;E;241;42;143166;80880,01;87638,47;1864,11;0;2470;2219;251;0;0;0;0;0;11546,87;76091,6;53,15;36;3202,02;21;25;69,44;0;M;20;CATAFESTA;0;20;;;0;0;1358,8;;0;0;0;0;0;;;;;0;0;-62285,99;-1358,8;0;0;75,89;33,28;0;0;0;0;0;0;0;0
23/09/2026 17:26:43;31/08/2026;01/08/2026;31/08/2026;27;E;388;101;120890;112805,03;117660,54;4165,04;117,53;4205;4204;1;0;0;0;0;0;132,07;117528,47;97,22;86;2664,02;42;44;51,16;0;M;74;BRAVA;0;5;3;60;0;0;1610,94;214;0;214;13,28;0;4;5;0;5;125;0,81;0;-8084,97;-1396,94;117,53;0;934,23;440,56;0;0,3;0;0;0;0;352,59;352,59
23/09/2026 17:26:43;31/08/2026;01/08/2026;31/08/2026;27;E;388;101;120890;112805,03;117660,54;4165,04;117,53;4205;4204;1;0;0;0;0;0;132,07;117528,47;97,22;86;2664,02;42;44;51,16;0;M;1;JAV;0;39;19;48,72;0;0;6717,04;8330,04;0;8330,04;124,01;0;431;262;0;262;60,79;0;16,66;-8084,97;1613;117,53;16,66;934,23;440,56;0;0,3;0;0;0;0;352,59;352,59
23/09/2026 17:26:43;31/08/2026;01/08/2026;31/08/2026;6;E;393;54;43117,2;96594,65;96594,65;1377,16;246,19;1881;1677;204;0;0;0;0;0;14532,56;82062,09;190,32;46;1082,9;25;25;54,35;0;M;2;MARILAN;0;38;20;52,63;0;0;56357,74;78461,13;14532,56;63928,57;113,43;0;1253;1448;204;1244;99,28;31,96;95,89;53477,45;7570,83;246,19;95,89;646,27;367,44;0,3;0,3;0;0;0;0;246,19;246,19
23/09/2026 17:26:43;31/08/2026;01/08/2026;31/08/2026;6;E;393;54;43117,2;96594,65;96594,65;1377,16;246,19;1881;1677;204;0;0;0;0;0;14532,56;82062,09;190,32;46;1082,9;25;25;54,35;0;M;20;CATAFESTA;0;15;;;0;0;1318,34;;0;0;0;0;12;;;;0;0;0;53477,45;-1318,34;246,19;0;646,27;367,44;0,3;0,3;0;0;0;0;246,19;246,19
23/09/2026 17:26:43;31/08/2026;01/08/2026;31/08/2026;6;E;393;54;43117,2;96594,65;96594,65;1377,16;246,19;1881;1677;204;0;0;0;0;0;14532,56;82062,09;190,32;46;1082,9;25;25;54,35;0;M;15;QUEIJOS LELO;0;12;3;25;0;0;1204,03;535,07;0;535,07;44,44;0;13;4;0;4;30,77;0;0;53477,45;-668,96;246,19;0;646,27;367,44;0,3;0,3;0;0;0;0;246,19;246,19
23/09/2026 17:26:43;31/08/2026;01/08/2026;31/08/2026;6;E;393;54;43117,2;96594,65;96594,65;1377,16;246,19;1881;1677;204;0;0;0;0;0;14532,56;82062,09;190,32;46;1082,9;25;25;54,35;0;M;74;BRAVA;0;9;1;11,11;0;0;1012,45;150,6;0;150,6;14,87;0;9;3;0;3;33,33;0;0;53477,45;-861,85;246,19;0;646,27;367,44;0,3;0,3;0;0;0;0;246,19;246,19
23/09/2026 17:26:43;31/08/2026;01/08/2026;31/08/2026;6;E;393;54;43117,2;96594,65;96594,65;1377,16;246,19;1881;1677;204;0;0;0;0;0;14532,56;82062,09;190,32;46;1082,9;25;25;54,35;0;M;53;CASAKM;0;25;13;52;0;0;14739,47;12679,82;0;12679,82;86,03;0;498;220;0;220;44,18;0;25,36;53477,45;-2059,65;246,19;25,36;646,27;367,44;0,3;0,3;0;0;0;0;246,19;246,19
23/09/2026 17:26:43;31/08/2026;01/08/2026;31/08/2026;6;E;393;54;43117,2;96594,65;96594,65;1377,16;246,19;1881;1677;204;0;0;0;0;0;14532,56;82062,09;190,32;46;1082,9;25;25;54,35;0;M;18;SABORELLE - RACAO;0;16;3;18,75;0;0;2130,84;524,72;0;524,72;24,63;0;17;15;0;15;88,24;0,68;0;53477,45;-1606,12;246,19;0;646,27;367,44;0,3;0,3;0;0;0;0;246,19;246,19
23/09/2026 17:26:43;31/08/2026;01/08/2026;31/08/2026;6;E;393;54;43117,2;96594,65;96594,65;1377,16;246,19;1881;1677;204;0;0;0;0;0;14532,56;82062,09;190,32;46;1082,9;25;25;54,35;0;M;13;COPRA;0;22;15;68,18;0;0;5389,5;3906,9;0;3906,9;72,49;0;276;173;0;173;62,68;0;0;53477,45;-1482,6;246,19;0;646,27;367,44;0,3;0,3;0;0;0;0;246,19;246,19
23/09/2026 17:26:43;31/08/2026;01/08/2026;31/08/2026;6;E;393;54;43117,2;96594,65;96594,65;1377,16;246,19;1881;1677;204;0;0;0;0;0;14532,56;82062,09;190,32;46;1082,9;25;25;54,35;0;M;59;CASA SUICA;0;10;;;0;0;1500;;0;0;0;0;23;;;;0;0;0;53477,45;-1500;246,19;0;646,27;367,44;0,3;0,3;0;0;0;0;246,19;246,19
23/09/2026 17:26:43;31/08/2026;01/08/2026;31/08/2026;6;E;393;54;43117,2;96594,65;96594,65;1377,16;246,19;1881;1677;204;0;0;0;0;0;14532,56;82062,09;190,32;46;1082,9;25;25;54,35;0;M;82;ZICO;0;8;;;0;0;1500;;0;0;0;0;21;;;;0;0;0;53477,45;-1500;246,19;0;646,27;367,44;0,3;0,3;0;0;0;0;246,19;246,19
23/09/2026 17:26:43;31/08/2026;01/08/2026;31/08/2026;6;E;393;54;43117,2;96594,65;96594,65;1377,16;246,19;1881;1677;204;0;0;0;0;0;14532,56;82062,09;190,32;46;1082,9;25;25;54,35;0;M;81;TOP CAU;0;6;;;0;0;1000;;0;0;0;0;6;;;;0;0;0;53477,45;-1000;246,19;0;646,27;367,44;0,3;0,3;0;0;0;0;246,19;246,19
23/09/2026 17:26:43;31/08/2026;01/08/2026;31/08/2026;6;E;393;54;43117,2;96594,65;96594,65;1377,16;246,19;1881;1677;204;0;0;0;0;0;14532,56;82062,09;190,32;46;1082,9;25;25;54,35;0;M;51;GUANABARA;0;14;;;0;0;1529,56;;0;0;0;0;34;;;;0;0;0;53477,45;-1529,56;246,19;0;646,27;367,44;0,3;0,3;0;0;0;0;246,19;246,19
23/09/2026 17:26:43;31/08/2026;01/08/2026;31/08/2026;6;E;393;54;43117,2;96594,65;96594,65;1377,16;246,19;1881;1677;204;0;0;0;0;0;14532,56;82062,09;190,32;46;1082,9;25;25;54,35;0;M;47;SOFFIE;0;14;1;7,14;0;0;1055,42;0;0;0;0;0;47;3;0;3;6,38;0;0;53477,45;-1055,42;246,19;0;646,27;367,44;0,3;0,3;0;0;0;0;246,19;246,19
23/09/2026 17:26:43;31/08/2026;01/08/2026;31/08/2026;6;E;393;54;43117,2;96594,65;96594,65;1377,16;246,19;1881;1677;204;0;0;0;0;0;14532,56;82062,09;190,32;46;1082,9;25;25;54,35;0;M;60;RICLAN;0;24;5;20,83;0;0;1603,67;336,41;0;336,41;20,98;0;60;15;0;15;25;0;0;53477,45;-1267,26;246,19;0;646,27;367,44;0,3;0,3;0;0;0;0;246,19;246,19
23/09/2026 17:26:43;31/08/2026;01/08/2026;31/08/2026;26;E;402;115;117373;101666,99;100123,51;2834,22;0;5053;4836;217;0;0;0;0;0;4026,69;96096,82;81,87;98;3914;92;89;90,82;0;M;1;JAV;0;87;83;95,4;84,33;0;77310,73;67870,43;3004,2;64866,23;83,9;0;2923;2104;80;2024;69,24;0;0;-15706,01;-12444,5;0;84,33;503,31;154,44;0;0,3;0;0;0;0;288,29;288,29
23/09/2026 17:26:43;31/08/2026;01/08/2026;31/08/2026;26;E;402;115;117373;101666,99;100123,51;2834,22;0;5053;4836;217;0;0;0;0;0;4026,69;96096,82;81,87;98;3914;92;89;90,82;0;M;13;COPRA;0;38;26;68,42;0;0;10045,2;8733,72;167,93;8565,79;85,27;0;322;304;7;297;92,24;11,14;22,27;-15706,01;-1479,41;0;22,27;503,31;154,44;0;0,3;0;0;0;0;288,29;288,29
23/09/2026 17:26:43;31/08/2026;01/08/2026;31/08/2026;26;E;402;115;117373;101666,99;100123,51;2834,22;0;5053;4836;217;0;0;0;0;0;4026,69;96096,82;81,87;98;3914;92;89;90,82;0;M;44;JDE;0;52;44;84,62;0;0;24306,53;19493,93;438,44;19055,49;78,4;0;1588;1830;13;1817;114,42;11,43;0;-15706,01;-5251,04;0;0;503,31;154,44;0;0,3;0;0;0;0;288,29;288,29
23/09/2026 17:26:43;31/08/2026;01/08/2026;31/08/2026;26;E;402;115;117373;101666,99;100123,51;2834,22;0;5053;4836;217;0;0;0;0;0;4026,69;96096,82;81,87;98;3914;92;89;90,82;0;M;47;SOFFIE;0;6;1;16,67;0;0;546,01;27,98;27,98;0;0;0;10;2;2;0;0;0;0;-15706,01;-546,01;0;0;503,31;154,44;0;0,3;0;0;0;0;288,29;288,29
23/09/2026 17:26:43;31/08/2026;01/08/2026;31/08/2026;26;E;402;115;117373;101666,99;100123,51;2834,22;0;5053;4836;217;0;0;0;0;0;4026,69;96096,82;81,87;98;3914;92;89;90,82;0;M;52;GREEN;0;16;10;62,5;0;0;1446,06;795,42;66,35;729,07;50,42;0;26;15;1;14;53,85;0;0;-15706,01;-716,99;0;0;503,31;154,44;0;0,3;0;0;0;0;288,29;288,29
23/09/2026 17:26:43;31/08/2026;01/08/2026;31/08/2026;26;E;402;115;117373;101666,99;100123,51;2834,22;0;5053;4836;217;0;0;0;0;0;4026,69;96096,82;81,87;98;3914;92;89;90,82;0;M;60;RICLAN;0;28;21;75;0;0;2314,62;2070,04;33,45;2036,59;87,99;0;151;128;6;122;80,79;0;6,72;-15706,01;-278,03;0;6,72;503,31;154,44;0;0,3;0;0;0;0;288,29;288,29
23/09/2026 17:26:43;31/08/2026;01/08/2026;31/08/2026;26;E;402;115;117373;101666,99;100123,51;2834,22;0;5053;4836;217;0;0;0;0;0;4026,69;96096,82;81,87;98;3914;92;89;90,82;0;M;61;DAVENE;0;9;1;11,11;0;0;747,04;16,17;16,17;0;0;0;13;3;3;0;0;0;0;-15706,01;-747,04;0;0;503,31;154,44;0;0,3;0;0;0;0;288,29;288,29
23/09/2026 17:26:43;31/08/2026;01/08/2026;31/08/2026;26;E;402;115;117373;101666,99;100123,51;2834,22;0;5053;4836;217;0;0;0;0;0;4026,69;96096,82;81,87;98;3914;92;89;90,82;0;M;69;GAMELEIRA;0;10;6;60;0;0;568,49;751,81;140,34;611,47;107,56;0;12;12;2;10;83,33;0;3,97;-15706,01;42,98;0;3,97;503,31;154,44;0;0,3;0;0;0;0;288,29;288,29
23/09/2026 17:26:43;31/08/2026;01/08/2026;31/08/2026;26;E;402;115;117373;101666,99;100123,51;2834,22;0;5053;4836;217;0;0;0;0;0;4026,69;96096,82;81,87;98;3914;92;89;90,82;0;M;74;BRAVA;0;7;5;71,43;0;0;832,7;187,83;49,2;138,63;16,65;0;11;6;1;5;45,45;0;0;-15706,01;-694,07;0;0;503,31;154,44;0;0,3;0;0;0;0;288,29;288,29
23/09/2026 17:26:43;31/08/2026;01/08/2026;31/08/2026;26;E;402;115;117373;101666,99;100123,51;2834,22;0;5053;4836;217;0;0;0;0;0;4026,69;96096,82;81,87;98;3914;92;89;90,82;0;M;84;CAPRICHE;0;19;40;210,53;;0;2284,14;3787,65;589,53;3198,12;140,01;0;125;276;102;174;139,2;;;-15706,01;913,98;0;;503,31;154,44;0;0,3;0;0;0;0;288,29;288,29
23/09/2026 17:26:43;31/08/2026;01/08/2026;31/08/2026;26;E;402;115;117373;101666,99;100123,51;2834,22;0;5053;4836;217;0;0;0;0;0;4026,69;96096,82;81,87;98;3914;92;89;90,82;0;M;82;ZICO;0;7;2;28,57;0;0;541,31;506,6;0;506,6;93,59;0;10;3;0;3;30;0;;-15706,01;-34,71;0;;503,31;154,44;0;0,3;0;0;0;0;288,29;288,29
23/09/2026 17:26:43;31/08/2026;01/08/2026;31/08/2026;26;E;402;115;117373;101666,99;100123,51;2834,22;0;5053;4836;217;0;0;0;0;0;4026,69;96096,82;81,87;98;3914;92;89;90,82;0;M;15;QUEIJOS LELO;0;13;5;38,46;0;0;1903,61;1202,77;0;1202,77;63,18;0;14;9;0;9;64,29;0;0;-15706,01;-700,84;0;0;503,31;154,44;0;0,3;0;0;0;0;288,29;288,29
23/09/2026 17:26:43;31/08/2026;01/08/2026;31/08/2026;26;E;402;115;117373;101666,99;100123,51;2834,22;0;5053;4836;217;0;0;0;0;0;4026,69;96096,82;81,87;98;3914;92;89;90,82;0;M;66;COCO SHOW;0;9;7;77,78;0;0;969,62;895,63;0;895,63;92,37;0;61;69;0;69;113,11;2,78;2,33;-15706,01;-73,99;0;2,33;503,31;154,44;0;0,3;0;0;0;0;288,29;288,29
23/09/2026 17:26:43;31/08/2026;01/08/2026;31/08/2026;20;E;290;142;136457;107975,27;105233,97;3672,16;0;2286;2279;7;0;0;0;0;0;221,74;105012,23;76,96;121;3125,14;102;128;105,79;315,03669;M;2;MARILAN;0;85;89;104,71;145,08;0;63000,84;48521,94;163,54;48358,4;76,76;0;1199;1038;4;1034;86,24;24,18;0;-28481,73;-14642,44;0;145,08;716,26669;676,38669;0;0;0,3;0;0;0;0;0
23/09/2026 17:26:43;31/08/2026;01/08/2026;31/08/2026;20;E;290;142;136457;107975,27;105233,97;3672,16;0;2286;2279;7;0;0;0;0;0;221,74;105012,23;76,96;121;3125,14;102;128;105,79;315,03669;M;13;COPRA;0;57;50;87,72;45,17;0;23711,23;13745,46;58,2;13687,26;57,72;0;712;392;3;389;54,63;0;0;-28481,73;-10023,97;0;45,17;716,26669;676,38669;0;0;0,3;0;0;0;0;0
23/09/2026 17:26:43;31/08/2026;01/08/2026;31/08/2026;20;E;290;142;136457;107975,27;105233,97;3672,16;0;2286;2279;7;0;0;0;0;0;221,74;105012,23;76,96;121;3125,14;102;128;105,79;315,03669;M;20;CATAFESTA;0;26;;;0;0;1358,8;;0;0;0;0;0;;;;;0;0;-28481,73;-1358,8;0;0;716,26669;676,38669;0;0;0,3;0;0;0;0;0
23/09/2026 17:26:43;31/08/2026;01/08/2026;31/08/2026;20;E;290;142;136457;107975,27;105233,97;3672,16;0;2286;2279;7;0;0;0;0;0;221,74;105012,23;76,96;121;3125,14;102;128;105,79;315,03669;M;60;RICLAN;0;32;27;84,38;0;0;3791,56;4131,27;0;4131,27;108,96;0;194;198;0;198;102,06;15,7;26,85;-28481,73;339,71;0;26,85;716,26669;676,38669;0;0;0,3;0;0;0;0;0
23/09/2026 17:26:43;31/08/2026;01/08/2026;31/08/2026;20;E;290;142;136457;107975,27;105233,97;3672,16;0;2286;2279;7;0;0;0;0;0;221,74;105012,23;76,96;121;3125,14;102;128;105,79;315,03669;M;82;ZICO;0;25;10;40;0;0;2000,53;3391,7;0;3391,7;169,54;0;50;18;0;18;36;0;;-28481,73;1391,17;0;;716,26669;676,38669;0;0;0,3;0;0;0;0;0
23/09/2026 17:26:43;31/08/2026;01/08/2026;31/08/2026;20;E;290;142;136457;107975,27;105233,97;3672,16;0;2286;2279;7;0;0;0;0;0;221,74;105012,23;76,96;121;3125,14;102;128;105,79;315,03669;M;51;GUANABARA;0;22;4;18,18;0;0;1282,42;1140,46;0;1140,46;88,93;0;19;9;0;9;47,37;0;3,76;-28481,73;-141,96;0;3,76;716,26669;676,38669;0;0;0,3;0;0;0;0;0
23/09/2026 17:26:43;31/08/2026;01/08/2026;31/08/2026;20;E;290;142;136457;107975,27;105233,97;3672,16;0;2286;2279;7;0;0;0;0;0;221,74;105012,23;76,96;121;3125,14;102;128;105,79;315,03669;M;18;SABORELLE - RACAO;0;23;17;73,91;0;0;10150,49;5231,45;0;5231,45;51,54;0;58;43;0;43;74,14;0;0;-28481,73;-4919,04;0;0;716,26669;676,38669;0;0;0,3;0;0;0;0;0
23/09/2026 17:26:43;31/08/2026;01/08/2026;31/08/2026;20;E;290;142;136457;107975,27;105233,97;3672,16;0;2286;2279;7;0;0;0;0;0;221,74;105012,23;76,96;121;3125,14;102;128;105,79;315,03669;M;47;SOFFIE;0;33;1;3,03;0;0;1788,31;41,28;0;41,28;2,31;0;91;3;0;3;3,3;0;0;-28481,73;-1747,03;0;0;716,26669;676,38669;0;0;0,3;0;0;0;0;0
23/09/2026 17:26:43;31/08/2026;01/08/2026;31/08/2026;20;E;290;142;136457;107975,27;105233,97;3672,16;0;2286;2279;7;0;0;0;0;0;221,74;105012,23;76,96;121;3125,14;102;128;105,79;315,03669;M;59;CASA SUICA;0;21;1;4,76;0;0;858,2;35,31;0;35,31;4,11;0;40;1;0;1;2,5;0;0;-28481,73;-822,89;0;0;716,26669;676,38669;0;0;0,3;0;0;0;0;0
23/09/2026 17:26:43;31/08/2026;01/08/2026;31/08/2026;20;E;290;142;136457;107975,27;105233,97;3672,16;0;2286;2279;7;0;0;0;0;0;221,74;105012,23;76,96;121;3125,14;102;128;105,79;315,03669;M;74;BRAVA;0;18;19;105,56;5,57;0;1559,2;428,2;0;428,2;27,46;0;83;21;0;21;25,3;0;0;-28481,73;-1131;0;5,57;716,26669;676,38669;0;0;0,3;0;0;0;0;0
23/09/2026 17:26:43;31/08/2026;01/08/2026;31/08/2026;20;E;290;142;136457;107975,27;105233,97;3672,16;0;2286;2279;7;0;0;0;0;0;221,74;105012,23;76,96;121;3125,14;102;128;105,79;315,03669;M;15;QUEIJOS LELO;0;21;1;4,76;0;0;2000,35;269,81;0;269,81;13,49;0;36;2;0;2;5,56;0;0;-28481,73;-1730,54;0;0;716,26669;676,38669;0;0;0,3;0;0;0;0;0
23/09/2026 17:26:43;31/08/2026;01/08/2026;31/08/2026;20;E;290;142;136457;107975,27;105233,97;3672,16;0;2286;2279;7;0;0;0;0;0;221,74;105012,23;76,96;121;3125,14;102;128;105,79;315,03669;M;53;CASAKM;0;47;37;78,72;0;0;24956,05;25945,33;0;25945,33;103,96;0;643;523;0;523;81,34;0;134,92;-28481,73;989,28;0;134,92;716,26669;676,38669;0;0;0,3;0;0;0;0;0
23/09/2026 17:26:43;31/08/2026;01/08/2026;31/08/2026;13;E;291;83;112193;72150,22;71138,73;2240,49;0;3852;3800;52;0;0;0;0;0;3053,27;68085,46;60,69;71;3616,01;41;39;54,93;0;M;1;JAV;0;50;29;58;0;0;35577,77;29329,37;1772,95;27556,42;77,45;0;2123;1050;29;1021;48,09;0;0;-40042,78;-8021,35;0;0;369,01;157,43;0;0,2;0;0;0;0;136,17;136,17
23/09/2026 17:26:43;31/08/2026;01/08/2026;31/08/2026;13;E;291;83;112193;72150,22;71138,73;2240,49;0;3852;3800;52;0;0;0;0;0;3053,27;68085,46;60,69;71;3616,01;41;39;54,93;0;M;2;MARILAN;0;44;23;52,27;0;0;36999,31;10923,36;615,48;10307,88;27,86;0;661;292;11;281;42,51;0;0;-40042,78;-26691,43;0;0;369,01;157,43;0;0,2;0;0;0;0;136,17;136,17
23/09/2026 17:26:43;31/08/2026;01/08/2026;31/08/2026;13;E;291;83;112193;72150,22;71138,73;2240,49;0;3852;3800;52;0;0;0;0;0;3053,27;68085,46;60,69;71;3616,01;41;39;54,93;0;M;6;SOL BEBIDAS;0;12;2;16,67;0;0;2062,29;171,31;59,54;111,77;5,42;0;24;4;2;2;8,33;0;0;-40042,78;-1950,52;0;0;369,01;157,43;0;0,2;0;0;0;0;136,17;136,17
23/09/2026 17:26:43;31/08/2026;01/08/2026;31/08/2026;13;E;291;83;112193;72150,22;71138,73;2240,49;0;3852;3800;52;0;0;0;0;0;3053,27;68085,46;60,69;71;3616,01;41;39;54,93;0;M;13;COPRA;0;25;17;68;0;0;6081,91;9266,52;605,3;8661,22;142,41;0;293;374;10;364;124,23;26,85;45,04;-40042,78;2579,31;0;45,04;369,01;157,43;0;0,2;0;0;0;0;136,17;136,17
23/09/2026 17:26:43;31/08/2026;01/08/2026;31/08/2026;13;E;291;83;112193;72150,22;71138,73;2240,49;0;3852;3800;52;0;0;0;0;0;3053,27;68085,46;60,69;71;3616,01;41;39;54,93;0;M;53;CASAKM;0;19;15;78,95;0;0;5284,87;7994,47;0;7994,47;151,27;0;162;140;0;140;86,42;10,39;41,57;-40042,78;2709,6;0;41,57;369,01;157,43;0;0,2;0;0;0;0;136,17;136,17
23/09/2026 17:26:43;31/08/2026;01/08/2026;31/08/2026;13;E;291;83;112193;72150,22;71138,73;2240,49;0;3852;3800;52;0;0;0;0;0;3053,27;68085,46;60,69;71;3616,01;41;39;54,93;0;M;82;ZICO;0;10;1;10;0;0;1000;340;0;340;34;0;10;2;0;2;20;0;0;-40042,78;-660;0;0;369,01;157,43;0;0,2;0;0;0;0;136,17;136,17
23/09/2026 17:26:43;31/08/2026;01/08/2026;31/08/2026;13;E;291;83;112193;72150,22;71138,73;2240,49;0;3852;3800;52;0;0;0;0;0;3053,27;68085,46;60,69;71;3616,01;41;39;54,93;0;M;15;QUEIJOS LELO;0;19;5;26,32;0;0;1472,22;1632,02;0;1632,02;110,85;0;17;12;0;12;70,59;0;10,61;-40042,78;159,8;0;10,61;369,01;157,43;0;0,2;0;0;0;0;136,17;136,17
23/09/2026 17:26:43;31/08/2026;01/08/2026;31/08/2026;13;E;291;83;112193;72150,22;71138,73;2240,49;0;3852;3800;52;0;0;0;0;0;3053,27;68085,46;60,69;71;3616,01;41;39;54,93;0;M;74;BRAVA;0;11;2;18,18;0;0;3000;304,2;0;304,2;10,14;0;16;5;0;5;31,25;0;0;-40042,78;-2695,8;0;0;369,01;157,43;0;0,2;0;0;0;0;136,17;136,17
23/09/2026 17:26:43;31/08/2026;01/08/2026;31/08/2026;13;E;291;83;112193;72150,22;71138,73;2240,49;0;3852;3800;52;0;0;0;0;0;3053,27;68085,46;60,69;71;3616,01;41;39;54,93;0;M;51;GUANABARA;0;10;2;20;0;0;2013,05;742,53;0;742,53;36,89;0;24;5;0;5;20,83;0;0;-40042,78;-1270,52;0;0;369,01;157,43;0;0,2;0;0;0;0;136,17;136,17
23/09/2026 17:26:43;31/08/2026;01/08/2026;31/08/2026;13;E;291;83;112193;72150,22;71138,73;2240,49;0;3852;3800;52;0;0;0;0;0;3053,27;68085,46;60,69;71;3616,01;41;39;54,93;0;M;83;ROBINSON CRUSOE;0;18;11;61,11;0;0;2095;3878,2;0;3878,2;185,12;0;26;35;0;35;134,62;14,74;42,66;-40042,78;1783,2;0;42,66;369,01;157,43;0;0,2;0;0;0;0;136,17;136,17
23/09/2026 17:26:43;31/08/2026;01/08/2026;31/08/2026;13;E;291;83;112193;72150,22;71138,73;2240,49;0;3852;3800;52;0;0;0;0;0;3053,27;68085,46;60,69;71;3616,01;41;39;54,93;0;M;18;SABORELLE - RACAO;0;9;1;11,11;0;0;2006,12;38,16;0;38,16;1,9;0;19;3;0;3;15,79;0;0;-40042,78;-1967,96;0;0;369,01;157,43;0;0,2;0;0;0;0;136,17;136,17
23/09/2026 17:26:43;31/08/2026;01/08/2026;31/08/2026;13;E;291;83;112193;72150,22;71138,73;2240,49;0;3852;3800;52;0;0;0;0;0;3053,27;68085,46;60,69;71;3616,01;41;39;54,93;0;M;20;CATAFESTA;0;11;;;0;0;615,34;;0;0;0;0;10;;;;0;0;0;-40042,78;-615,34;0;0;369,01;157,43;0;0,2;0;0;0;0;136,17;136,17
23/09/2026 17:26:43;31/08/2026;01/08/2026;31/08/2026;13;E;291;83;112193;72150,22;71138,73;2240,49;0;3852;3800;52;0;0;0;0;0;3053,27;68085,46;60,69;71;3616,01;41;39;54,93;0;M;72;FRANBA;0;10;6;60;0;0;1007,36;1364,11;0;1364,11;135,41;0;10;15;0;15;150;5,18;8,87;-40042,78;356,75;0;8,87;369,01;157,43;0;0,2;0;0;0;0;136,17;136,17
23/09/2026 17:26:43;31/08/2026;01/08/2026;31/08/2026;13;E;291;83;112193;72150,22;71138,73;2240,49;0;3852;3800;52;0;0;0;0;0;3053,27;68085,46;60,69;71;3616,01;41;39;54,93;0;M;66;COCO SHOW;0;10;2;20;0;0;1000;271,09;0;271,09;27,11;0;30;14;0;14;46,67;0;0;-40042,78;-728,91;0;0;369,01;157,43;0;0,2;0;0;0;0;136,17;136,17
23/09/2026 17:26:43;31/08/2026;01/08/2026;31/08/2026;13;E;291;83;112193;72150,22;71138,73;2240,49;0;3852;3800;52;0;0;0;0;0;3053,27;68085,46;60,69;71;3616,01;41;39;54,93;0;M;52;GREEN;0;14;4;28,57;0;0;3054,67;2631,77;0;2631,77;86,16;0;20;34;0;34;170;10;8,68;-40042,78;-422,9;0;8,68;369,01;157,43;0;0,2;0;0;0;0;136,17;136,17
23/09/2026 17:26:43;31/08/2026;01/08/2026;31/08/2026;13;E;291;83;112193;72150,22;71138,73;2240,49;0;3852;3800;52;0;0;0;0;0;3053,27;68085,46;60,69;71;3616,01;41;39;54,93;0;M;65;MATUTA;0;10;;;0;0;1000;;0;0;0;0;7;;;;0;0;0;-40042,78;-1000;0;0;369,01;157,43;0;0,2;0;0;0;0;136,17;136,17
23/09/2026 17:26:43;31/08/2026;01/08/2026;31/08/2026;26;E;402;115;117373;101666,99;100123,51;2834,22;0;5053;4836;217;0;0;0;0;0;4026,69;96096,82;81,87;98;3914;92;89;90,82;0;M;53;CASAKM;0;19;14;73,68;0;0;6546,89;6462,67;0;6462,67;98,71;0;135;169;0;169;125,19;20,03;16,8;-15706,01;-84,22;0;16,8;503,31;154,44;0;0,3;0;0;0;0;288,29;288,29
23/09/2026 17:26:43;31/08/2026;01/08/2026;31/08/2026;26;E;402;115;117373;101666,99;100123,51;2834,22;0;5053;4836;217;0;0;0;0;0;4026,69;96096,82;81,87;98;3914;92;89;90,82;0;M;6;SOL BEBIDAS;0;7;4;57,14;0;0;887,24;385,66;0;385,66;43,47;0;19;11;0;11;57,89;0;0;-15706,01;-501,58;0;0;503,31;154,44;0;0,3;0;0;0;0;288,29;288,29
23/09/2026 17:26:43;31/08/2026;01/08/2026;31/08/2026;26;E;402;115;117373;101666,99;100123,51;2834,22;0;5053;4836;217;0;0;0;0;0;4026,69;96096,82;81,87;98;3914;92;89;90,82;0;M;65;MATUTA;0;11;;;0;0;500;;0;0;0;0;10;;;;0;0;0;-15706,01;-500;0;0;503,31;154,44;0;0,3;0;0;0;0;288,29;288,29
23/09/2026 17:26:43;31/08/2026;01/08/2026;31/08/2026;26;E;402;115;117373;101666,99;100123,51;2834,22;0;5053;4836;217;0;0;0;0;0;4026,69;96096,82;81,87;98;3914;92;89;90,82;0;M;63;BRACELL;0;19;12;63,16;0;0;4389,56;2663;0;2663;60,67;0;15;78;0;78;520;8,26;0;-15706,01;-1726,56;0;0;503,31;154,44;0;0,3;0;0;0;0;288,29;288,29
23/09/2026 17:26:43;31/08/2026;01/08/2026;31/08/2026;26;E;402;115;117373;101666,99;100123,51;2834,22;0;5053;4836;217;0;0;0;0;0;4026,69;96096,82;81,87;98;3914;92;89;90,82;0;M;72;FRANBA;0;10;3;30;0;0;591,93;642,81;0;642,81;108,6;0;8;7;0;7;87,5;1,03;4,18;-15706,01;50,88;0;4,18;503,31;154,44;0;0,3;0;0;0;0;288,29;288,29
23/09/2026 17:26:43;31/08/2026;01/08/2026;31/08/2026;26;E;402;115;117373;101666,99;100123,51;2834,22;0;5053;4836;217;0;0;0;0;0;4026,69;96096,82;81,87;98;3914;92;89;90,82;0;M;51;GUANABARA;0;4;;;0;0;588,77;;0;0;0;0;10;;;;0;0;0;-15706,01;-588,77;0;0;503,31;154,44;0;0,3;0;0;0;0;288,29;288,29
23/09/2026 17:26:43;31/08/2026;01/08/2026;31/08/2026;26;E;402;115;117373;101666,99;100123,51;2834,22;0;5053;4836;217;0;0;0;0;0;4026,69;96096,82;81,87;98;3914;92;89;90,82;0;M;83;ROBINSON CRUSOE;0;17;5;29,41;0;0;2679;2515,66;0;2515,66;93,9;0;24;21;0;21;87,5;4,03;13,84;-15706,01;-163,34;0;13,84;503,31;154,44;0;0,3;0;0;0;0;288,29;288,29
23/09/2026 17:26:43;31/08/2026;01/08/2026;31/08/2026;26;E;402;115;117373;101666,99;100123,51;2834,22;0;5053;4836;217;0;0;0;0;0;4026,69;96096,82;81,87;98;3914;92;89;90,82;0;M;18;SABORELLE - RACAO;0;8;3;37,5;0;0;1126,74;607,66;0;607,66;53,93;0;5;6;0;6;120;1,88;0;-15706,01;-519,08;0;0;503,31;154,44;0;0,3;0;0;0;0;288,29;288,29
23/09/2026 17:26:43;31/08/2026;01/08/2026;31/08/2026;26;E;402;115;117373;101666,99;100123,51;2834,22;0;5053;4836;217;0;0;0;0;0;4026,69;96096,82;81,87;98;3914;92;89;90,82;0;M;20;CATAFESTA;0;12;;;0;0;553,45;;0;0;0;0;10;;;;0;0;0;-15706,01;-553,45;0;0;503,31;154,44;0;0,3;0;0;0;0;288,29;288,29
23/09/2026 17:26:43;31/08/2026;01/08/2026;31/08/2026;26;E;407;78;112877;115457,72;112659,79;3333,44;107,42;4331;4155;176;0;0;0;0;0;5244,69;107415,1;95,16;66;2863,01;58;55;83,33;0;M;1;JAV;0;46;42;91,3;56,56;0;45888,76;44058,19;550,67;43507,52;94,81;0;1341;1163;16;1147;85,53;21,75;43,51;2580,72;-2381,24;107,42;100,07;1194,37;710,86;0;0,3;0;0;0;0;322,25;322,25
23/09/2026 17:26:43;31/08/2026;01/08/2026;31/08/2026;26;E;407;78;112877;115457,72;112659,79;3333,44;107,42;4331;4155;176;0;0;0;0;0;5244,69;107415,1;95,16;66;2863,01;58;55;83,33;0;M;13;COPRA;0;25;24;96;37,15;0;14094,13;12105,97;848,22;11257,75;79,88;0;509;439;27;412;80,94;0;0;2580,72;-2836,38;107,42;37,15;1194,37;710,86;0;0,3;0;0;0;0;322,25;322,25
23/09/2026 17:26:43;31/08/2026;01/08/2026;31/08/2026;26;E;407;78;112877;115457,72;112659,79;3333,44;107,42;4331;4155;176;0;0;0;0;0;5244,69;107415,1;95,16;66;2863,01;58;55;83,33;0;M;18;SABORELLE - RACAO;0;16;10;62,5;0;0;5001,96;8629,57;510,88;8118,69;162,31;0;66;140;14;126;190,91;25,17;42,22;2580,72;3116,73;107,42;42,22;1194,37;710,86;0;0,3;0;0;0;0;322,25;322,25
23/09/2026 17:26:43;31/08/2026;01/08/2026;31/08/2026;26;E;407;78;112877;115457,72;112659,79;3333,44;107,42;4331;4155;176;0;0;0;0;0;5244,69;107415,1;95,16;66;2863,01;58;55;83,33;0;M;44;JDE;0;21;19;90,48;4,87;0;8990,35;8528,24;404,79;8123,45;90,36;0;808;1258;31;1227;151,86;4,87;4,06;2580,72;-866,9;107,42;8,93;1194,37;710,86;0;0,3;0;0;0;0;322,25;322,25
23/09/2026 17:26:43;31/08/2026;01/08/2026;31/08/2026;26;E;407;78;112877;115457,72;112659,79;3333,44;107,42;4331;4155;176;0;0;0;0;0;5244,69;107415,1;95,16;66;2863,01;58;55;83,33;0;M;51;GUANABARA;0;14;7;50;0;0;2391,27;1816,08;240,58;1575,5;65,89;0;19;12;1;11;57,89;0;0;2580,72;-815,77;107,42;0;1194,37;710,86;0;0,3;0;0;0;0;322,25;322,25
23/09/2026 17:26:43;31/08/2026;01/08/2026;31/08/2026;26;E;407;78;112877;115457,72;112659,79;3333,44;107,42;4331;4155;176;0;0;0;0;0;5244,69;107415,1;95,16;66;2863,01;58;55;83,33;0;M;52;GREEN;0;9;9;100;13,86;0;3079,09;1180,3;114,22;1066,08;34,62;0;40;17;2;15;37,5;0;0;2580,72;-2013,01;107,42;13,86;1194,37;710,86;0;0,3;0;0;0;0;322,25;322,25
23/09/2026 17:26:43;31/08/2026;01/08/2026;31/08/2026;26;E;407;78;112877;115457,72;112659,79;3333,44;107,42;4331;4155;176;0;0;0;0;0;5244,69;107415,1;95,16;66;2863,01;58;55;83,33;0;M;53;CASAKM;0;16;19;118,75;127,36;0;10975,26;16510,5;590,52;15919,98;145,05;0;304;462;18;444;146,05;49,35;82,78;2580,72;4944,72;107,42;210,14;1194,37;710,86;0;0,3;0;0;0;0;322,25;322,25
23/09/2026 17:26:43;31/08/2026;01/08/2026;31/08/2026;26;E;407;78;112877;115457,72;112659,79;3333,44;107,42;4331;4155;176;0;0;0;0;0;5244,69;107415,1;95,16;66;2863,01;58;55;83,33;0;M;63;BRACELL;0;12;13;108,33;38,07;0;6458,7;5049,35;290,96;4758,39;73,67;0;15;79;4;75;500;14,75;0;2580,72;-1700,31;107,42;38,07;1194,37;710,86;0;0,3;0;0;0;0;322,25;322,25
23/09/2026 17:26:43;31/08/2026;01/08/2026;31/08/2026;26;E;407;78;112877;115457,72;112659,79;3333,44;107,42;4331;4155;176;0;0;0;0;0;5244,69;107415,1;95,16;66;2863,01;58;55;83,33;0;M;72;FRANBA;0;9;4;44,44;0;0;572,91;410,43;99,8;310,63;54,22;0;5;4;1;3;60;0;0;2580,72;-262,28;107,42;0;1194,37;710,86;0;0,3;0;0;0;0;322,25;322,25
23/09/2026 17:26:43;31/08/2026;01/08/2026;31/08/2026;26;E;407;78;112877;115457,72;112659,79;3333,44;107,42;4331;4155;176;0;0;0;0;0;5244,69;107415,1;95,16;66;2863,01;58;55;83,33;0;M;74;BRAVA;0;16;11;68,75;0;0;954,4;837,06;55,07;781,99;81,94;0;20;22;1;21;105;2,97;0;2580,72;-172,41;107,42;0;1194,37;710,86;0;0,3;0;0;0;0;322,25;322,25
23/09/2026 17:26:43;31/08/2026;01/08/2026;31/08/2026;26;E;407;78;112877;115457,72;112659,79;3333,44;107,42;4331;4155;176;0;0;0;0;0;5244,69;107415,1;95,16;66;2863,01;58;55;83,33;0;M;83;ROBINSON CRUSOE;0;8;5;62,5;0;0;2608,17;2888,06;248;2640,06;101,22;0;24;29;2;27;112,5;10,03;29,04;2580,72;31,89;107,42;29,04;1194,37;710,86;0;0,3;0;0;0;0;322,25;322,25
23/09/2026 17:26:43;31/08/2026;01/08/2026;31/08/2026;26;E;407;78;112877;115457,72;112659,79;3333,44;107,42;4331;4155;176;0;0;0;0;0;5244,69;107415,1;95,16;66;2863,01;58;55;83,33;0;M;84;CAPRICHE;0;18;26;144,44;;0;6505,71;7180,48;1686,02;5494,46;84,46;0;187;284;59;225;120,32;;0;2580,72;-1011,25;107,42;;1194,37;710,86;0;0,3;0;0;0;0;322,25;322,25
23/09/2026 17:26:43;31/08/2026;01/08/2026;31/08/2026;26;E;407;78;112877;115457,72;112659,79;3333,44;107,42;4331;4155;176;0;0;0;0;0;5244,69;107415,1;95,16;66;2863,01;58;55;83,33;0;M;6;SOL BEBIDAS;0;13;15;115,38;22,44;0;3389,87;1726,07;0;1726,07;50,92;0;48;31;0;31;64,58;0;0;2580,72;-1663,8;107,42;22,44;1194,37;710,86;0;0,3;0;0;0;0;322,25;322,25
23/09/2026 17:26:43;31/08/2026;01/08/2026;31/08/2026;26;E;407;78;112877;115457,72;112659,79;3333,44;107,42;4331;4155;176;0;0;0;0;0;5244,69;107415,1;95,16;66;2863,01;58;55;83,33;0;M;69;GAMELEIRA;0;10;9;90;25,91;0;3290,84;4798,49;0;4798,49;145,81;0;60;68;0;68;113,33;18,23;31,19;2580,72;1507,65;107,42;57,1;1194,37;710,86;0;0,3;0;0;0;0;322,25;322,25
23/09/2026 17:26:43;31/08/2026;01/08/2026;31/08/2026;26;E;407;78;112877;115457,72;112659,79;3333,44;107,42;4331;4155;176;0;0;0;0;0;5244,69;107415,1;95,16;66;2863,01;58;55;83,33;0;M;82;ZICO;0;14;;;0;0;608,41;;0;0;0;0;10;;;;0;0;0;2580,72;-608,41;107,42;0;1194,37;710,86;0;0,3;0;0;0;0;322,25;322,25
23/09/2026 17:26:43;31/08/2026;01/08/2026;31/08/2026;26;E;407;78;112877;115457,72;112659,79;3333,44;107,42;4331;4155;176;0;0;0;0;0;5244,69;107415,1;95,16;66;2863,01;58;55;83,33;0;M;66;COCO SHOW;0;11;10;90,91;4,88;0;1928,9;1479,62;0;1479,62;76,71;0;103;78;0;78;75,73;0;0;2580,72;-449,28;107,42;4,88;1194,37;710,86;0;0,3;0;0;0;0;322,25;322,25
23/09/2026 17:26:43;31/08/2026;01/08/2026;31/08/2026;26;E;407;78;112877;115457,72;112659,79;3333,44;107,42;4331;4155;176;0;0;0;0;0;5244,69;107415,1;95,16;66;2863,01;58;55;83,33;0;M;15;QUEIJOS LELO;0;10;9;90;11,05;0;1091,86;2047,19;0;2047,19;187,5;0;8;15;0;15;187,5;7,78;13,31;2580,72;955,33;107,42;24,36;1194,37;710,86;0;0,3;0;0;0;0;322,25;322,25
23/09/2026 17:26:43;31/08/2026;01/08/2026;31/08/2026;26;E;407;78;112877;115457,72;112659,79;3333,44;107,42;4331;4155;176;0;0;0;0;0;5244,69;107415,1;95,16;66;2863,01;58;55;83,33;0;M;65;MATUTA;0;13;1;7,69;0;0;571,93;0;0;0;0;0;10;3;0;3;30;0;0;2580,72;-571,93;107,42;0;1194,37;710,86;0;0,3;0;0;0;0;322,25;322,25
23/09/2026 17:26:43;31/08/2026;01/08/2026;31/08/2026;26;E;407;78;112877;115457,72;112659,79;3333,44;107,42;4331;4155;176;0;0;0;0;0;5244,69;107415,1;95,16;66;2863,01;58;55;83,33;0;M;20;CATAFESTA;0;9;;;0;0;1268,06;;0;0;0;0;10;;;;0;0;0;2580,72;-1268,06;107,42;0;1194,37;710,86;0;0,3;0;0;0;0;322,25;322,25
23/09/2026 17:26:43;31/08/2026;01/08/2026;31/08/2026;13;E;291;83;112193;72150,22;71138,73;2240,49;0;3852;3800;52;0;0;0;0;0;3053,27;68085,46;60,69;71;3616,01;41;39;54,93;0;M;47;SOFFIE;0;8;;;0;0;700;;0;0;0;0;6;;;;0;0;0;-40042,78;-700;0;0;369,01;157,43;0;0,2;0;0;0;0;136,17;136,17
23/09/2026 17:26:43;31/08/2026;01/08/2026;31/08/2026;13;E;291;83;112193;72150,22;71138,73;2240,49;0;3852;3800;52;0;0;0;0;0;3053,27;68085,46;60,69;71;3616,01;41;39;54,93;0;M;61;DAVENE;0;10;;;0;0;531,49;;0;0;0;0;20;;;;0;0;0;-40042,78;-531,49;0;0;369,01;157,43;0;0,2;0;0;0;0;136,17;136,17
23/09/2026 17:26:43;31/08/2026;01/08/2026;31/08/2026;13;E;291;83;112193;72150,22;71138,73;2240,49;0;3852;3800;52;0;0;0;0;0;3053,27;68085,46;60,69;71;3616,01;41;39;54,93;0;M;59;CASA SUICA;0;9;4;44,44;0;0;1066,52;247,17;0;247,17;23,18;0;28;7;0;7;25;0;0;-40042,78;-819,35;0;0;369,01;157,43;0;0,2;0;0;0;0;136,17;136,17
23/09/2026 17:26:43;31/08/2026;01/08/2026;31/08/2026;13;E;291;83;112193;72150,22;71138,73;2240,49;0;3852;3800;52;0;0;0;0;0;3053,27;68085,46;60,69;71;3616,01;41;39;54,93;0;M;69;GAMELEIRA;0;9;1;11,11;0;0;1000;45,36;0;45,36;4,54;0;8;1;0;1;12,5;0;0;-40042,78;-954,64;0;0;369,01;157,43;0;0,2;0;0;0;0;136,17;136,17
23/09/2026 17:26:43;31/08/2026;01/08/2026;31/08/2026;13;E;291;83;112193;72150,22;71138,73;2240,49;0;3852;3800;52;0;0;0;0;0;3053,27;68085,46;60,69;71;3616,01;41;39;54,93;0;M;63;BRACELL;0;15;1;6,67;0;0;3077,98;52,24;0;52,24;1,7;0;20;1;0;1;5;0;0;-40042,78;-3025,74;0;0;369,01;157,43;0;0,2;0;0;0;0;136,17;136,17
23/09/2026 17:26:43;31/08/2026;01/08/2026;31/08/2026;13;E;291;83;112193;72150,22;71138,73;2240,49;0;3852;3800;52;0;0;0;0;0;3053,27;68085,46;60,69;71;3616,01;41;39;54,93;0;M;44;JDE;0;35;22;62,86;0;0;18317,9;13756,96;0;13756,96;75,1;0;1345;1792;0;1792;133,23;8,25;0;-40042,78;-4560,94;0;0;369,01;157,43;0;0,2;0;0;0;0;136,17;136,17
23/09/2026 17:26:43;31/08/2026;01/08/2026;31/08/2026;13;E;291;83;112193;72150,22;71138,73;2240,49;0;3852;3800;52;0;0;0;0;0;3053,27;68085,46;60,69;71;3616,01;41;39;54,93;0;M;60;RICLAN;0;20;10;50;0;0;1547,9;1089,17;0;1089,17;70,36;0;82;42;0;42;51,22;0;0;-40042,78;-458,73;0;0;369,01;157,43;0;0,2;0;0;0;0;136,17;136,17
23/09/2026 17:26:43;31/08/2026;01/08/2026;31/08/2026;6;B;292;101;44963,73;74684,23;76151,53;1116,05;221,43;2364;2322;42;0;0;0;0;0;2340,7;73810,83;164,16;86;1000;47;46;53,49;0;M;2;MARILAN;0;45;41;91,11;46,78;0;30871,07;37865,08;1877,36;35987,72;116,57;0;902;1302;35;1267;140,47;43,19;53,98;29720,5;5116,65;221,43;100,76;758,96;411,36;0,3;0,3;0;0;0;0;221,43;221,43
23/09/2026 17:26:43;31/08/2026;01/08/2026;31/08/2026;6;B;292;101;44963,73;74684,23;76151,53;1116,05;221,43;2364;2322;42;0;0;0;0;0;2340,7;73810,83;164,16;86;1000;47;46;53,49;0;M;13;COPRA;0;32;23;71,88;0;0;8245,04;7492,83;70;7422,83;90,03;0;231;204;1;203;87,88;9,65;14,85;29720,5;-822,21;221,43;14,85;758,96;411,36;0,3;0,3;0;0;0;0;221,43;221,43
23/09/2026 17:26:43;31/08/2026;01/08/2026;31/08/2026;6;B;292;101;44963,73;74684,23;76151,53;1116,05;221,43;2364;2322;42;0;0;0;0;0;2340,7;73810,83;164,16;86;1000;47;46;53,49;0;M;18;SABORELLE - RACAO;0;21;14;66,67;0;0;14885,71;6812,8;178,4;6634,4;44,57;0;87;46;1;45;51,72;0;0;29720,5;-8251,31;221,43;0;758,96;411,36;0,3;0,3;0;0;0;0;221,43;221,43
23/09/2026 17:26:43;31/08/2026;01/08/2026;31/08/2026;6;B;292;101;44963,73;74684,23;76151,53;1116,05;221,43;2364;2322;42;0;0;0;0;0;2340,7;73810,83;164,16;86;1000;47;46;53,49;0;M;53;CASAKM;0;36;29;80,56;0;0;21304,82;19580,79;89,1;19491,69;91,49;0;416;452;1;451;108,41;60,42;38,98;29720,5;-1813,13;221,43;38,98;758,96;411,36;0,3;0,3;0;0;0;0;221,43;221,43
23/09/2026 17:26:43;31/08/2026;01/08/2026;31/08/2026;6;B;292;101;44963,73;74684,23;76151,53;1116,05;221,43;2364;2322;42;0;0;0;0;0;2340,7;73810,83;164,16;86;1000;47;46;53,49;0;M;59;CASA SUICA;0;10;;;0;0;1592,34;;125,84;-125,84;-7,9;0;17;0;4;-4;-23,53;0;0;29720,5;-1718,18;221,43;0;758,96;411,36;0,3;0,3;0;0;0;0;221,43;221,43
23/09/2026 17:26:43;31/08/2026;01/08/2026;31/08/2026;6;B;292;101;44963,73;74684,23;76151,53;1116,05;221,43;2364;2322;42;0;0;0;0;0;2340,7;73810,83;164,16;86;1000;47;46;53,49;0;M;20;CATAFESTA;0;19;;;0;0;1179,76;;0;0;0;0;6;;;;0;0;0;29720,5;-1179,76;221,43;0;758,96;411,36;0,3;0,3;0;0;0;0;221,43;221,43
23/09/2026 17:26:43;31/08/2026;01/08/2026;31/08/2026;6;B;292;101;44963,73;74684,23;76151,53;1116,05;221,43;2364;2322;42;0;0;0;0;0;2340,7;73810,83;164,16;86;1000;47;46;53,49;0;M;82;ZICO;0;8;;;0;0;7318,42;;0;0;0;0;7;;;;0;0;0;29720,5;-7318,42;221,43;0;758,96;411,36;0,3;0,3;0;0;0;0;221,43;221,43
23/09/2026 17:26:43;31/08/2026;01/08/2026;31/08/2026;6;B;292;101;44963,73;74684,23;76151,53;1116,05;221,43;2364;2322;42;0;0;0;0;0;2340,7;73810,83;164,16;86;1000;47;46;53,49;0;M;74;BRAVA;0;10;1;10;0;0;1098,02;49,7;0;49,7;4,53;0;8;1;0;1;12,5;0;0;29720,5;-1048,32;221,43;0;758,96;411,36;0,3;0,3;0;0;0;0;221,43;221,43
23/09/2026 17:26:43;31/08/2026;01/08/2026;31/08/2026;6;B;292;101;44963,73;74684,23;76151,53;1116,05;221,43;2364;2322;42;0;0;0;0;0;2340,7;73810,83;164,16;86;1000;47;46;53,49;0;M;60;RICLAN;0;26;23;88,46;18,35;0;2978,21;3397,68;0;3397,68;114,08;0;142;349;0;349;245,77;12,91;16,99;29720,5;419,47;221,43;35,34;758,96;411,36;0,3;0,3;0;0;0;0;221,43;221,43
23/09/2026 17:26:43;31/08/2026;01/08/2026;31/08/2026;6;B;292;101;44963,73;74684,23;76151,53;1116,05;221,43;2364;2322;42;0;0;0;0;0;2340,7;73810,83;164,16;86;1000;47;46;53,49;0;M;47;SOFFIE;0;10;;;0;0;1056,77;;0;0;0;0;35;;;;0;0;0;29720,5;-1056,77;221,43;0;758,96;411,36;0,3;0,3;0;0;0;0;221,43;221,43
23/09/2026 17:26:43;31/08/2026;01/08/2026;31/08/2026;6;B;292;101;44963,73;74684,23;76151,53;1116,05;221,43;2364;2322;42;0;0;0;0;0;2340,7;73810,83;164,16;86;1000;47;46;53,49;0;M;81;TOP CAU;0;7;;;0;0;1000;;0;0;0;0;6;;;;0;0;0;29720,5;-1000;221,43;0;758,96;411,36;0,3;0,3;0;0;0;0;221,43;221,43
23/09/2026 17:26:43;31/08/2026;01/08/2026;31/08/2026;6;B;292;101;44963,73;74684,23;76151,53;1116,05;221,43;2364;2322;42;0;0;0;0;0;2340,7;73810,83;164,16;86;1000;47;46;53,49;0;M;15;QUEIJOS LELO;0;11;5;45,45;0;0;1219,17;663,15;0;663,15;54,39;0;12;5;0;5;41,67;0;0;29720,5;-556,02;221,43;0;758,96;411,36;0,3;0,3;0;0;0;0;221,43;221,43
23/09/2026 17:26:43;31/08/2026;01/08/2026;31/08/2026;6;B;292;101;44963,73;74684,23;76151,53;1116,05;221,43;2364;2322;42;0;0;0;0;0;2340,7;73810,83;164,16;86;1000;47;46;53,49;0;M;51;GUANABARA;0;9;2;22,22;0;0;1461,21;269,1;0;269,1;18,42;0;32;2;0;2;6,25;0;0;29720,5;-1192,11;221,43;0;758,96;411,36;0,3;0,3;0;0;0;0;221,43;221,43
23/09/2026 17:26:43;31/08/2026;01/08/2026;31/08/2026;26;E;294;51;44280;48076,04;48076,04;1363,71;95,14;1603;1581;22;0;0;0;0;0;505,82;47570,22;107,43;43;1178,02;45;45;104,65;142,71066;M;1;JAV;0;30;39;130;74,07;0;21269,6;24983,36;292,25;24691,11;116,09;0;648;680;4;676;104,32;29,63;49,38;3796,04;3421,51;95,14;123,45;882,86066;643,32066;0,2;0,3;0,3;0;0;0;142,71;142,71
23/09/2026 17:26:43;31/08/2026;01/08/2026;31/08/2026;26;E;294;51;44280;48076,04;48076,04;1363,71;95,14;1603;1581;22;0;0;0;0;0;505,82;47570,22;107,43;43;1178,02;45;45;104,65;142,71066;M;13;COPRA;0;15;16;106,67;65,62;0;4796,64;8306,87;103,8;8203,07;171,02;0;172;305;12;293;170,35;25,43;42,66;3796,04;3406,43;95,14;108,28;882,86066;643,32066;0,2;0,3;0,3;0;0;0;142,71;142,71
23/09/2026 17:26:43;31/08/2026;01/08/2026;31/08/2026;26;E;294;51;44280;48076,04;48076,04;1363,71;95,14;1603;1581;22;0;0;0;0;0;505,82;47570,22;107,43;43;1178,02;45;45;104,65;142,71066;M;52;GREEN;0;10;14;140;12,99;0;563,31;1036,15;36,72;999,43;177,42;0;10;24;1;23;230;3,8;6,5;3796,04;436,12;95,14;19,49;882,86066;643,32066;0,2;0,3;0,3;0;0;0;142,71;142,71
23/09/2026 17:26:43;31/08/2026;01/08/2026;31/08/2026;26;E;294;51;44280;48076,04;48076,04;1363,71;95,14;1603;1581;22;0;0;0;0;0;505,82;47570,22;107,43;43;1178,02;45;45;104,65;142,71066;M;60;RICLAN;0;10;22;220;25,78;0;1358,38;2001,39;18,43;1982,96;145,98;0;69;151;2;149;215,94;7,54;12,89;3796,04;624,58;95,14;38,67;882,86066;643,32066;0,2;0,3;0,3;0;0;0;142,71;142,71
23/09/2026 17:26:43;31/08/2026;01/08/2026;31/08/2026;26;E;294;51;44280;48076,04;48076,04;1363,71;95,14;1603;1581;22;0;0;0;0;0;505,82;47570,22;107,43;43;1178,02;45;45;104,65;142,71066;M;84;CAPRICHE;0;14;17;121,43;;0;1830,51;1796,24;54,62;1741,62;95,14;0;109;72;3;69;63,3;0;;3796,04;-88,89;95,14;;882,86066;643,32066;0,2;0,3;0,3;0;0;0;142,71;142,71
23/09/2026 17:26:43;31/08/2026;01/08/2026;31/08/2026;26;E;294;51;44280;48076,04;48076,04;1363,71;95,14;1603;1581;22;0;0;0;0;0;505,82;47570,22;107,43;43;1178,02;45;45;104,65;142,71066;M;63;BRACELL;0;11;12;109,09;18,69;0;3515,28;2335,67;0;2335,67;66,44;0;13;66;0;66;507,69;7,24;0;3796,04;-1179,61;95,14;18,69;882,86066;643,32066;0,2;0,3;0,3;0;0;0;142,71;142,71
23/09/2026 17:26:43;31/08/2026;01/08/2026;31/08/2026;26;E;294;51;44280;48076,04;48076,04;1363,71;95,14;1603;1581;22;0;0;0;0;0;505,82;47570,22;107,43;43;1178,02;45;45;104,65;142,71066;M;82;ZICO;0;6;;;0;0;500;;0;0;0;0;10;;;;0;0;0;3796,04;-500;95,14;0;882,86066;643,32066;0,2;0,3;0,3;0;0;0;142,71;142,71
23/09/2026 17:26:43;31/08/2026;01/08/2026;31/08/2026;26;E;294;51;44280;48076,04;48076,04;1363,71;95,14;1603;1581;22;0;0;0;0;0;505,82;47570,22;107,43;43;1178,02;45;45;104,65;142,71066;M;65;MATUTA;0;11;;;0;0;500;;0;0;0;0;10;;;;0;0;0;3796,04;-500;95,14;0;882,86066;643,32066;0,2;0,3;0,3;0;0;0;142,71;142,71
23/09/2026 17:26:43;31/08/2026;01/08/2026;31/08/2026;26;E;294;51;44280;48076,04;48076,04;1363,71;95,14;1603;1581;22;0;0;0;0;0;505,82;47570,22;107,43;43;1178,02;45;45;104,65;142,71066;M;18;SABORELLE - RACAO;0;7;1;14,29;0;0;1201,84;208,01;0;208,01;17,31;0;5;1;0;1;20;0;0;3796,04;-993,83;95,14;0;882,86066;643,32066;0,2;0,3;0,3;0;0;0;142,71;142,71
23/09/2026 17:26:43;31/08/2026;01/08/2026;31/08/2026;26;E;294;51;44280;48076,04;48076,04;1363,71;95,14;1603;1581;22;0;0;0;0;0;505,82;47570,22;107,43;43;1178,02;45;45;104,65;142,71066;M;53;CASAKM;0;5;3;60;0;0;569,14;262,61;0;262,61;46,14;0;18;5;0;5;27,78;0;0;3796,04;-306,53;95,14;0;882,86066;643,32066;0,2;0,3;0,3;0;0;0;142,71;142,71
23/09/2026 17:26:43;31/08/2026;01/08/2026;31/08/2026;26;E;294;51;44280;48076,04;48076,04;1363,71;95,14;1603;1581;22;0;0;0;0;0;505,82;47570,22;107,43;43;1178,02;45;45;104,65;142,71066;M;83;ROBINSON CRUSOE;0;7;10;142,86;35,17;0;1027,48;2931,23;0;2931,23;285,28;0;8;24;0;24;300;11,14;32,24;3796,04;1903,75;95,14;67,41;882,86066;643,32066;0,2;0,3;0,3;0;0;0;142,71;142,71
23/09/2026 17:26:43;31/08/2026;01/08/2026;31/08/2026;26;E;294;51;44280;48076,04;48076,04;1363,71;95,14;1603;1581;22;0;0;0;0;0;505,82;47570,22;107,43;43;1178,02;45;45;104,65;142,71066;M;47;SOFFIE;0;6;1;16,67;0;0;572,2;330,24;0;330,24;57,71;0;7;24;0;24;342,86;1,25;0;3796,04;-241,96;95,14;0;882,86066;643,32066;0,2;0,3;0,3;0;0;0;142,71;142,71
23/09/2026 17:26:43;31/08/2026;01/08/2026;31/08/2026;26;E;294;51;44280;48076,04;48076,04;1363,71;95,14;1603;1581;22;0;0;0;0;0;505,82;47570,22;107,43;43;1178,02;45;45;104,65;142,71066;M;15;QUEIJOS LELO;0;4;1;25;0;0;834,44;132,63;0;132,63;15,89;0;6;1;0;1;16,67;0;0;3796,04;-701,81;95,14;0;882,86066;643,32066;0,2;0,3;0,3;0;0;0;142,71;142,71
23/09/2026 17:26:43;31/08/2026;01/08/2026;31/08/2026;26;E;294;51;44280;48076,04;48076,04;1363,71;95,14;1603;1581;22;0;0;0;0;0;505,82;47570,22;107,43;43;1178,02;45;45;104,65;142,71066;M;20;CATAFESTA;0;11;;;0;0;500;;0;0;0;0;10;;;;0;0;0;3796,04;-500;95,14;0;882,86066;643,32066;0,2;0,3;0,3;0;0;0;142,71;142,71
23/09/2026 17:26:43;31/08/2026;01/08/2026;31/08/2026;26;E;294;51;44280;48076,04;48076,04;1363,71;95,14;1603;1581;22;0;0;0;0;0;505,82;47570,22;107,43;43;1178,02;45;45;104,65;142,71066;M;6;SOL BEBIDAS;0;6;2;33,33;0;0;1453,08;274,82;0;274,82;18,91;0;25;8;0;8;32;0;0;3796,04;-1178,26;95,14;0;882,86066;643,32066;0,2;0,3;0,3;0;0;0;142,71;142,71
23/09/2026 17:26:43;31/08/2026;01/08/2026;31/08/2026;26;E;294;51;44280;48076,04;48076,04;1363,71;95,14;1603;1581;22;0;0;0;0;0;505,82;47570,22;107,43;43;1178,02;45;45;104,65;142,71066;M;44;JDE;0;10;11;110;2,69;0;1658,86;1792,6;0;1792,6;108,06;0;124;154;0;154;124,19;1,08;1,79;3796,04;133,74;95,14;4,48;882,86066;643,32066;0,2;0,3;0,3;0;0;0;142,71;142,71
23/09/2026 17:26:43;31/08/2026;01/08/2026;31/08/2026;26;E;294;51;44280;48076,04;48076,04;1363,71;95,14;1603;1581;22;0;0;0;0;0;505,82;47570,22;107,43;43;1178,02;45;45;104,65;142,71066;M;61;DAVENE;0;10;1;10;0;0;551,46;120,45;0;120,45;21,84;0;9;15;0;15;166,67;0,46;0;3796,04;-431,01;95,14;0;882,86066;643,32066;0,2;0,3;0,3;0;0;0;142,71;142,71
23/09/2026 17:26:43;31/08/2026;01/08/2026;31/08/2026;26;E;294;51;44280;48076,04;48076,04;1363,71;95,14;1603;1581;22;0;0;0;0;0;505,82;47570,22;107,43;43;1178,02;45;45;104,65;142,71066;M;74;BRAVA;0;11;8;72,73;0;0;769,51;1179,9;0;1179,9;153,33;0;14;19;0;19;135,71;4,48;7,67;3796,04;410,39;95,14;7,67;882,86066;643,32066;0,2;0,3;0,3;0;0;0;142,71;142,71
23/09/2026 17:26:43;31/08/2026;01/08/2026;31/08/2026;26;E;294;51;44280;48076,04;48076,04;1363,71;95,14;1603;1581;22;0;0;0;0;0;505,82;47570,22;107,43;43;1178,02;45;45;104,65;142,71066;M;69;GAMELEIRA;0;5;5;100;10,62;0;655,77;817,27;0;817,27;124,63;0;8;13;0;13;162,5;3,11;5,31;3796,04;161,5;95,14;15,93;882,86066;643,32066;0,2;0,3;0,3;0;0;0;142,71;142,71
23/09/2026 17:26:43;31/08/2026;01/08/2026;31/08/2026;26;E;294;51;44280;48076,04;48076,04;1363,71;95,14;1603;1581;22;0;0;0;0;0;505,82;47570,22;107,43;43;1178,02;45;45;104,65;142,71066;M;51;GUANABARA;0;7;2;28,57;0;0;677,07;407,36;0;407,36;60,17;0;9;3;0;3;33,33;0;0;3796,04;-269,71;95,14;0;882,86066;643,32066;0,2;0,3;0,3;0;0;0;142,71;142,71
23/09/2026 17:26:43;31/08/2026;01/08/2026;31/08/2026;26;E;294;51;44280;48076,04;48076,04;1363,71;95,14;1603;1581;22;0;0;0;0;0;505,82;47570,22;107,43;43;1178,02;45;45;104,65;142,71066;M;72;FRANBA;0;10;2;20;0;0;545,13;185,4;0;185,4;34,01;0;8;2;0;2;25;0;0;3796,04;-359,73;95,14;0;882,86066;643,32066;0,2;0,3;0,3;0;0;0;142,71;142,71
23/09/2026 17:26:43;31/08/2026;01/08/2026;31/08/2026;26;E;294;51;44280;48076,04;48076,04;1363,71;95,14;1603;1581;22;0;0;0;0;0;505,82;47570,22;107,43;43;1178,02;45;45;104,65;142,71066;M;66;COCO SHOW;0;9;3;33,33;0;0;589,55;537,44;0;537,44;91,16;0;10;28;0;28;280;1,67;1,4;3796,04;-52,11;95,14;1,4;882,86066;643,32066;0,2;0,3;0,3;0;0;0;142,71;142,71
23/09/2026 17:26:43;31/08/2026;01/08/2026;31/08/2026;19;E;295;81;200030;169681,29;166739,98;3326,41;0;6413;6382;31;0;0;0;0;0;845,11;165894,87;82,93;69;5828;59;59;85,51;0;M;1;JAV;0;72;58;80,56;0;0;151715,98;142532,77;253,61;142279,16;93,78;0;4956;5036;7;5029;101,47;170,73;113,82;-30348,71;-9436,82;0;113,82;708,49;192,75;0;0,2;0;0;0;0;331,79;331,79
23/09/2026 17:26:43;31/08/2026;01/08/2026;31/08/2026;19;E;295;81;200030;169681,29;166739,98;3326,41;0;6413;6382;31;0;0;0;0;0;845,11;165894,87;82,93;69;5828;59;59;85,51;0;M;63;BRACELL;0;13;18;138,46;36,79;0;5273,46;5006,54;407,2;4599,34;87,22;0;176;189;16;173;98,3;5,98;9,2;-30348,71;-674,12;0;45,99;708,49;192,75;0;0,2;0;0;0;0;331,79;331,79
23/09/2026 17:26:43;31/08/2026;01/08/2026;31/08/2026;19;E;295;81;200030;169681,29;166739,98;3326,41;0;6413;6382;31;0;0;0;0;0;845,11;165894,87;82,93;69;5828;59;59;85,51;0;M;69;GAMELEIRA;0;29;15;51,72;0;0;12324,16;6084,32;77,52;6006,8;48,74;0;187;93;1;92;49,2;0;0;-30348,71;-6317,36;0;0;708,49;192,75;0;0,2;0;0;0;0;331,79;331,79
23/09/2026 17:26:43;31/08/2026;01/08/2026;31/08/2026;19;E;295;81;200030;169681,29;166739,98;3326,41;0;6413;6382;31;0;0;0;0;0;845,11;165894,87;82,93;69;5828;59;59;85,51;0;M;52;GREEN;0;25;17;68;0;0;9346,85;5148,74;0;5148,74;55,09;0;119;87;0;87;73,11;0;0;-30348,71;-4198,11;0;0;708,49;192,75;0;0,2;0;0;0;0;331,79;331,79
23/09/2026 17:26:43;31/08/2026;01/08/2026;31/08/2026;19;E;295;81;200030;169681,29;166739,98;3326,41;0;6413;6382;31;0;0;0;0;0;845,11;165894,87;82,93;69;5828;59;59;85,51;0;M;65;MATUTA;0;15;3;20;0;0;2440,55;798,48;0;798,48;32,72;0;39;18;0;18;46,15;0;0;-30348,71;-1642,07;0;0;708,49;192,75;0;0,2;0;0;0;0;331,79;331,79
23/09/2026 17:26:43;31/08/2026;01/08/2026;31/08/2026;19;E;295;81;200030;169681,29;166739,98;3326,41;0;6413;6382;31;0;0;0;0;0;845,11;165894,87;82,93;69;5828;59;59;85,51;0;M;6;SOL BEBIDAS;0;13;11;84,62;0;0;1646,24;1131,2;0;1131,2;68,71;0;35;25;0;25;71,43;0;0;-30348,71;-515,04;0;0;708,49;192,75;0;0,2;0;0;0;0;331,79;331,79
23/09/2026 17:26:43;31/08/2026;01/08/2026;31/08/2026;19;E;295;81;200030;169681,29;166739,98;3326,41;0;6413;6382;31;0;0;0;0;0;845,11;165894,87;82,93;69;5828;59;59;85,51;0;M;61;DAVENE;0;9;2;22,22;0;0;2000;214,98;0;214,98;10,75;0;49;36;0;36;73,47;0;0;-30348,71;-1785,02;0;0;708,49;192,75;0;0,2;0;0;0;0;331,79;331,79
23/09/2026 17:26:43;31/08/2026;01/08/2026;31/08/2026;19;E;295;81;200030;169681,29;166739,98;3326,41;0;6413;6382;31;0;0;0;0;0;845,11;165894,87;82,93;69;5828;59;59;85,51;0;M;82;ZICO;0;10;;;0;0;3000;;0;0;0;0;10;;;;0;0;0;-30348,71;-3000;0;0;708,49;192,75;0;0,2;0;0;0;0;331,79;331,79
23/09/2026 17:26:43;31/08/2026;01/08/2026;31/08/2026;19;E;295;81;200030;169681,29;166739,98;3326,41;0;6413;6382;31;0;0;0;0;0;845,11;165894,87;82,93;69;5828;59;59;85,51;0;M;83;ROBINSON CRUSOE;0;15;9;60;0;0;2595,27;2948,4;0;2948,4;113,61;0;79;37;0;37;46,84;0;23,59;-30348,71;353,13;0;23,59;708,49;192,75;0;0,2;0;0;0;0;331,79;331,79
23/09/2026 17:26:43;31/08/2026;01/08/2026;31/08/2026;19;E;295;81;200030;169681,29;166739,98;3326,41;0;6413;6382;31;0;0;0;0;0;845,11;165894,87;82,93;69;5828;59;59;85,51;0;M;66;COCO SHOW;0;19;11;57,89;0;0;2124,62;2337,08;0;2337,08;110;0;92;99;0;99;107,61;7,24;9,35;-30348,71;212,46;0;9,35;708,49;192,75;0;0,2;0;0;0;0;331,79;331,79
23/09/2026 17:26:43;31/08/2026;01/08/2026;31/08/2026;19;E;295;81;200030;169681,29;166739,98;3326,41;0;6413;6382;31;0;0;0;0;0;845,11;165894,87;82,93;69;5828;59;59;85,51;0;M;74;BRAVA;0;15;;;0;0;4488,85;;0;0;0;0;64;;;;0;0;0;-30348,71;-4488,85;0;0;708,49;192,75;0;0,2;0;0;0;0;331,79;331,79
23/09/2026 17:26:43;31/08/2026;01/08/2026;31/08/2026;19;E;295;81;200030;169681,29;166739,98;3326,41;0;6413;6382;31;0;0;0;0;0;845,11;165894,87;82,93;69;5828;59;59;85,51;0;M;72;FRANBA;0;15;4;26,67;0;0;3074,18;346,44;0;346,44;11,27;0;22;4;0;4;18,18;0;0;-30348,71;-2727,74;0;0;708,49;192,75;0;0,2;0;0;0;0;331,79;331,79
23/09/2026 17:26:43;31/08/2026;01/08/2026;31/08/2026;19;E;295;81;200030;169681,29;166739,98;3326,41;0;6413;6382;31;0;0;0;0;0;845,11;165894,87;82,93;69;5828;59;59;85,51;0;M;44;JDE;0;30;24;80;0;0;93967,11;43533,27;0;43533,27;46,33;0;1259;734;0;734;58,3;0;0;-30348,71;-50433,84;0;0;708,49;192,75;0;0,2;0;0;0;0;331,79;331,79
23/09/2026 17:26:43;31/08/2026;01/08/2026;31/08/2026;26;E;9;87;126256;100257,1;97318,91;1875,75;0;3794;3721;73;0;0;0;0;0;1276,3;96042,61;76,07;74;3387,01;79;80;108,11;288,12783;M;18;SABORELLE - RACAO;0;9;5;55,56;0;0;2627,21;2631,69;143,11;2488,58;94,72;0;15;15;1;14;93,33;3,24;4,98;-25998,9;-138,63;0;4,98;951,82783;687,19783;0;0,2;0,3;0;0;0;192,09;192,09
23/09/2026 17:26:43;31/08/2026;01/08/2026;31/08/2026;26;E;9;87;126256;100257,1;97318,91;1875,75;0;3794;3721;73;0;0;0;0;0;1276,3;96042,61;76,07;74;3387,01;79;80;108,11;288,12783;M;44;JDE;0;51;44;86,27;15;0;54405,57;25069,9;68,16;25001,74;45,95;0;1328;1305;24;1281;96,46;7,5;0;-25998,9;-29403,83;0;15;951,82783;687,19783;0;0,2;0,3;0;0;0;192,09;192,09
23/09/2026 17:26:43;31/08/2026;01/08/2026;31/08/2026;26;E;9;87;126256;100257,1;97318,91;1875,75;0;3794;3721;73;0;0;0;0;0;1276,3;96042,61;76,07;74;3387,01;79;80;108,11;288,12783;M;60;RICLAN;0;16;12;75;0;0;1977,99;726,77;9,88;716,89;36,24;0;107;62;1;61;57,01;0;0;-25998,9;-1261,1;0;0;951,82783;687,19783;0;0,2;0,3;0;0;0;192,09;192,09
23/09/2026 17:26:43;31/08/2026;01/08/2026;31/08/2026;26;E;9;87;126256;100257,1;97318,91;1875,75;0;3794;3721;73;0;0;0;0;0;1276,3;96042,61;76,07;74;3387,01;79;80;108,11;288,12783;M;61;DAVENE;0;10;;;0;0;1349,3;;28,57;-28,57;-2,12;0;53;0;1;-1;-1,89;0;0;-25998,9;-1377,87;0;0;951,82783;687,19783;0;0,2;0,3;0;0;0;192,09;192,09
23/09/2026 17:26:43;31/08/2026;01/08/2026;31/08/2026;26;E;9;87;126256;100257,1;97318,91;1875,75;0;3794;3721;73;0;0;0;0;0;1276,3;96042,61;76,07;74;3387,01;79;80;108,11;288,12783;M;63;BRACELL;0;8;9;112,5;15,11;0;1911,32;1918,05;29,62;1888,43;98,8;0;5;85;2;83;1660;5,85;3,78;-25998,9;-22,89;0;18,89;951,82783;687,19783;0;0,2;0,3;0;0;0;192,09;192,09
23/09/2026 17:26:43;31/08/2026;01/08/2026;31/08/2026;26;E;9;87;126256;100257,1;97318,91;1875,75;0;3794;3721;73;0;0;0;0;0;1276,3;96042,61;76,07;74;3387,01;79;80;108,11;288,12783;M;84;CAPRICHE;0;35;47;134,29;;0;6516,08;3726,08;313,98;3412,1;52,36;0;226;112;25;87;38,5;0;0;-25998,9;-3103,98;0;;951,82783;687,19783;0;0,2;0,3;0;0;0;192,09;192,09
23/09/2026 17:26:43;31/08/2026;01/08/2026;31/08/2026;26;E;9;87;126256;100257,1;97318,91;1875,75;0;3794;3721;73;0;0;0;0;0;1276,3;96042,61;76,07;74;3387,01;79;80;108,11;288,12783;M;53;CASAKM;0;27;32;118,52;127,24;0;11267,23;15904,45;0;15904,45;141,16;0;261;307;0;307;117,62;49,3;63,62;-25998,9;4637,22;0;190,86;951,82783;687,19783;0;0,2;0,3;0;0;0;192,09;192,09
23/09/2026 17:26:43;31/08/2026;01/08/2026;31/08/2026;26;E;9;87;126256;100257,1;97318,91;1875,75;0;3794;3721;73;0;0;0;0;0;1276,3;96042,61;76,07;74;3387,01;79;80;108,11;288,12783;M;51;GUANABARA;0;11;1;9,09;0;0;1186,3;134,55;0;134,55;11,34;0;9;1;0;1;11,11;0;0;-25998,9;-1051,75;0;0;951,82783;687,19783;0;0,2;0,3;0;0;0;192,09;192,09
23/09/2026 17:26:43;31/08/2026;01/08/2026;31/08/2026;26;E;9;87;126256;100257,1;97318,91;1875,75;0;3794;3721;73;0;0;0;0;0;1276,3;96042,61;76,07;74;3387,01;79;80;108,11;288,12783;M;83;ROBINSON CRUSOE;0;11;3;27,27;0;0;2175,58;749,18;0;749,18;34,44;0;19;6;0;6;31,58;0;0;-25998,9;-1426,4;0;0;951,82783;687,19783;0;0,2;0,3;0;0;0;192,09;192,09
23/09/2026 17:26:43;31/08/2026;01/08/2026;31/08/2026;26;E;9;87;126256;100257,1;97318,91;1875,75;0;3794;3721;73;0;0;0;0;0;1276,3;96042,61;76,07;74;3387,01;79;80;108,11;288,12783;M;74;BRAVA;0;10;7;70;0;0;2218,01;941,6;0;941,6;42,45;0;44;18;0;18;40,91;0;0;-25998,9;-1276,41;0;0;951,82783;687,19783;0;0,2;0,3;0;0;0;192,09;192,09
23/09/2026 17:26:43;31/08/2026;01/08/2026;31/08/2026;26;E;9;87;126256;100257,1;97318,91;1875,75;0;3794;3721;73;0;0;0;0;0;1276,3;96042,61;76,07;74;3387,01;79;80;108,11;288,12783;M;82;ZICO;0;16;4;25;0;0;2592,96;720;0;720;27,77;0;10;4;0;4;40;0;0;-25998,9;-1872,96;0;0;951,82783;687,19783;0;0,2;0,3;0;0;0;192,09;192,09
23/09/2026 17:26:43;31/08/2026;01/08/2026;31/08/2026;26;E;9;87;126256;100257,1;97318,91;1875,75;0;3794;3721;73;0;0;0;0;0;1276,3;96042,61;76,07;74;3387,01;79;80;108,11;288,12783;M;69;GAMELEIRA;0;10;3;30;0;0;784,23;208,63;0;208,63;26,6;0;16;3;0;3;18,75;0;0;-25998,9;-575,6;0;0;951,82783;687,19783;0;0,2;0,3;0;0;0;192,09;192,09
23/09/2026 17:26:43;31/08/2026;01/08/2026;31/08/2026;13;E;314;110;192523;145239,24;142000,09;4209,41;0;4006;3995;11;0;0;0;0;0;347,6;141652,49;73,58;94;4407,02;98;99;105,32;424,95747;M;1;JAV;0;74;77;104,05;194,78;0;78849,15;65212,2;285,6;64926,6;82,34;0;2315;1717;7;1710;73,87;0;0;-47283,76;-13922,55;0;194,78;1106,85747;882,01747;0;0,1;0,3;0;0;0;141,65;141,65
23/09/2026 17:26:43;31/08/2026;01/08/2026;31/08/2026;13;E;314;110;192523;145239,24;142000,09;4209,41;0;4006;3995;11;0;0;0;0;0;347,6;141652,49;73,58;94;4407,02;98;99;105,32;424,95747;M;2;MARILAN;0;54;49;90,74;59,44;0;65865,44;45787,09;62;45725,09;69,42;0;1160;922;4;918;79,14;0;0;-47283,76;-20140,35;0;59,44;1106,85747;882,01747;0;0,1;0,3;0;0;0;141,65;141,65
23/09/2026 17:26:43;31/08/2026;01/08/2026;31/08/2026;13;E;314;110;192523;145239,24;142000,09;4209,41;0;4006;3995;11;0;0;0;0;0;347,6;141652,49;73,58;94;4407,02;98;99;105,32;424,95747;M;59;CASA SUICA;0;9;;;0;0;1096,39;;0;0;0;0;17;;;;0;0;0;-47283,76;-1096,39;0;0;1106,85747;882,01747;0;0,1;0,3;0;0;0;141,65;141,65
23/09/2026 17:26:43;31/08/2026;01/08/2026;31/08/2026;13;E;314;110;192523;145239,24;142000,09;4209,41;0;4006;3995;11;0;0;0;0;0;347,6;141652,49;73,58;94;4407,02;98;99;105,32;424,95747;M;65;MATUTA;0;11;;;0;0;1000;;0;0;0;0;0;;;;;0;0;-47283,76;-1000;0;0;1106,85747;882,01747;0;0,1;0,3;0;0;0;141,65;141,65
23/09/2026 17:26:43;31/08/2026;01/08/2026;31/08/2026;13;E;314;110;192523;145239,24;142000,09;4209,41;0;4006;3995;11;0;0;0;0;0;347,6;141652,49;73,58;94;4407,02;98;99;105,32;424,95747;M;51;GUANABARA;0;10;2;20;0;0;2049,75;261,69;0;261,69;12,77;0;12;2;0;2;16,67;0;0;-47283,76;-1788,06;0;0;1106,85747;882,01747;0;0,1;0,3;0;0;0;141,65;141,65
23/09/2026 17:26:43;31/08/2026;01/08/2026;31/08/2026;13;E;314;110;192523;145239,24;142000,09;4209,41;0;4006;3995;11;0;0;0;0;0;347,6;141652,49;73,58;94;4407,02;98;99;105,32;424,95747;M;13;COPRA;0;17;11;64,71;0;0;4224,1;2654,9;0;2654,9;62,85;0;116;121;0;121;104,31;8,23;0;-47283,76;-1569,2;0;0;1106,85747;882,01747;0;0,1;0,3;0;0;0;141,65;141,65
23/09/2026 17:26:43;31/08/2026;01/08/2026;31/08/2026;13;E;314;110;192523;145239,24;142000,09;4209,41;0;4006;3995;11;0;0;0;0;0;347,6;141652,49;73,58;94;4407,02;98;99;105,32;424,95747;M;83;ROBINSON CRUSOE;0;14;11;78,57;0;0;2000;3497,08;0;3497,08;174,85;0;14;32;0;32;228,57;13,29;38,47;-47283,76;1497,08;0;38,47;1106,85747;882,01747;0;0,1;0,3;0;0;0;141,65;141,65
23/09/2026 17:26:43;31/08/2026;01/08/2026;31/08/2026;13;E;314;110;192523;145239,24;142000,09;4209,41;0;4006;3995;11;0;0;0;0;0;347,6;141652,49;73,58;94;4407,02;98;99;105,32;424,95747;M;74;BRAVA;0;14;13;92,86;7,25;0;2962,61;1342,83;0;1342,83;45,33;0;46;32;0;32;69,57;0;0;-47283,76;-1619,78;0;7,25;1106,85747;882,01747;0;0,1;0,3;0;0;0;141,65;141,65
23/09/2026 17:26:43;31/08/2026;01/08/2026;31/08/2026;13;E;314;110;192523;145239,24;142000,09;4209,41;0;4006;3995;11;0;0;0;0;0;347,6;141652,49;73,58;94;4407,02;98;99;105,32;424,95747;M;6;SOL BEBIDAS;0;9;2;22,22;0;0;2000;59,54;0;59,54;2,98;0;10;3;0;3;30;0;0;-47283,76;-1940,46;0;0;1106,85747;882,01747;0;0,1;0,3;0;0;0;141,65;141,65
23/09/2026 17:26:43;31/08/2026;01/08/2026;31/08/2026;13;E;314;110;192523;145239,24;142000,09;4209,41;0;4006;3995;11;0;0;0;0;0;347,6;141652,49;73,58;94;4407,02;98;99;105,32;424,95747;M;15;QUEIJOS LELO;0;9;1;11,11;0;0;1512,15;274,36;0;274,36;18,14;0;8;2;0;2;25;0;0;-47283,76;-1237,79;0;0;1106,85747;882,01747;0;0,1;0,3;0;0;0;141,65;141,65
23/09/2026 17:26:43;31/08/2026;01/08/2026;31/08/2026;13;E;314;110;192523;145239,24;142000,09;4209,41;0;4006;3995;11;0;0;0;0;0;347,6;141652,49;73,58;94;4407,02;98;99;105,32;424,95747;M;44;JDE;0;31;17;54,84;0;0;10224,29;8899,02;0;8899,02;87,04;0;674;415;0;415;61,57;0;4,45;-47283,76;-1325,27;0;4,45;1106,85747;882,01747;0;0,1;0,3;0;0;0;141,65;141,65
23/09/2026 17:26:43;31/08/2026;01/08/2026;31/08/2026;13;E;314;110;192523;145239,24;142000,09;4209,41;0;4006;3995;11;0;0;0;0;0;347,6;141652,49;73,58;94;4407,02;98;99;105,32;424,95747;M;82;ZICO;0;10;;;0;0;1000;;0;0;0;0;10;;;;0;0;0;-47283,76;-1000;0;0;1106,85747;882,01747;0;0,1;0,3;0;0;0;141,65;141,65
23/09/2026 17:26:43;31/08/2026;01/08/2026;31/08/2026;13;E;314;110;192523;145239,24;142000,09;4209,41;0;4006;3995;11;0;0;0;0;0;347,6;141652,49;73,58;94;4407,02;98;99;105,32;424,95747;M;63;BRACELL;0;19;16;84,21;0;0;4986,21;8475,92;0;8475,92;169,99;0;81;145;0;145;179,01;26,28;44,07;-47283,76;3489,71;0;44,07;1106,85747;882,01747;0;0,1;0,3;0;0;0;141,65;141,65
23/09/2026 17:26:43;31/08/2026;01/08/2026;31/08/2026;13;E;314;110;192523;145239,24;142000,09;4209,41;0;4006;3995;11;0;0;0;0;0;347,6;141652,49;73,58;94;4407,02;98;99;105,32;424,95747;M;18;SABORELLE - RACAO;0;10;6;60;0;0;3940,07;1502,47;0;1502,47;38,13;0;27;8;0;8;29,63;0;0;-47283,76;-2437,6;0;0;1106,85747;882,01747;0;0,1;0,3;0;0;0;141,65;141,65
23/09/2026 17:26:43;31/08/2026;01/08/2026;31/08/2026;13;E;314;110;192523;145239,24;142000,09;4209,41;0;4006;3995;11;0;0;0;0;0;347,6;141652,49;73,58;94;4407,02;98;99;105,32;424,95747;M;47;SOFFIE;0;13;;;0;0;700;;0;0;0;0;48;;;;0;0;0;-47283,76;-700;0;0;1106,85747;882,01747;0;0,1;0,3;0;0;0;141,65;141,65
23/09/2026 17:26:43;31/08/2026;01/08/2026;31/08/2026;13;E;314;110;192523;145239,24;142000,09;4209,41;0;4006;3995;11;0;0;0;0;0;347,6;141652,49;73,58;94;4407,02;98;99;105,32;424,95747;M;20;CATAFESTA;0;9;;;0;0;582,83;;0;0;0;0;10;;;;0;0;0;-47283,76;-582,83;0;0;1106,85747;882,01747;0;0,1;0,3;0;0;0;141,65;141,65
23/09/2026 17:26:43;31/08/2026;01/08/2026;31/08/2026;13;E;314;110;192523;145239,24;142000,09;4209,41;0;4006;3995;11;0;0;0;0;0;347,6;141652,49;73,58;94;4407,02;98;99;105,32;424,95747;M;53;CASAKM;0;22;23;104,55;75,29;0;9453;9410,67;0;9410,67;99,55;0;216;282;0;282;130,56;29,17;24,47;-47283,76;-42,33;0;99,76;1106,85747;882,01747;0;0,1;0,3;0;0;0;141,65;141,65
23/09/2026 17:26:43;31/08/2026;01/08/2026;31/08/2026;13;E;314;110;192523;145239,24;142000,09;4209,41;0;4006;3995;11;0;0;0;0;0;347,6;141652,49;73,58;94;4407,02;98;99;105,32;424,95747;M;66;COCO SHOW;0;10;5;50;0;0;1556,23;757,92;0;757,92;48,7;0;94;44;0;44;46,81;0;0;-47283,76;-798,31;0;0;1106,85747;882,01747;0;0,1;0,3;0;0;0;141,65;141,65
23/09/2026 17:26:43;31/08/2026;01/08/2026;31/08/2026;13;E;314;110;192523;145239,24;142000,09;4209,41;0;4006;3995;11;0;0;0;0;0;347,6;141652,49;73,58;94;4407,02;98;99;105,32;424,95747;M;72;FRANBA;0;10;1;10;0;0;1020,05;82,55;0;82,55;8,09;0;5;1;0;1;20;0;0;-47283,76;-937,5;0;0;1106,85747;882,01747;0;0,1;0,3;0;0;0;141,65;141,65
23/09/2026 17:26:43;31/08/2026;01/08/2026;31/08/2026;13;E;314;110;192523;145239,24;142000,09;4209,41;0;4006;3995;11;0;0;0;0;0;347,6;141652,49;73,58;94;4407,02;98;99;105,32;424,95747;M;52;GREEN;0;14;;;0;0;3586,26;;0;0;0;0;19;;;;0;0;0;-47283,76;-3586,26;0;0;1106,85747;882,01747;0;0,1;0,3;0;0;0;141,65;141,65
23/09/2026 17:26:43;31/08/2026;01/08/2026;31/08/2026;13;E;314;110;192523;145239,24;142000,09;4209,41;0;4006;3995;11;0;0;0;0;0;347,6;141652,49;73,58;94;4407,02;98;99;105,32;424,95747;M;69;GAMELEIRA;0;19;2;10,53;0;0;1594;790,73;0;790,73;49,61;0;29;10;0;10;34,48;0;0;-47283,76;-803,27;0;0;1106,85747;882,01747;0;0,1;0,3;0;0;0;141,65;141,65
23/09/2026 17:26:43;31/08/2026;01/08/2026;31/08/2026;13;E;314;110;192523;145239,24;142000,09;4209,41;0;4006;3995;11;0;0;0;0;0;347,6;141652,49;73,58;94;4407,02;98;99;105,32;424,95747;M;60;RICLAN;0;26;25;96,15;8,84;0;2045,47;1636,81;0;1636,81;80,02;0;150;166;0;166;110,67;6,22;0;-47283,76;-408,66;0;8,84;1106,85747;882,01747;0;0,1;0,3;0;0;0;141,65;141,65
23/09/2026 17:26:43;31/08/2026;01/08/2026;31/08/2026;13;E;314;110;192523;145239,24;142000,09;4209,41;0;4006;3995;11;0;0;0;0;0;347,6;141652,49;73,58;94;4407,02;98;99;105,32;424,95747;M;61;DAVENE;0;11;2;18,18;0;0;500;61,33;0;61,33;12,27;0;20;4;0;4;20;0;0;-47283,76;-438,67;0;0;1106,85747;882,01747;0;0,1;0,3;0;0;0;141,65;141,65
23/09/2026 17:26:43;31/08/2026;01/08/2026;31/08/2026;13;E;318;128;318442;324022,74;314857,9;10265,04;309,33;11564;11458;106;0;0;0;0;0;5530,11;309327,79;97,14;109;9143;93;95;87,16;0;M;1;JAV;0;85;67;78,82;0;0;110482,99;113950,01;2040,74;111909,27;101,29;0;4082;3927;23;3904;95,64;55,95;223,82;5580,74;1426,28;309,33;223,82;2810,26;1461,11;0;0,3;0;0;0;0;927,98;927,98
23/09/2026 17:26:43;31/08/2026;01/08/2026;31/08/2026;13;E;318;128;318442;324022,74;314857,9;10265,04;309,33;11564;11458;106;0;0;0;0;0;5530,11;309327,79;97,14;109;9143;93;95;87,16;0;M;2;MARILAN;0;61;54;88,52;99,84;0;85257,04;80180,95;3377,69;76803,26;90,08;0;1662;2408;76;2332;140,31;92,16;76,8;5580,74;-8453,78;309,33;176,64;2810,26;1461,11;0;0,3;0;0;0;0;927,98;927,98
23/09/2026 17:26:43;31/08/2026;01/08/2026;31/08/2026;13;E;318;128;318442;324022,74;314857,9;10265,04;309,33;11564;11458;106;0;0;0;0;0;5530,11;309327,79;97,14;109;9143;93;95;87,16;0;M;44;JDE;0;57;42;73,68;0;0;35506,04;82183,27;474,34;81708,93;230,13;0;1411;1467;2;1465;103,83;49,03;81,71;5580,74;46202,89;309,33;81,71;2810,26;1461,11;0;0,3;0;0;0;0;927,98;927,98
23/09/2026 17:26:43;31/08/2026;01/08/2026;31/08/2026;26;E;9;87;126256;100257,1;97318,91;1875,75;0;3794;3721;73;0;0;0;0;0;1276,3;96042,61;76,07;74;3387,01;79;80;108,11;288,12783;M;72;FRANBA;0;25;8;32;0;0;1366,03;857,98;0;857,98;62,81;0;17;10;0;10;58,82;0;0;-25998,9;-508,05;0;0;951,82783;687,19783;0;0,2;0,3;0;0;0;192,09;192,09
23/09/2026 17:26:43;31/08/2026;01/08/2026;31/08/2026;26;E;9;87;126256;100257,1;97318,91;1875,75;0;3794;3721;73;0;0;0;0;0;1276,3;96042,61;76,07;74;3387,01;79;80;108,11;288,12783;M;47;SOFFIE;0;17;;;0;0;2268,71;;0;0;0;0;55;;;;0;0;0;-25998,9;-2268,71;0;0;951,82783;687,19783;0;0,2;0,3;0;0;0;192,09;192,09
23/09/2026 17:26:43;31/08/2026;01/08/2026;31/08/2026;26;E;9;87;126256;100257,1;97318,91;1875,75;0;3794;3721;73;0;0;0;0;0;1276,3;96042,61;76,07;74;3387,01;79;80;108,11;288,12783;M;52;GREEN;0;10;4;40;0;0;1136,26;641,27;0;641,27;56,44;0;17;13;0;13;76,47;0;0;-25998,9;-494,99;0;0;951,82783;687,19783;0;0,2;0,3;0;0;0;192,09;192,09
23/09/2026 17:26:43;31/08/2026;01/08/2026;31/08/2026;26;E;9;87;126256;100257,1;97318,91;1875,75;0;3794;3721;73;0;0;0;0;0;1276,3;96042,61;76,07;74;3387,01;79;80;108,11;288,12783;M;65;MATUTA;0;13;;;0;0;1030,74;;0;0;0;0;10;;;;0;0;0;-25998,9;-1030,74;0;0;951,82783;687,19783;0;0,2;0,3;0;0;0;192,09;192,09
23/09/2026 17:26:43;31/08/2026;01/08/2026;31/08/2026;26;E;9;87;126256;100257,1;97318,91;1875,75;0;3794;3721;73;0;0;0;0;0;1276,3;96042,61;76,07;74;3387,01;79;80;108,11;288,12783;M;15;QUEIJOS LELO;0;24;9;37,5;0;0;2918,26;1888,67;0;1888,67;64,72;0;23;14;0;14;60,87;0;0;-25998,9;-1029,59;0;0;951,82783;687,19783;0;0,2;0,3;0;0;0;192,09;192,09
23/09/2026 17:26:43;31/08/2026;01/08/2026;31/08/2026;26;E;9;87;126256;100257,1;97318,91;1875,75;0;3794;3721;73;0;0;0;0;0;1276,3;96042,61;76,07;74;3387,01;79;80;108,11;288,12783;M;66;COCO SHOW;0;19;16;84,21;0;0;2515,13;2145,43;0;2145,43;85,3;0;118;119;0;119;100,85;6,65;4,29;-25998,9;-369,7;0;4,29;951,82783;687,19783;0;0,2;0,3;0;0;0;192,09;192,09
23/09/2026 17:26:43;31/08/2026;01/08/2026;31/08/2026;26;E;9;87;126256;100257,1;97318,91;1875,75;0;3794;3721;73;0;0;0;0;0;1276,3;96042,61;76,07;74;3387,01;79;80;108,11;288,12783;M;20;CATAFESTA;0;9;;;0;0;569,59;;0;0;0;0;10;;;;0;0;0;-25998,9;-569,59;0;0;951,82783;687,19783;0;0,2;0,3;0;0;0;192,09;192,09
23/09/2026 17:26:43;31/08/2026;01/08/2026;31/08/2026;26;E;13;72;130778;122646,59;128515,86;2516,67;127,53;5772;5735;37;0;0;0;0;0;984,57;127531,29;97,52;61;4819,01;47;51;83,61;0;M;1;JAV;0;54;49;90,74;123,93;0;87351,86;95425,8;91,26;95334,54;109,14;0;4011;4205;6;4199;104,69;114,4;143;-8131,41;7982,68;127,53;266,93;1108,57;527,6;0;0,3;0;0;0;0;382,59;382,59
23/09/2026 17:26:43;31/08/2026;01/08/2026;31/08/2026;26;E;13;72;130778;122646,59;128515,86;2516,67;127,53;5772;5735;37;0;0;0;0;0;984,57;127531,29;97,52;61;4819,01;47;51;83,61;0;M;15;QUEIJOS LELO;0;13;5;38,46;0;0;2022,5;656,52;156,42;500,1;24,73;0;16;5;1;4;25;0;0;-8131,41;-1522,4;127,53;0;1108,57;527,6;0;0,3;0;0;0;0;382,59;382,59
23/09/2026 17:26:43;31/08/2026;01/08/2026;31/08/2026;26;E;13;72;130778;122646,59;128515,86;2516,67;127,53;5772;5735;37;0;0;0;0;0;984,57;127531,29;97,52;61;4819,01;47;51;83,61;0;M;18;SABORELLE - RACAO;0;11;4;36,36;0;0;3377,73;2240,61;200;2040,61;60,41;0;18;12;1;11;61,11;0;0;-8131,41;-1337,12;127,53;0;1108,57;527,6;0;0,3;0;0;0;0;382,59;382,59
23/09/2026 17:26:43;31/08/2026;01/08/2026;31/08/2026;26;E;13;72;130778;122646,59;128515,86;2516,67;127,53;5772;5735;37;0;0;0;0;0;984,57;127531,29;97,52;61;4819,01;47;51;83,61;0;M;44;JDE;0;29;22;75,86;0;0;40125,45;26920,24;40,44;26879,8;66,99;0;713;820;12;808;113,32;16,13;0;-8131,41;-13245,65;127,53;0;1108,57;527,6;0;0,3;0;0;0;0;382,59;382,59
23/09/2026 17:26:43;31/08/2026;01/08/2026;31/08/2026;26;E;13;72;130778;122646,59;128515,86;2516,67;127,53;5772;5735;37;0;0;0;0;0;984,57;127531,29;97,52;61;4819,01;47;51;83,61;0;M;52;GREEN;0;13;6;46,15;0;0;1344,45;1729,75;80,01;1649,74;122,71;0;13;21;1;20;153,85;6,27;8,25;-8131,41;305,29;127,53;8,25;1108,57;527,6;0;0,3;0;0;0;0;382,59;382,59
23/09/2026 17:26:43;31/08/2026;01/08/2026;31/08/2026;26;E;13;72;130778;122646,59;128515,86;2516,67;127,53;5772;5735;37;0;0;0;0;0;984,57;127531,29;97,52;61;4819,01;47;51;83,61;0;M;69;GAMELEIRA;0;20;6;30;0;0;2461,21;2051,02;94,6;1956,42;79,49;0;50;35;1;34;68;0;0;-8131,41;-504,79;127,53;0;1108,57;527,6;0;0,3;0;0;0;0;382,59;382,59
23/09/2026 17:26:43;31/08/2026;01/08/2026;31/08/2026;26;E;13;72;130778;122646,59;128515,86;2516,67;127,53;5772;5735;37;0;0;0;0;0;984,57;127531,29;97,52;61;4819,01;47;51;83,61;0;M;72;FRANBA;0;15;1;6,67;0;0;2162,92;82,55;83,38;-0,83;-0,04;0;25;1;1;0;0;0;0;-8131,41;-2163,75;127,53;0;1108,57;527,6;0;0,3;0;0;0;0;382,59;382,59
23/09/2026 17:26:43;31/08/2026;01/08/2026;31/08/2026;26;E;13;72;130778;122646,59;128515,86;2516,67;127,53;5772;5735;37;0;0;0;0;0;984,57;127531,29;97,52;61;4819,01;47;51;83,61;0;M;74;BRAVA;0;7;7;100;6,84;0;989,99;651;125;526;53,13;0;8;13;3;10;125;2;0;-8131,41;-463,99;127,53;6,84;1108,57;527,6;0;0,3;0;0;0;0;382,59;382,59
23/09/2026 17:26:43;31/08/2026;01/08/2026;31/08/2026;26;E;13;72;130778;122646,59;128515,86;2516,67;127,53;5772;5735;37;0;0;0;0;0;984,57;127531,29;97,52;61;4819,01;47;51;83,61;0;M;84;CAPRICHE;0;9;20;222,22;;0;593,07;1039,12;153,9;885,22;149,26;0;13;45;11;34;261,54;;;-8131,41;292,15;127,53;;1108,57;527,6;0;0,3;0;0;0;0;382,59;382,59
23/09/2026 17:26:43;31/08/2026;01/08/2026;31/08/2026;26;E;13;72;130778;122646,59;128515,86;2516,67;127,53;5772;5735;37;0;0;0;0;0;984,57;127531,29;97,52;61;4819,01;47;51;83,61;0;M;20;CATAFESTA;0;9;;;0;0;509,65;;0;0;0;0;10;;;;0;0;0;-8131,41;-509,65;127,53;0;1108,57;527,6;0;0,3;0;0;0;0;382,59;382,59
23/09/2026 17:26:43;31/08/2026;01/08/2026;31/08/2026;26;E;13;72;130778;122646,59;128515,86;2516,67;127,53;5772;5735;37;0;0;0;0;0;984,57;127531,29;97,52;61;4819,01;47;51;83,61;0;M;13;COPRA;0;22;15;68,18;0;0;12294,29;12597,85;0;12597,85;102,47;0;357;362;0;362;101,4;39,05;50,39;-8131,41;303,56;127,53;50,39;1108,57;527,6;0;0,3;0;0;0;0;382,59;382,59
23/09/2026 17:26:43;31/08/2026;01/08/2026;31/08/2026;26;E;13;72;130778;122646,59;128515,86;2516,67;127,53;5772;5735;37;0;0;0;0;0;984,57;127531,29;97,52;61;4819,01;47;51;83,61;0;M;83;ROBINSON CRUSOE;0;15;8;53,33;0;0;5374,26;4852,38;0;4852,38;90,29;0;48;39;0;39;81,25;0;19,41;-8131,41;-521,88;127,53;19,41;1108,57;527,6;0;0,3;0;0;0;0;382,59;382,59
23/09/2026 17:26:43;31/08/2026;01/08/2026;31/08/2026;26;E;13;72;130778;122646,59;128515,86;2516,67;127,53;5772;5735;37;0;0;0;0;0;984,57;127531,29;97,52;61;4819,01;47;51;83,61;0;M;60;RICLAN;0;9;2;22,22;0;0;586,19;208,32;0;208,32;35,54;0;35;21;0;21;60;0;0;-8131,41;-377,87;127,53;0;1108,57;527,6;0;0,3;0;0;0;0;382,59;382,59
23/09/2026 17:26:43;31/08/2026;01/08/2026;31/08/2026;26;E;13;72;130778;122646,59;128515,86;2516,67;127,53;5772;5735;37;0;0;0;0;0;984,57;127531,29;97,52;61;4819,01;47;51;83,61;0;M;82;ZICO;0;6;1;16,67;0;0;500;170;0;170;34;0;10;1;0;1;10;0;0;-8131,41;-330;127,53;0;1108,57;527,6;0;0,3;0;0;0;0;382,59;382,59
23/09/2026 17:26:43;31/08/2026;01/08/2026;31/08/2026;26;E;13;72;130778;122646,59;128515,86;2516,67;127,53;5772;5735;37;0;0;0;0;0;984,57;127531,29;97,52;61;4819,01;47;51;83,61;0;M;51;GUANABARA;0;13;1;7,69;0;0;1519,99;114;0;114;7,5;0;11;1;0;1;9,09;0;0;-8131,41;-1405,99;127,53;0;1108,57;527,6;0;0,3;0;0;0;0;382,59;382,59
23/09/2026 17:26:43;31/08/2026;01/08/2026;31/08/2026;26;E;13;72;130778;122646,59;128515,86;2516,67;127,53;5772;5735;37;0;0;0;0;0;984,57;127531,29;97,52;61;4819,01;47;51;83,61;0;M;65;MATUTA;0;10;;;0;0;619,48;;0;0;0;0;10;;;;0;0;0;-8131,41;-619,48;127,53;0;1108,57;527,6;0;0,3;0;0;0;0;382,59;382,59
23/09/2026 17:26:43;31/08/2026;01/08/2026;31/08/2026;26;E;13;72;130778;122646,59;128515,86;2516,67;127,53;5772;5735;37;0;0;0;0;0;984,57;127531,29;97,52;61;4819,01;47;51;83,61;0;M;66;COCO SHOW;0;5;5;100;7,15;0;1149,68;893,4;0;893,4;77,71;0;57;64;0;64;112,28;2,77;0;-8131,41;-256,28;127,53;7,15;1108,57;527,6;0;0,3;0;0;0;0;382,59;382,59
23/09/2026 17:26:43;31/08/2026;01/08/2026;31/08/2026;26;E;13;72;130778;122646,59;128515,86;2516,67;127,53;5772;5735;37;0;0;0;0;0;984,57;127531,29;97,52;61;4819,01;47;51;83,61;0;M;53;CASAKM;0;7;7;100;27,4;0;2166,75;3425,22;0;3425,22;158,08;0;67;79;0;79;117,91;10,62;13,7;-8131,41;1258,47;127,53;41,1;1108,57;527,6;0;0,3;0;0;0;0;382,59;382,59
23/09/2026 17:26:43;31/08/2026;01/08/2026;31/08/2026;26;E;13;72;130778;122646,59;128515,86;2516,67;127,53;5772;5735;37;0;0;0;0;0;984,57;127531,29;97,52;61;4819,01;47;51;83,61;0;M;63;BRACELL;0;13;9;69,23;0;0;3135,39;2304,74;0;2304,74;73,51;0;6;45;0;45;750;7,14;0;-8131,41;-830,65;127,53;0;1108,57;527,6;0;0,3;0;0;0;0;382,59;382,59
23/09/2026 17:26:43;31/08/2026;01/08/2026;31/08/2026;26;E;13;72;130778;122646,59;128515,86;2516,67;127,53;5772;5735;37;0;0;0;0;0;984,57;127531,29;97,52;61;4819,01;47;51;83,61;0;M;47;SOFFIE;0;5;;;0;0;635,37;;0;0;0;0;10;;;;0;0;0;-8131,41;-635,37;127,53;0;1108,57;527,6;0;0,3;0;0;0;0;382,59;382,59
23/09/2026 17:26:43;31/08/2026;01/08/2026;31/08/2026;26;E;13;72;130778;122646,59;128515,86;2516,67;127,53;5772;5735;37;0;0;0;0;0;984,57;127531,29;97,52;61;4819,01;47;51;83,61;0;M;61;DAVENE;0;13;;;0;0;1421,9;;0;0;0;0;32;;;;0;0;0;-8131,41;-1421,9;127,53;0;1108,57;527,6;0;0,3;0;0;0;0;382,59;382,59
23/09/2026 17:26:43;31/08/2026;01/08/2026;31/08/2026;13;E;318;128;318442;324022,74;314857,9;10265,04;309,33;11564;11458;106;0;0;0;0;0;5530,11;309327,79;97,14;109;9143;93;95;87,16;0;M;53;CASAKM;0;43;40;93,02;183,37;0;24442,89;55666,09;100,7;55565,39;227,33;0;1176;2279;2;2277;193,62;172,25;288,94;5580,74;31122,5;309,33;472,31;2810,26;1461,11;0;0,3;0;0;0;0;927,98;927,98
23/09/2026 17:26:43;31/08/2026;01/08/2026;31/08/2026;13;E;318;128;318442;324022,74;314857,9;10265,04;309,33;11564;11458;106;0;0;0;0;0;5530,11;309327,79;97,14;109;9143;93;95;87,16;0;M;61;DAVENE;0;13;4;30,77;0;0;500,7;31,61;10,98;20,63;4,12;0;66;8;3;5;7,58;0;0;5580,74;-480,07;309,33;0;2810,26;1461,11;0;0,3;0;0;0;0;927,98;927,98
23/09/2026 17:26:43;31/08/2026;01/08/2026;31/08/2026;13;E;318;128;318442;324022,74;314857,9;10265,04;309,33;11564;11458;106;0;0;0;0;0;5530,11;309327,79;97,14;109;9143;93;95;87,16;0;M;69;GAMELEIRA;0;11;3;27,27;0;0;1103,52;423,96;0;423,96;38,42;0;10;17;0;17;170;1,61;0;5580,74;-679,56;309,33;0;2810,26;1461,11;0;0,3;0;0;0;0;927,98;927,98
23/09/2026 17:26:43;31/08/2026;01/08/2026;31/08/2026;13;E;318;128;318442;324022,74;314857,9;10265,04;309,33;11564;11458;106;0;0;0;0;0;5530,11;309327,79;97,14;109;9143;93;95;87,16;0;M;59;CASA SUICA;0;11;1;9,09;0;0;1109,46;87,85;0;87,85;7,92;0;15;2;0;2;13,33;0;0;5580,74;-1021,61;309,33;0;2810,26;1461,11;0;0,3;0;0;0;0;927,98;927,98
23/09/2026 17:26:43;31/08/2026;01/08/2026;31/08/2026;13;E;318;128;318442;324022,74;314857,9;10265,04;309,33;11564;11458;106;0;0;0;0;0;5530,11;309327,79;97,14;109;9143;93;95;87,16;0;M;66;COCO SHOW;0;13;3;23,08;0;0;1005,26;172,82;0;172,82;17,19;0;29;8;0;8;27,59;0;0;5580,74;-832,44;309,33;0;2810,26;1461,11;0;0,3;0;0;0;0;927,98;927,98
23/09/2026 17:26:43;31/08/2026;01/08/2026;31/08/2026;13;E;318;128;318442;324022,74;314857,9;10265,04;309,33;11564;11458;106;0;0;0;0;0;5530,11;309327,79;97,14;109;9143;93;95;87,16;0;M;72;FRANBA;0;10;2;20;0;0;1023,73;165,1;0;165,1;16,13;0;10;2;0;2;20;0;0;5580,74;-858,63;309,33;0;2810,26;1461,11;0;0,3;0;0;0;0;927,98;927,98
23/09/2026 17:26:43;31/08/2026;01/08/2026;31/08/2026;13;E;318;128;318442;324022,74;314857,9;10265,04;309,33;11564;11458;106;0;0;0;0;0;5530,11;309327,79;97,14;109;9143;93;95;87,16;0;M;15;QUEIJOS LELO;0;10;2;20;0;0;1786,56;411,54;0;411,54;23,04;0;7;3;0;3;42,86;0;0;5580,74;-1375,02;309,33;0;2810,26;1461,11;0;0,3;0;0;0;0;927,98;927,98
23/09/2026 17:26:43;31/08/2026;01/08/2026;31/08/2026;13;E;318;128;318442;324022,74;314857,9;10265,04;309,33;11564;11458;106;0;0;0;0;0;5530,11;309327,79;97,14;109;9143;93;95;87,16;0;M;60;RICLAN;0;34;31;91,18;7,24;0;8219,18;1341,24;0;1341,24;16,32;0;273;71;0;71;26,01;0;0;5580,74;-6877,94;309,33;7,24;2810,26;1461,11;0;0,3;0;0;0;0;927,98;927,98
23/09/2026 17:26:43;31/08/2026;01/08/2026;31/08/2026;13;E;318;128;318442;324022,74;314857,9;10265,04;309,33;11564;11458;106;0;0;0;0;0;5530,11;309327,79;97,14;109;9143;93;95;87,16;0;M;13;COPRA;0;45;35;77,78;0;0;27178,47;18001,9;0;18001,9;66,24;0;556;503;0;503;90,47;23,4;0;5580,74;-9176,57;309,33;0;2810,26;1461,11;0;0,3;0;0;0;0;927,98;927,98
23/09/2026 17:26:43;31/08/2026;01/08/2026;31/08/2026;13;E;318;128;318442;324022,74;314857,9;10265,04;309,33;11564;11458;106;0;0;0;0;0;5530,11;309327,79;97,14;109;9143;93;95;87,16;0;M;82;ZICO;0;16;;;0;0;1000;;0;0;0;0;24;;;;0;0;0;5580,74;-1000;309,33;0;2810,26;1461,11;0;0,3;0;0;0;0;927,98;927,98
23/09/2026 17:26:43;31/08/2026;01/08/2026;31/08/2026;13;E;318;128;318442;324022,74;314857,9;10265,04;309,33;11564;11458;106;0;0;0;0;0;5530,11;309327,79;97,14;109;9143;93;95;87,16;0;M;51;GUANABARA;0;9;1;11,11;0;0;2014,53;121,2;0;121,2;6,02;0;14;3;0;3;21,43;0;0;5580,74;-1893,33;309,33;0;2810,26;1461,11;0;0,3;0;0;0;0;927,98;927,98
23/09/2026 17:26:43;31/08/2026;01/08/2026;31/08/2026;13;E;318;128;318442;324022,74;314857,9;10265,04;309,33;11564;11458;106;0;0;0;0;0;5530,11;309327,79;97,14;109;9143;93;95;87,16;0;M;52;GREEN;0;19;10;52,63;0;0;5803,96;2799,06;0;2799,06;48,23;0;89;41;0;41;46,07;0;0;5580,74;-3004,9;309,33;0;2810,26;1461,11;0;0,3;0;0;0;0;927,98;927,98
23/09/2026 17:26:43;31/08/2026;01/08/2026;31/08/2026;13;E;318;128;318442;324022,74;314857,9;10265,04;309,33;11564;11458;106;0;0;0;0;0;5530,11;309327,79;97,14;109;9143;93;95;87,16;0;M;65;MATUTA;0;20;2;10;0;0;3000;975,18;0;975,18;32,51;0;30;18;0;18;60;0;0;5580,74;-2024,82;309,33;0;2810,26;1461,11;0;0,3;0;0;0;0;927,98;927,98
23/09/2026 17:26:43;31/08/2026;01/08/2026;31/08/2026;13;E;318;128;318442;324022,74;314857,9;10265,04;309,33;11564;11458;106;0;0;0;0;0;5530,11;309327,79;97,14;109;9143;93;95;87,16;0;M;18;SABORELLE - RACAO;0;19;9;47,37;0;0;6014,74;6291,31;0;6291,31;104,6;0;18;41;0;41;227,78;19,5;32,71;5580,74;276,57;309,33;32,71;2810,26;1461,11;0;0,3;0;0;0;0;927,98;927,98
23/09/2026 17:26:43;31/08/2026;01/08/2026;31/08/2026;13;E;318;128;318442;324022,74;314857,9;10265,04;309,33;11564;11458;106;0;0;0;0;0;5530,11;309327,79;97,14;109;9143;93;95;87,16;0;M;20;CATAFESTA;0;9;;;0;0;600;;0;0;0;0;10;;;;0;0;0;5580,74;-600;309,33;0;2810,26;1461,11;0;0,3;0;0;0;0;927,98;927,98
23/09/2026 17:26:43;31/08/2026;01/08/2026;31/08/2026;13;E;318;128;318442;324022,74;314857,9;10265,04;309,33;11564;11458;106;0;0;0;0;0;5530,11;309327,79;97,14;109;9143;93;95;87,16;0;M;83;ROBINSON CRUSOE;0;18;5;27,78;0;0;2113,59;4542,1;0;4542,1;214,9;0;45;42;0;42;93,33;7,27;49,96;5580,74;2428,51;309,33;49,96;2810,26;1461,11;0;0,3;0;0;0;0;927,98;927,98
23/09/2026 17:26:43;31/08/2026;01/08/2026;31/08/2026;13;E;318;128;318442;324022,74;314857,9;10265,04;309,33;11564;11458;106;0;0;0;0;0;5530,11;309327,79;97,14;109;9143;93;95;87,16;0;M;74;BRAVA;0;11;6;54,55;0;0;3030,22;564,94;0;564,94;18,64;0;79;10;0;10;12,66;0;0;5580,74;-2465,28;309,33;0;2810,26;1461,11;0;0,3;0;0;0;0;927,98;927,98
23/09/2026 17:26:43;31/08/2026;01/08/2026;31/08/2026;13;E;318;128;318442;324022,74;314857,9;10265,04;309,33;11564;11458;106;0;0;0;0;0;5530,11;309327,79;97,14;109;9143;93;95;87,16;0;M;47;SOFFIE;0;13;;;0;0;700;;0;0;0;0;13;;;;0;0;0;5580,74;-700;309,33;0;2810,26;1461,11;0;0,3;0;0;0;0;927,98;927,98
23/09/2026 17:26:43;31/08/2026;01/08/2026;31/08/2026;13;E;318;128;318442;324022,74;314857,9;10265,04;309,33;11564;11458;106;0;0;0;0;0;5530,11;309327,79;97,14;109;9143;93;95;87,16;0;M;63;BRACELL;0;21;17;80,95;0;0;17843,83;12438,33;0;12438,33;69,71;0;584;452;0;452;77,4;0;0;5580,74;-5405,5;309,33;0;2810,26;1461,11;0;0,3;0;0;0;0;927,98;927,98
23/09/2026 17:26:43;31/08/2026;01/08/2026;31/08/2026;13;E;318;128;318442;324022,74;314857,9;10265,04;309,33;11564;11458;106;0;0;0;0;0;5530,11;309327,79;97,14;109;9143;93;95;87,16;0;M;6;SOL BEBIDAS;0;38;11;28,95;0;0;14211,91;16521,35;0;16521,35;116,25;0;351;241;0;241;68,66;0;107,39;5580,74;2309,44;309,33;107,39;2810,26;1461,11;0;0,3;0;0;0;0;927,98;927,98
23/09/2026 17:26:43;31/08/2026;01/08/2026;31/08/2026;26;E;319;30;46598;195628,49;196083,85;5204,04;584,1;5177;5049;128;0;0;0;0;0;1383,1;194700,75;417,83;26;938,01;48;48;184,62;584,10225;M;1;JAV;0;20;45;225;369,29;0;29401,16;123673,45;576;123097,45;418,68;0;657;3412;26;3386;515,37;147,72;246,19;149030,49;93696,29;584,1;615,48;3598,13225;2652,95225;0,3;0,3;0,3;0;0;0;584,1;584,1
23/09/2026 17:26:43;31/08/2026;01/08/2026;31/08/2026;26;E;319;30;46598;195628,49;196083,85;5204,04;584,1;5177;5049;128;0;0;0;0;0;1383,1;194700,75;417,83;26;938,01;48;48;184,62;584,10225;M;13;COPRA;0;14;27;192,86;162,78;0;4952,4;20463,36;116,48;20346,88;410,85;0;97;550;1;549;565,98;63,08;105,8;149030,49;15394,48;584,1;268,58;3598,13225;2652,95225;0,3;0,3;0,3;0;0;0;584,1;584,1
23/09/2026 17:26:43;31/08/2026;01/08/2026;31/08/2026;26;E;319;30;46598;195628,49;196083,85;5204,04;584,1;5177;5049;128;0;0;0;0;0;1383,1;194700,75;417,83;26;938,01;48;48;184,62;584,10225;M;53;CASAKM;0;14;21;150;307,8;0;5828,63;38601,22;125,76;38475,46;660,11;0;115;789;11;778;676,52;119,27;200,07;149030,49;32646,83;584,1;507,87;3598,13225;2652,95225;0,3;0,3;0,3;0;0;0;584,1;584,1
23/09/2026 17:26:43;31/08/2026;01/08/2026;31/08/2026;26;E;319;30;46598;195628,49;196083,85;5204,04;584,1;5177;5049;128;0;0;0;0;0;1383,1;194700,75;417,83;26;938,01;48;48;184,62;584,10225;M;84;CAPRICHE;0;6;23;383,33;;0;1000;4279,43;348,18;3931,25;393,13;0;10;200;90;110;1100;;;149030,49;2931,25;584,1;;3598,13225;2652,95225;0,3;0,3;0,3;0;0;0;584,1;584,1
23/09/2026 17:26:43;31/08/2026;01/08/2026;31/08/2026;26;E;319;30;46598;195628,49;196083,85;5204,04;584,1;5177;5049;128;0;0;0;0;0;1383,1;194700,75;417,83;26;938,01;48;48;184,62;584,10225;M;51;GUANABARA;0;6;3;50;0;0;500;1822,68;0;1822,68;364,54;0;10;13;0;13;130;6,93;11,85;149030,49;1322,68;584,1;11,85;3598,13225;2652,95225;0,3;0,3;0,3;0;0;0;584,1;584,1
23/09/2026 17:26:43;31/08/2026;01/08/2026;31/08/2026;26;E;319;30;46598;195628,49;196083,85;5204,04;584,1;5177;5049;128;0;0;0;0;0;1383,1;194700,75;417,83;26;938,01;48;48;184,62;584,10225;M;60;RICLAN;0;9;16;177,78;23,58;0;1094,5;1813,9;0;1813,9;165,73;0;9;115;0;115;1277,78;6,89;11,79;149030,49;719,4;584,1;35,37;3598,13225;2652,95225;0,3;0,3;0,3;0;0;0;584,1;584,1
23/09/2026 17:26:43;31/08/2026;01/08/2026;31/08/2026;26;E;319;30;46598;195628,49;196083,85;5204,04;584,1;5177;5049;128;0;0;0;0;0;1383,1;194700,75;417,83;26;938,01;48;48;184,62;584,10225;M;15;QUEIJOS LELO;0;7;4;57,14;0;0;2278,93;2830,73;0;2830,73;124,21;0;10;21;0;21;210;10,76;18,4;149030,49;551,8;584,1;18,4;3598,13225;2652,95225;0,3;0,3;0,3;0;0;0;584,1;584,1
23/09/2026 17:26:43;31/08/2026;01/08/2026;31/08/2026;26;E;407;78;112877;115457,72;112659,79;3333,44;107,42;4331;4155;176;0;0;0;0;0;5244,69;107415,1;95,16;66;2863,01;58;55;83,33;0;M;60;RICLAN;0;9;11;122,22;10,12;0;553,5;778,6;0;778,6;140,67;0;34;59;0;59;173,53;2,96;5,06;2580,72;225,1;107,42;15,18;1194,37;710,86;0;0,3;0;0;0;0;322,25;322,25
23/09/2026 17:26:43;31/08/2026;01/08/2026;31/08/2026;26;E;407;78;112877;115457,72;112659,79;3333,44;107,42;4331;4155;176;0;0;0;0;0;5244,69;107415,1;95,16;66;2863,01;58;55;83,33;0;M;47;SOFFIE;0;7;1;14,29;0;0;572,22;82,56;0;82,56;14,43;0;6;6;0;6;100;0,31;0;2580,72;-489,66;107,42;0;1194,37;710,86;0;0,3;0;0;0;0;322,25;322,25
23/09/2026 17:26:43;31/08/2026;01/08/2026;31/08/2026;26;E;407;78;112877;115457,72;112659,79;3333,44;107,42;4331;4155;176;0;0;0;0;0;5244,69;107415,1;95,16;66;2863,01;58;55;83,33;0;M;61;DAVENE;0;10;7;70;0;0;1071,27;813,75;0;813,75;75,96;0;44;108;0;108;245,45;3,09;0;2580,72;-257,52;107,42;0;1194,37;710,86;0;0,3;0;0;0;0;322,25;322,25
23/09/2026 17:26:43;31/08/2026;01/08/2026;31/08/2026;19;B;411;76;201442;116462,58;115760,92;3850,07;0;4113;3835;278;0;0;0;0;0;5209,59;110551,33;54,88;65;5168,02;51;50;76,92;0;M;2;MARILAN;0;52;46;88,46;82,25;0;116167,99;65983,1;2711,96;63271,14;54,47;0;1964;2058;162;1896;96,54;31,64;0;-84979,42;-52896,85;0;82,25;273,72;178,22;0;0;0;0;0;0;0;0
23/09/2026 17:26:43;31/08/2026;01/08/2026;31/08/2026;19;B;411;76;201442;116462,58;115760,92;3850,07;0;4113;3835;278;0;0;0;0;0;5209,59;110551,33;54,88;65;5168,02;51;50;76,92;0;M;13;COPRA;0;30;22;73,33;0;0;11490,91;10807,48;82,69;10724,79;93,33;0;450;433;1;432;96;13,94;27,88;-84979,42;-766,12;0;27,88;273,72;178,22;0;0;0;0;0;0;0;0
23/09/2026 17:26:43;31/08/2026;01/08/2026;31/08/2026;19;B;411;76;201442;116462,58;115760,92;3850,07;0;4113;3835;278;0;0;0;0;0;5209,59;110551,33;54,88;65;5168,02;51;50;76,92;0;M;47;SOFFIE;0;14;;;0;0;1740,16;;59,22;-59,22;-3,4;0;104;0;6;-6;-5,77;0;0;-84979,42;-1799,38;0;0;273,72;178,22;0;0;0;0;0;0;0;0
23/09/2026 17:26:43;31/08/2026;01/08/2026;31/08/2026;19;B;411;76;201442;116462,58;115760,92;3850,07;0;4113;3835;278;0;0;0;0;0;5209,59;110551,33;54,88;65;5168,02;51;50;76,92;0;M;53;CASAKM;0;45;30;66,67;0;0;40379,76;21516,73;1949,6;19567,13;48,46;0;1770;873;102;771;43,56;0;0;-84979,42;-20812,63;0;0;273,72;178,22;0;0;0;0;0;0;0;0
23/09/2026 17:26:43;31/08/2026;01/08/2026;31/08/2026;19;B;411;76;201442;116462,58;115760,92;3850,07;0;4113;3835;278;0;0;0;0;0;5209,59;110551,33;54,88;65;5168,02;51;50;76,92;0;M;59;CASA SUICA;0;23;4;17,39;0;0;5838,22;1526,19;31,46;1494,73;25,6;0;179;78;1;77;43,02;0;0;-84979,42;-4343,49;0;0;273,72;178,22;0;0;0;0;0;0;0;0
23/09/2026 17:26:43;31/08/2026;01/08/2026;31/08/2026;19;B;411;76;201442;116462,58;115760,92;3850,07;0;4113;3835;278;0;0;0;0;0;5209,59;110551,33;54,88;65;5168,02;51;50;76,92;0;M;74;BRAVA;0;9;4;44,44;0;0;1000;614,36;374,66;239,7;23,97;0;40;10;6;4;10;0;0;-84979,42;-760,3;0;0;273,72;178,22;0;0;0;0;0;0;0;0
23/09/2026 17:26:43;31/08/2026;01/08/2026;31/08/2026;19;B;411;76;201442;116462,58;115760,92;3850,07;0;4113;3835;278;0;0;0;0;0;5209,59;110551,33;54,88;65;5168,02;51;50;76,92;0;M;20;CATAFESTA;0;10;;;0;0;1000;;0;0;0;0;9;;;;0;0;0;-84979,42;-1000;0;0;273,72;178,22;0;0;0;0;0;0;0;0
23/09/2026 17:26:43;31/08/2026;01/08/2026;31/08/2026;19;B;411;76;201442;116462,58;115760,92;3850,07;0;4113;3835;278;0;0;0;0;0;5209,59;110551,33;54,88;65;5168,02;51;50;76,92;0;M;18;SABORELLE - RACAO;0;19;10;52,63;0;0;9495,15;6178,94;0;6178,94;65,07;0;60;81;0;81;135;19,15;0;-84979,42;-3316,21;0;0;273,72;178,22;0;0;0;0;0;0;0;0
23/09/2026 17:26:43;31/08/2026;01/08/2026;31/08/2026;19;B;411;76;201442;116462,58;115760,92;3850,07;0;4113;3835;278;0;0;0;0;0;5209,59;110551,33;54,88;65;5168,02;51;50;76,92;0;M;82;ZICO;0;20;2;10;0;0;1000;1038;0;1038;103,8;0;46;6;0;6;13,04;0;;-84979,42;38;0;;273,72;178,22;0;0;0;0;0;0;0;0
23/09/2026 17:26:43;31/08/2026;01/08/2026;31/08/2026;19;B;411;76;201442;116462,58;115760,92;3850,07;0;4113;3835;278;0;0;0;0;0;5209,59;110551,33;54,88;65;5168,02;51;50;76,92;0;M;51;GUANABARA;0;12;;;0;0;1000,07;;0;0;0;0;11;;;;0;0;0;-84979,42;-1000,07;0;0;273,72;178,22;0;0;0;0;0;0;0;0
23/09/2026 17:26:43;31/08/2026;01/08/2026;31/08/2026;19;B;411;76;201442;116462,58;115760,92;3850,07;0;4113;3835;278;0;0;0;0;0;5209,59;110551,33;54,88;65;5168,02;51;50;76,92;0;M;15;QUEIJOS LELO;0;15;1;6,67;0;0;1006,65;269,81;0;269,81;26,8;0;2;2;0;2;100;1,03;0;-84979,42;-736,84;0;0;273,72;178,22;0;0;0;0;0;0;0;0
23/09/2026 17:26:43;31/08/2026;01/08/2026;31/08/2026;19;B;411;76;201442;116462,58;115760,92;3850,07;0;4113;3835;278;0;0;0;0;0;5209,59;110551,33;54,88;65;5168,02;51;50;76,92;0;M;60;RICLAN;0;28;27;96,43;42,26;0;7995,29;7826,31;0;7826,31;97,89;0;508;572;0;572;112,6;29,74;25,83;-84979,42;-168,98;0;68,09;273,72;178,22;0;0;0;0;0;0;0;0
23/09/2026 17:26:43;31/08/2026;01/08/2026;31/08/2026;19;B;411;76;201442;116462,58;115760,92;3850,07;0;4113;3835;278;0;0;0;0;0;5209,59;110551,33;54,88;65;5168,02;51;50;76,92;0;M;81;TOP CAU;0;13;;;0;0;3327,9;;0;0;0;0;25;;;;0;0;0;-84979,42;-3327,9;0;0;273,72;178,22;0;0;0;0;0;0;0;0
23/09/2026 17:26:43;31/08/2026;01/08/2026;31/08/2026;6;E;412;79;47752,53;93238,28;89614,21;3115,82;266,43;2175;2150;25;0;0;0;0;0;803,77;88810,44;185,98;67;1015,19;60;59;88,06;0;M;2;MARILAN;0;49;52;106,12;177,04;0;61513,62;59695,75;681,12;59014,63;95,94;0;1373;1452;13;1439;104,81;70,82;59,01;45485,75;-2498,99;266,43;236,05;1238,22;825,08;0,3;0,3;0;0;0;0;266,43;266,43
23/09/2026 17:26:43;31/08/2026;01/08/2026;31/08/2026;6;E;412;79;47752,53;93238,28;89614,21;3115,82;266,43;2175;2150;25;0;0;0;0;0;803,77;88810,44;185,98;67;1015,19;60;59;88,06;0;M;60;RICLAN;0;13;13;100;30,31;0;3165,6;2443,31;112,05;2331,26;73,64;0;140;164;12;152;108,57;8,86;0;45485,75;-834,34;266,43;30,31;1238,22;825,08;0,3;0,3;0;0;0;0;266,43;266,43
23/09/2026 17:26:43;31/08/2026;01/08/2026;31/08/2026;6;E;412;79;47752,53;93238,28;89614,21;3115,82;266,43;2175;2150;25;0;0;0;0;0;803,77;88810,44;185,98;67;1015,19;60;59;88,06;0;M;18;SABORELLE - RACAO;0;12;12;100;68,98;0;6787,61;5305,92;0;5305,92;78,17;0;38;44;0;44;115,79;16,45;0;45485,75;-1481,69;266,43;68,98;1238,22;825,08;0,3;0,3;0;0;0;0;266,43;266,43
23/09/2026 17:26:43;31/08/2026;01/08/2026;31/08/2026;6;E;412;79;47752,53;93238,28;89614,21;3115,82;266,43;2175;2150;25;0;0;0;0;0;803,77;88810,44;185,98;67;1015,19;60;59;88,06;0;M;13;COPRA;0;18;13;72,22;0;0;5219,49;3888,14;0;3888,14;74,49;0;180;110;0;110;61,11;0;0;45485,75;-1331,35;266,43;0;1238,22;825,08;0,3;0,3;0;0;0;0;266,43;266,43
23/09/2026 17:26:43;31/08/2026;01/08/2026;31/08/2026;6;E;412;79;47752,53;93238,28;89614,21;3115,82;266,43;2175;2150;25;0;0;0;0;0;803,77;88810,44;185,98;67;1015,19;60;59;88,06;0;M;82;ZICO;0;10;;;0;0;1500;;0;0;0;0;8;;;;0;0;0;45485,75;-1500;266,43;0;1238,22;825,08;0,3;0,3;0;0;0;0;266,43;266,43
23/09/2026 17:26:43;31/08/2026;01/08/2026;31/08/2026;6;E;412;79;47752,53;93238,28;89614,21;3115,82;266,43;2175;2150;25;0;0;0;0;0;803,77;88810,44;185,98;67;1015,19;60;59;88,06;0;M;47;SOFFIE;0;3;;;0;0;1003,58;;0;0;0;0;6;;;;0;0;0;45485,75;-1003,58;266,43;0;1238,22;825,08;0,3;0,3;0;0;0;0;266,43;266,43
23/09/2026 17:26:43;31/08/2026;01/08/2026;31/08/2026;6;E;412;79;47752,53;93238,28;89614,21;3115,82;266,43;2175;2150;25;0;0;0;0;0;803,77;88810,44;185,98;67;1015,19;60;59;88,06;0;M;53;CASAKM;0;25;25;100;130,52;0;14661,95;16314,83;0;16314,83;111,27;0;307;356;0;356;115,96;50,58;84,84;45485,75;1652,88;266,43;215,36;1238,22;825,08;0,3;0,3;0;0;0;0;266,43;266,43
23/09/2026 17:26:43;31/08/2026;01/08/2026;31/08/2026;26;E;13;72;130778;122646,59;128515,86;2516,67;127,53;5772;5735;37;0;0;0;0;0;984,57;127531,29;97,52;61;4819,01;47;51;83,61;0;M;6;SOL BEBIDAS;0;7;2;28,57;0;0;561,85;73,58;0;73,58;13,1;0;12;3;0;3;25;0;0;-8131,41;-488,27;127,53;0;1108,57;527,6;0;0,3;0;0;0;0;382,59;382,59
23/09/2026 17:26:43;31/08/2026;01/08/2026;31/08/2026;13;E;29;116;305366;249182,24;244781,43;5072,61;0;11801;11347;454;0;0;0;0;0;5691,37;239090,06;78,3;99;10672;73;73;73,74;0;M;1;JAV;0;88;73;82,95;0;0;284848,79;224799,17;5337,37;219461,8;77,05;0;10314;7911;162;7749;75,13;0;0;-56183,76;-65386,99;0;0;777,59;190;0;0,2;0;0;0;0;478,18;478,18
23/09/2026 17:26:43;31/08/2026;01/08/2026;31/08/2026;13;E;29;116;305366;249182,24;244781,43;5072,61;0;11801;11347;454;0;0;0;0;0;5691,37;239090,06;78,3;99;10672;73;73;73,74;0;M;44;JDE;0;59;43;72,88;0;0;85059,9;98540,84;1611,19;96929,65;113,95;0;3200;3654;289;3365;105,16;58,16;77,54;-56183,76;11869,75;0;77,54;777,59;190;0;0,2;0;0;0;0;478,18;478,18
23/09/2026 17:26:43;31/08/2026;01/08/2026;31/08/2026;13;E;29;116;305366;249182,24;244781,43;5072,61;0;11801;11347;454;0;0;0;0;0;5691,37;239090,06;78,3;99;10672;73;73;73,74;0;M;52;GREEN;0;15;6;40;0;0;4898,37;5197,18;91,77;5105,41;104,23;0;93;72;1;71;76,34;0;25,53;-56183,76;207,04;0;25,53;777,59;190;0;0,2;0;0;0;0;478,18;478,18
23/09/2026 17:26:43;31/08/2026;01/08/2026;31/08/2026;13;E;29;116;305366;249182,24;244781,43;5072,61;0;11801;11347;454;0;0;0;0;0;5691,37;239090,06;78,3;99;10672;73;73;73,74;0;M;72;FRANBA;0;29;10;34,48;0;0;1896,94;2806,72;201,64;2605,08;137,33;0;24;29;2;27;112,5;9,9;13,03;-56183,76;708,14;0;13,03;777,59;190;0;0,2;0;0;0;0;478,18;478,18
23/09/2026 17:26:43;31/08/2026;01/08/2026;31/08/2026;13;E;29;116;305366;249182,24;244781,43;5072,61;0;11801;11347;454;0;0;0;0;0;5691,37;239090,06;78,3;99;10672;73;73;73,74;0;M;63;BRACELL;0;16;4;25;0;0;3088,33;2016,69;0;2016,69;65,3;0;31;43;0;43;138,71;6,25;0;-56183,76;-1071,64;0;0;777,59;190;0;0,2;0;0;0;0;478,18;478,18
23/09/2026 17:26:43;31/08/2026;01/08/2026;31/08/2026;13;E;29;116;305366;249182,24;244781,43;5072,61;0;11801;11347;454;0;0;0;0;0;5691,37;239090,06;78,3;99;10672;73;73;73,74;0;M;66;COCO SHOW;0;20;;;0;0;2281,17;;0;0;0;0;71;;;;0;0;0;-56183,76;-2281,17;0;0;777,59;190;0;0,2;0;0;0;0;478,18;478,18
23/09/2026 17:26:43;31/08/2026;01/08/2026;31/08/2026;13;E;29;116;305366;249182,24;244781,43;5072,61;0;11801;11347;454;0;0;0;0;0;5691,37;239090,06;78,3;99;10672;73;73;73,74;0;M;6;SOL BEBIDAS;0;9;;;0;0;2001,85;;0;0;0;0;10;;;;0;0;0;-56183,76;-2001,85;0;0;777,59;190;0;0,2;0;0;0;0;478,18;478,18
23/09/2026 17:26:43;31/08/2026;01/08/2026;31/08/2026;13;E;29;116;305366;249182,24;244781,43;5072,61;0;11801;11347;454;0;0;0;0;0;5691,37;239090,06;78,3;99;10672;73;73;73,74;0;M;65;MATUTA;0;10;;;0;0;1000;;0;0;0;0;7;;;;0;0;0;-56183,76;-1000;0;0;777,59;190;0;0,2;0;0;0;0;478,18;478,18
23/09/2026 17:26:43;31/08/2026;01/08/2026;31/08/2026;13;E;29;116;305366;249182,24;244781,43;5072,61;0;11801;11347;454;0;0;0;0;0;5691,37;239090,06;78,3;99;10672;73;73;73,74;0;M;83;ROBINSON CRUSOE;0;15;9;60;0;0;2746,64;9237,11;0;9237,11;336,31;0;14;77;0;77;550;35,1;73,9;-56183,76;6490,47;0;73,9;777,59;190;0;0,2;0;0;0;0;478,18;478,18
23/09/2026 17:26:43;31/08/2026;01/08/2026;31/08/2026;13;E;29;116;305366;249182,24;244781,43;5072,61;0;11801;11347;454;0;0;0;0;0;5691,37;239090,06;78,3;99;10672;73;73;73,74;0;M;82;ZICO;0;18;;;0;0;1000;;0;0;0;0;30;;;;0;0;0;-56183,76;-1000;0;0;777,59;190;0;0,2;0;0;0;0;478,18;478,18
23/09/2026 17:26:43;31/08/2026;01/08/2026;31/08/2026;13;E;29;116;305366;249182,24;244781,43;5072,61;0;11801;11347;454;0;0;0;0;0;5691,37;239090,06;78,3;99;10672;73;73;73,74;0;M;69;GAMELEIRA;0;9;;;0;0;1000;;0;0;0;0;8;;;;0;0;0;-56183,76;-1000;0;0;777,59;190;0;0,2;0;0;0;0;478,18;478,18
23/09/2026 17:26:43;31/08/2026;01/08/2026;31/08/2026;13;E;29;116;305366;249182,24;244781,43;5072,61;0;11801;11347;454;0;0;0;0;0;5691,37;239090,06;78,3;99;10672;73;73;73,74;0;M;61;DAVENE;0;17;1;5,88;0;0;603,93;10,98;0;10,98;1,82;0;70;3;0;3;4,29;0;0;-56183,76;-592,95;0;0;777,59;190;0;0,2;0;0;0;0;478,18;478,18
23/09/2026 17:26:43;31/08/2026;01/08/2026;31/08/2026;26;E;45;211;154598;138874,63;136086,3;2828,34;0;5039;4962;77;0;0;0;0;0;2212,56;133873,74;86,59;179;4519,01;162;164;91,62;0;M;1;JAV;0;155;145;93,55;89,11;0;80290,55;69950,63;1402,7;68547,93;85,37;0;2640;2102;36;2066;78,26;0;54,84;-15723,37;-11742,62;0;143,95;671,28;330,34;0;0,2;0;0;0;0;267,75;267,75
23/09/2026 17:26:43;31/08/2026;01/08/2026;31/08/2026;26;E;45;211;154598;138874,63;136086,3;2828,34;0;5039;4962;77;0;0;0;0;0;2212,56;133873,74;86,59;179;4519,01;162;164;91,62;0;M;44;JDE;0;88;74;84,09;0;0;87513,57;50907,54;17,04;50890,5;58,15;0;1547;1357;6;1351;87,33;15,27;0;-15723,37;-36623,07;0;0;671,28;330,34;0;0,2;0;0;0;0;267,75;267,75
23/09/2026 17:26:43;31/08/2026;01/08/2026;31/08/2026;26;E;45;211;154598;138874,63;136086,3;2828,34;0;5039;4962;77;0;0;0;0;0;2212,56;133873,74;86,59;179;4519,01;162;164;91,62;0;M;52;GREEN;0;28;9;32,14;0;0;2810,12;683,15;36,72;646,43;23;0;40;14;1;13;32,5;0;0;-15723,37;-2163,69;0;0;671,28;330,34;0;0,2;0;0;0;0;267,75;267,75
23/09/2026 17:26:43;31/08/2026;01/08/2026;31/08/2026;26;E;45;211;154598;138874,63;136086,3;2828,34;0;5039;4962;77;0;0;0;0;0;2212,56;133873,74;86,59;179;4519,01;162;164;91,62;0;M;53;CASAKM;0;65;50;76,92;0;0;17872,65;14192,19;202,64;13989,55;78,27;0;401;230;7;223;55,61;0;0;-15723,37;-3883,1;0;0;671,28;330,34;0;0,2;0;0;0;0;267,75;267,75
23/09/2026 17:26:43;31/08/2026;01/08/2026;31/08/2026;26;E;45;211;154598;138874,63;136086,3;2828,34;0;5039;4962;77;0;0;0;0;0;2212,56;133873,74;86,59;179;4519,01;162;164;91,62;0;M;60;RICLAN;0;50;37;74;0;0;3587,67;2724,41;42,26;2682,15;74,76;0;223;198;5;193;86,55;4,29;0;-15723,37;-905,52;0;0;671,28;330,34;0;0,2;0;0;0;0;267,75;267,75
23/09/2026 17:26:43;31/08/2026;01/08/2026;31/08/2026;26;E;45;211;154598;138874,63;136086,3;2828,34;0;5039;4962;77;0;0;0;0;0;2212,56;133873,74;86,59;179;4519,01;162;164;91,62;0;M;63;BRACELL;0;19;19;100;28,57;0;3561,57;3803,4;232,1;3571,3;100,27;0;13;102;6;96;738,46;11,07;14,29;-15723,37;9,73;0;42,86;671,28;330,34;0;0,2;0;0;0;0;267,75;267,75
23/09/2026 17:26:43;31/08/2026;01/08/2026;31/08/2026;26;E;45;211;154598;138874,63;136086,3;2828,34;0;5039;4962;77;0;0;0;0;0;2212,56;133873,74;86,59;179;4519,01;162;164;91,62;0;M;66;COCO SHOW;0;32;27;84,38;0;0;3741,48;3391,46;83,32;3308,14;88,42;0;174;150;1;149;85,63;4,3;6,62;-15723,37;-433,34;0;6,62;671,28;330,34;0;0,2;0;0;0;0;267,75;267,75
23/09/2026 17:26:43;31/08/2026;01/08/2026;31/08/2026;26;E;45;211;154598;138874,63;136086,3;2828,34;0;5039;4962;77;0;0;0;0;0;2212,56;133873,74;86,59;179;4519,01;162;164;91,62;0;M;84;CAPRICHE;0;62;56;90,32;;0;8403,15;6900,49;111,45;6789,04;80,79;0;439;265;8;257;58,54;0;0;-15723,37;-1614,11;0;;671,28;330,34;0;0,2;0;0;0;0;267,75;267,75
23/09/2026 17:26:43;31/08/2026;01/08/2026;31/08/2026;26;E;45;211;154598;138874,63;136086,3;2828,34;0;5039;4962;77;0;0;0;0;0;2212,56;133873,74;86,59;179;4519,01;162;164;91,62;0;M;15;QUEIJOS LELO;0;5;1;20;0;0;515,96;132,63;0;132,63;25,71;0;2;1;0;1;50;0;0;-15723,37;-383,33;0;0;671,28;330,34;0;0,2;0;0;0;0;267,75;267,75
23/09/2026 17:26:43;31/08/2026;01/08/2026;31/08/2026;26;E;45;211;154598;138874,63;136086,3;2828,34;0;5039;4962;77;0;0;0;0;0;2212,56;133873,74;86,59;179;4519,01;162;164;91,62;0;M;18;SABORELLE - RACAO;0;17;7;41,18;0;0;4373,2;4573,73;0;4573,73;104,59;0;26;27;0;27;103,85;14,18;18,29;-15723,37;200,53;0;18,29;671,28;330,34;0;0,2;0;0;0;0;267,75;267,75
23/09/2026 17:26:43;31/08/2026;01/08/2026;31/08/2026;26;E;45;211;154598;138874,63;136086,3;2828,34;0;5039;4962;77;0;0;0;0;0;2212,56;133873,74;86,59;179;4519,01;162;164;91,62;0;M;47;SOFFIE;0;19;;;0;0;1569,67;;0;0;0;0;41;;;;0;0;0;-15723,37;-1569,67;0;0;671,28;330,34;0;0,2;0;0;0;0;267,75;267,75
23/09/2026 17:26:43;31/08/2026;01/08/2026;31/08/2026;26;E;45;211;154598;138874,63;136086,3;2828,34;0;5039;4962;77;0;0;0;0;0;2212,56;133873,74;86,59;179;4519,01;162;164;91,62;0;M;20;CATAFESTA;0;27;;;0;0;3412,63;;0;0;0;0;10;;;;0;0;0;-15723,37;-3412,63;0;0;671,28;330,34;0;0,2;0;0;0;0;267,75;267,75
23/09/2026 17:26:43;31/08/2026;01/08/2026;31/08/2026;26;E;45;211;154598;138874,63;136086,3;2828,34;0;5039;4962;77;0;0;0;0;0;2212,56;133873,74;86,59;179;4519,01;162;164;91,62;0;M;6;SOL BEBIDAS;0;26;19;73,08;0;0;1773,12;1349,98;0;1349,98;76,14;0;43;37;0;37;86,05;2,16;0;-15723,37;-423,14;0;0;671,28;330,34;0;0,2;0;0;0;0;267,75;267,75
23/09/2026 17:26:43;31/08/2026;01/08/2026;31/08/2026;26;E;45;211;154598;138874,63;136086,3;2828,34;0;5039;4962;77;0;0;0;0;0;2212,56;133873,74;86,59;179;4519,01;162;164;91,62;0;M;82;ZICO;0;17;;;0;0;609,29;;0;0;0;0;10;;;;0;0;0;-15723,37;-609,29;0;0;671,28;330,34;0;0,2;0;0;0;0;267,75;267,75
23/09/2026 17:26:43;31/08/2026;01/08/2026;31/08/2026;26;E;319;30;46598;195628,49;196083,85;5204,04;584,1;5177;5049;128;0;0;0;0;0;1383,1;194700,75;417,83;26;938,01;48;48;184,62;584,10225;M;74;BRAVA;0;6;8;133,33;12,69;0;500;976,07;0;976,07;195,21;0;20;19;0;19;95;1,56;6,34;149030,49;476,07;584,1;19,03;3598,13225;2652,95225;0,3;0,3;0,3;0;0;0;584,1;584,1
23/09/2026 17:26:43;31/08/2026;01/08/2026;31/08/2026;26;E;319;30;46598;195628,49;196083,85;5204,04;584,1;5177;5049;128;0;0;0;0;0;1383,1;194700,75;417,83;26;938,01;48;48;184,62;584,10225;M;18;SABORELLE - RACAO;0;8;6;75;0;0;1042,62;1570,51;0;1570,51;150,63;0;10;57;0;57;570;4,87;8,17;149030,49;527,89;584,1;8,17;3598,13225;2652,95225;0,3;0,3;0,3;0;0;0;584,1;584,1
23/09/2026 17:26:43;31/08/2026;01/08/2026;31/08/2026;19;E;321;104;81638;88975,32;87703,62;1558,65;174,66;2633;2609;24;0;0;0;0;0;371,9;87331,72;106,97;88;2690,02;77;74;84,09;0;M;2;MARILAN;0;56;47;83,93;0;0;20164,43;34691,76;242,46;34449,3;170,84;0;787;1225;23;1202;152,73;41,34;51,67;7337,32;14284,87;174,66;51,67;618,8;412,95;0,2;0,1;0;0;0;0;87,33;87,33
23/09/2026 17:26:43;31/08/2026;01/08/2026;31/08/2026;19;E;321;104;81638;88975,32;87703,62;1558,65;174,66;2633;2609;24;0;0;0;0;0;371,9;87331,72;106,97;88;2690,02;77;74;84,09;0;M;13;COPRA;0;49;43;87,76;68,46;0;28414,13;20862,05;116,48;20745,57;73,01;0;1066;738;1;737;69,14;0;0;7337,32;-7668,56;174,66;68,46;618,8;412,95;0,2;0,1;0;0;0;0;87,33;87,33
23/09/2026 17:26:43;31/08/2026;01/08/2026;31/08/2026;19;E;321;104;81638;88975,32;87703,62;1558,65;174,66;2633;2609;24;0;0;0;0;0;371,9;87331,72;106,97;88;2690,02;77;74;84,09;0;M;47;SOFFIE;0;15;;;0;0;1135,59;;0;0;0;0;52;;;;0;0;0;7337,32;-1135,59;174,66;0;618,8;412,95;0,2;0,1;0;0;0;0;87,33;87,33
23/09/2026 17:26:43;31/08/2026;01/08/2026;31/08/2026;19;E;321;104;81638;88975,32;87703,62;1558,65;174,66;2633;2609;24;0;0;0;0;0;371,9;87331,72;106,97;88;2690,02;77;74;84,09;0;M;81;TOP CAU;0;26;;;0;0;1000;;0;0;0;0;38;;;;0;0;0;7337,32;-1000;174,66;0;618,8;412,95;0,2;0,1;0;0;0;0;87,33;87,33
23/09/2026 17:26:43;31/08/2026;01/08/2026;31/08/2026;19;E;321;104;81638;88975,32;87703,62;1558,65;174,66;2633;2609;24;0;0;0;0;0;371,9;87331,72;106,97;88;2690,02;77;74;84,09;0;M;18;SABORELLE - RACAO;0;17;8;47,06;0;0;2769,28;2868,13;0;2868,13;103,57;0;68;33;0;33;48,53;0;11,47;7337,32;98,85;174,66;11,47;618,8;412,95;0,2;0,1;0;0;0;0;87,33;87,33
23/09/2026 17:26:43;31/08/2026;01/08/2026;31/08/2026;19;E;321;104;81638;88975,32;87703,62;1558,65;174,66;2633;2609;24;0;0;0;0;0;371,9;87331,72;106,97;88;2690,02;77;74;84,09;0;M;20;CATAFESTA;0;10;;;0;0;2209,22;;0;0;0;0;20;;;;0;0;0;7337,32;-2209,22;174,66;0;618,8;412,95;0,2;0,1;0;0;0;0;87,33;87,33
23/09/2026 17:26:43;31/08/2026;01/08/2026;31/08/2026;19;E;321;104;81638;88975,32;87703,62;1558,65;174,66;2633;2609;24;0;0;0;0;0;371,9;87331,72;106,97;88;2690,02;77;74;84,09;0;M;74;BRAVA;0;10;3;30;0;0;143,5;227,4;0;227,4;158,47;0;4;4;0;4;100;0,86;1,14;7337,32;83,9;174,66;1,14;618,8;412,95;0,2;0,1;0;0;0;0;87,33;87,33
23/09/2026 17:26:43;31/08/2026;01/08/2026;31/08/2026;19;E;321;104;81638;88975,32;87703,62;1558,65;174,66;2633;2609;24;0;0;0;0;0;371,9;87331,72;106,97;88;2690,02;77;74;84,09;0;M;60;RICLAN;0;24;16;66,67;0;0;2275,26;1015,71;0;1015,71;44,64;0;178;127;0;127;71,35;0;0;7337,32;-1259,55;174,66;0;618,8;412,95;0,2;0,1;0;0;0;0;87,33;87,33
23/09/2026 17:26:43;31/08/2026;01/08/2026;31/08/2026;19;E;321;104;81638;88975,32;87703,62;1558,65;174,66;2633;2609;24;0;0;0;0;0;371,9;87331,72;106,97;88;2690,02;77;74;84,09;0;M;59;CASA SUICA;0;7;1;14,29;0;0;1000,56;70,62;0;70,62;7,06;0;12;2;0;2;16,67;0;0;7337,32;-929,94;174,66;0;618,8;412,95;0,2;0,1;0;0;0;0;87,33;87,33
23/09/2026 17:26:43;31/08/2026;01/08/2026;31/08/2026;19;E;321;104;81638;88975,32;87703,62;1558,65;174,66;2633;2609;24;0;0;0;0;0;371,9;87331,72;106,97;88;2690,02;77;74;84,09;0;M;15;QUEIJOS LELO;0;23;9;39,13;0;0;3169,44;2828,65;0;2828,65;89,25;0;40;21;0;21;52,5;0;7,07;7337,32;-340,79;174,66;7,07;618,8;412,95;0,2;0,1;0;0;0;0;87,33;87,33
23/09/2026 17:26:43;31/08/2026;01/08/2026;31/08/2026;19;E;321;104;81638;88975,32;87703,62;1558,65;174,66;2633;2609;24;0;0;0;0;0;371,9;87331,72;106,97;88;2690,02;77;74;84,09;0;M;51;GUANABARA;0;14;2;14,29;0;0;1000,29;520,03;0;520,03;51,99;0;11;4;0;4;36,36;0;0;7337,32;-480,26;174,66;0;618,8;412,95;0,2;0,1;0;0;0;0;87,33;87,33
23/09/2026 17:26:43;31/08/2026;01/08/2026;31/08/2026;19;E;321;104;81638;88975,32;87703,62;1558,65;174,66;2633;2609;24;0;0;0;0;0;371,9;87331,72;106,97;88;2690,02;77;74;84,09;0;M;82;ZICO;0;10;;;0;0;1000;;0;0;0;0;10;;;;0;0;0;7337,32;-1000;174,66;0;618,8;412,95;0,2;0,1;0;0;0;0;87,33;87,33
23/09/2026 17:26:43;31/08/2026;01/08/2026;31/08/2026;19;E;321;104;81638;88975,32;87703,62;1558,65;174,66;2633;2609;24;0;0;0;0;0;371,9;87331,72;106,97;88;2690,02;77;74;84,09;0;M;53;CASAKM;0;43;34;79,07;0;0;17356,34;24619,27;0;24619,27;141,85;0;404;479;0;479;118,56;76,32;98,48;7337,32;7262,93;174,66;98,48;618,8;412,95;0,2;0,1;0;0;0;0;87,33;87,33
23/09/2026 17:26:43;31/08/2026;01/08/2026;31/08/2026;20;E;341;698;984830;5968,42;5968,42;2245,18;0;2993;2983;10;0;0;0;0;0;0;5968,42;0,61;593;29678,02;1;1;0,17;0;M;44;JDE;0;370;1;0,27;0;0;884069,64;243463,32;3704;239759,32;27,12;0;12101;2732;10;2722;22,49;0;0;-978861,58;-644310,32;0;0;0;0;0;0;0;0;0;0;0;0
23/09/2026 17:26:43;31/08/2026;01/08/2026;31/08/2026;20;E;341;698;984830;5968,42;5968,42;2245,18;0;2993;2983;10;0;0;0;0;0;0;5968,42;0,61;593;29678,02;1;1;0,17;0;M;59;CASA SUICA;0;70;;;0;0;6000;;0;0;0;0;175;;;;0;0;0;-978861,58;-6000;0;0;0;0;0;0;0;0;0;0;0;0
23/09/2026 17:26:43;31/08/2026;01/08/2026;31/08/2026;20;E;341;698;984830;5968,42;5968,42;2245,18;0;2993;2983;10;0;0;0;0;0;0;5968,42;0,61;593;29678,02;1;1;0,17;0;M;72;FRANBA;0;70;;;0;0;6000;;0;0;0;0;60;;;;0;0;0;-978861,58;-6000;0;0;0;0;0;0;0;0;0;0;0;0
23/09/2026 17:26:43;31/08/2026;01/08/2026;31/08/2026;20;E;341;698;984830;5968,42;5968,42;2245,18;0;2993;2983;10;0;0;0;0;0;0;5968,42;0,61;593;29678,02;1;1;0,17;0;M;2;MARILAN;0;247;;;0;0;165449,52;;0;0;0;0;3493;;;;0;0;0;-978861,58;-165449,52;0;0;0;0;0;0;0;0;0;0;0;0
23/09/2026 17:26:43;31/08/2026;01/08/2026;31/08/2026;20;E;341;698;984830;5968,42;5968,42;2245,18;0;2993;2983;10;0;0;0;0;0;0;5968,42;0,61;593;29678,02;1;1;0,17;0;M;6;SOL BEBIDAS;0;70;;;0;0;6000;;0;0;0;0;67;;;;0;0;0;-978861,58;-6000;0;0;0;0;0;0;0;0;0;0;0;0
23/09/2026 17:26:43;31/08/2026;01/08/2026;31/08/2026;20;E;341;698;984830;5968,42;5968,42;2245,18;0;2993;2983;10;0;0;0;0;0;0;5968,42;0,61;593;29678,02;1;1;0,17;0;M;20;CATAFESTA;0;70;;;0;0;6000;;0;0;0;0;60;;;;0;0;0;-978861,58;-6000;0;0;0;0;0;0;0;0;0;0;0;0
23/09/2026 17:26:43;31/08/2026;01/08/2026;31/08/2026;20;E;341;698;984830;5968,42;5968,42;2245,18;0;2993;2983;10;0;0;0;0;0;0;5968,42;0,61;593;29678,02;1;1;0,17;0;M;82;ZICO;0;70;;;0;0;7499,05;;0;0;0;0;60;;;;0;0;0;-978861,58;-7499,05;0;0;0;0;0;0;0;0;0;0;0;0
23/09/2026 17:26:43;31/08/2026;01/08/2026;31/08/2026;20;E;341;698;984830;5968,42;5968,42;2245,18;0;2993;2983;10;0;0;0;0;0;0;5968,42;0,61;593;29678,02;1;1;0,17;0;M;81;TOP CAU;0;70;;;0;0;6000;;0;0;0;0;0;;;;;0;0;-978861,58;-6000;0;0;0;0;0;0;0;0;0;0;0;0
23/09/2026 17:26:43;31/08/2026;01/08/2026;31/08/2026;20;E;341;698;984830;5968,42;5968,42;2245,18;0;2993;2983;10;0;0;0;0;0;0;5968,42;0,61;593;29678,02;1;1;0,17;0;M;47;SOFFIE;0;70;;;0;0;6000;;0;0;0;0;115;;;;0;0;0;-978861,58;-6000;0;0;0;0;0;0;0;0;0;0;0;0
23/09/2026 17:26:43;31/08/2026;01/08/2026;31/08/2026;20;E;341;698;984830;5968,42;5968,42;2245,18;0;2993;2983;10;0;0;0;0;0;0;5968,42;0,61;593;29678,02;1;1;0,17;0;M;13;COPRA;0;175;1;0,57;0;0;54534,01;2299,02;0;2299,02;4,22;0;1464;91;0;91;6,22;0;0;-978861,58;-52234,99;0;0;0;0;0;0;0;0;0;0;0;0
23/09/2026 17:26:43;31/08/2026;01/08/2026;31/08/2026;20;E;341;698;984830;5968,42;5968,42;2245,18;0;2993;2983;10;0;0;0;0;0;0;5968,42;0,61;593;29678,02;1;1;0,17;0;M;65;MATUTA;0;70;;;0;0;6000;;0;0;0;0;60;;;;0;0;0;-978861,58;-6000;0;0;0;0;0;0;0;0;0;0;0;0
23/09/2026 17:26:43;31/08/2026;01/08/2026;31/08/2026;20;E;341;698;984830;5968,42;5968,42;2245,18;0;2993;2983;10;0;0;0;0;0;0;5968,42;0,61;593;29678,02;1;1;0,17;0;M;1;JAV;0;515;;;0;0;484888,36;;0;0;0;0;18409;;;;0;0;0;-978861,58;-484888,36;0;0;0;0;0;0;0;0;0;0;0;0
23/09/2026 17:26:43;31/08/2026;01/08/2026;31/08/2026;20;E;341;698;984830;5968,42;5968,42;2245,18;0;2993;2983;10;0;0;0;0;0;0;5968,42;0,61;593;29678,02;1;1;0,17;0;M;66;COCO SHOW;0;108;1;0,93;0;0;18372,28;1424,4;0;1424,4;7,75;0;892;120;0;120;13,45;0;0;-978861,58;-16947,88;0;0;0;0;0;0;0;0;0;0;0;0
23/09/2026 17:26:43;31/08/2026;01/08/2026;31/08/2026;20;E;341;698;984830;5968,42;5968,42;2245,18;0;2993;2983;10;0;0;0;0;0;0;5968,42;0,61;593;29678,02;1;1;0,17;0;M;15;QUEIJOS LELO;0;70;;;0;0;6000;;0;0;0;0;60;;;;0;0;0;-978861,58;-6000;0;0;0;0;0;0;0;0;0;0;0;0
23/09/2026 17:26:43;31/08/2026;01/08/2026;31/08/2026;20;E;341;698;984830;5968,42;5968,42;2245,18;0;2993;2983;10;0;0;0;0;0;0;5968,42;0,61;593;29678,02;1;1;0,17;0;M;53;CASAKM;0;140;;;0;0;63511,82;;0;0;0;0;1594;;;;0;0;0;-978861,58;-63511,82;0;0;0;0;0;0;0;0;0;0;0;0
23/09/2026 17:26:43;31/08/2026;01/08/2026;31/08/2026;6;E;412;79;47752,53;93238,28;89614,21;3115,82;266,43;2175;2150;25;0;0;0;0;0;803,77;88810,44;185,98;67;1015,19;60;59;88,06;0;M;74;BRAVA;0;9;4;44,44;0;0;1008,32;301,7;0;301,7;29,92;0;10;6;0;6;60;0;0;45485,75;-706,62;266,43;0;1238,22;825,08;0,3;0,3;0;0;0;0;266,43;266,43
23/09/2026 17:26:43;31/08/2026;01/08/2026;31/08/2026;6;E;412;79;47752,53;93238,28;89614,21;3115,82;266,43;2175;2150;25;0;0;0;0;0;803,77;88810,44;185,98;67;1015,19;60;59;88,06;0;M;51;GUANABARA;0;9;;;0;0;1083,72;;0;0;0;0;25;;;;0;0;0;45485,75;-1083,72;266,43;0;1238,22;825,08;0,3;0,3;0;0;0;0;266,43;266,43
23/09/2026 17:26:43;31/08/2026;01/08/2026;31/08/2026;6;E;412;79;47752,53;93238,28;89614,21;3115,82;266,43;2175;2150;25;0;0;0;0;0;803,77;88810,44;185,98;67;1015,19;60;59;88,06;0;M;15;QUEIJOS LELO;0;12;6;50;0;0;1069,23;1223,4;0;1223,4;114,42;0;11;9;0;9;81,82;0;7,95;45485,75;154,17;266,43;7,95;1238,22;825,08;0,3;0,3;0;0;0;0;266,43;266,43
23/09/2026 17:26:43;31/08/2026;01/08/2026;31/08/2026;6;E;412;79;47752,53;93238,28;89614,21;3115,82;266,43;2175;2150;25;0;0;0;0;0;803,77;88810,44;185,98;67;1015,19;60;59;88,06;0;M;81;TOP CAU;0;10;;;0;0;1000;;0;0;0;0;8;;;;0;0;0;45485,75;-1000;266,43;0;1238,22;825,08;0,3;0,3;0;0;0;0;266,43;266,43
23/09/2026 17:26:43;31/08/2026;01/08/2026;31/08/2026;6;E;412;79;47752,53;93238,28;89614,21;3115,82;266,43;2175;2150;25;0;0;0;0;0;803,77;88810,44;185,98;67;1015,19;60;59;88,06;0;M;20;CATAFESTA;0;7;;;0;0;1016,28;;0;0;0;0;6;;;;0;0;0;45485,75;-1016,28;266,43;0;1238,22;825,08;0,3;0,3;0;0;0;0;266,43;266,43
23/09/2026 17:26:43;31/08/2026;01/08/2026;31/08/2026;6;E;412;79;47752,53;93238,28;89614,21;3115,82;266,43;2175;2150;25;0;0;0;0;0;803,77;88810,44;185,98;67;1015,19;60;59;88,06;0;M;59;CASA SUICA;0;6;1;16,67;0;0;1024,56;90,16;0;90,16;8,8;0;15;4;0;4;26,67;0;0;45485,75;-934,4;266,43;0;1238,22;825,08;0,3;0,3;0;0;0;0;266,43;266,43
23/09/2026 17:26:43;31/08/2026;01/08/2026;31/08/2026;26;E;413;72;67865;58771,4;58836,13;1754,93;0;2376;2084;292;0;0;0;0;0;2044,31;56791,82;83,68;61;2479,01;58;57;93,44;0;M;1;JAV;0;42;49;116,67;111,91;0;45691,79;37379,42;77,24;37302,18;81,64;0;1828;1012;3;1009;55,2;0;0;-9093,6;-8389,61;0;111,91;265,06;234,17;0;0;0;0;0;0;0;0
23/09/2026 17:26:43;31/08/2026;01/08/2026;31/08/2026;26;E;413;72;67865;58771,4;58836,13;1754,93;0;2376;2084;292;0;0;0;0;0;2044,31;56791,82;83,68;61;2479,01;58;57;93,44;0;M;52;GREEN;0;10;3;30;0;0;1148,26;265,3;46,51;218,79;19,05;0;15;5;1;4;26,67;0;0;-9093,6;-929,47;0;0;265,06;234,17;0;0;0;0;0;0;0;0
23/09/2026 17:26:43;31/08/2026;01/08/2026;31/08/2026;26;E;413;72;67865;58771,4;58836,13;1754,93;0;2376;2084;292;0;0;0;0;0;2044,31;56791,82;83,68;61;2479,01;58;57;93,44;0;M;53;CASAKM;0;9;13;144,44;18,51;0;1640,03;3515,46;1202,06;2313,4;141,06;0;39;97;50;47;120,51;7,17;12,03;-9093,6;673,37;0;30,54;265,06;234,17;0;0;0;0;0;0;0;0
23/09/2026 17:26:43;31/08/2026;01/08/2026;31/08/2026;26;E;413;72;67865;58771,4;58836,13;1754,93;0;2376;2084;292;0;0;0;0;0;2044,31;56791,82;83,68;61;2479,01;58;57;93,44;0;M;84;CAPRICHE;0;17;44;258,82;;0;2577,73;3652,46;697,06;2955,4;114,65;0;276;413;238;175;63,41;0;;-9093,6;377,67;0;;265,06;234,17;0;0;0;0;0;0;0;0
23/09/2026 17:26:43;31/08/2026;01/08/2026;31/08/2026;26;E;413;72;67865;58771,4;58836,13;1754,93;0;2376;2084;292;0;0;0;0;0;2044,31;56791,82;83,68;61;2479,01;58;57;93,44;0;M;69;GAMELEIRA;0;6;;;0;0;576,61;;0;0;0;0;9;;;;0;0;0;-9093,6;-576,61;0;0;265,06;234,17;0;0;0;0;0;0;0;0
23/09/2026 17:26:43;31/08/2026;01/08/2026;31/08/2026;26;E;413;72;67865;58771,4;58836,13;1754,93;0;2376;2084;292;0;0;0;0;0;2044,31;56791,82;83,68;61;2479,01;58;57;93,44;0;M;51;GUANABARA;0;8;1;12,5;0;0;826,53;237,44;0;237,44;28,73;0;9;2;0;2;22,22;0;0;-9093,6;-589,09;0;0;265,06;234,17;0;0;0;0;0;0;0;0
23/09/2026 17:26:43;31/08/2026;01/08/2026;31/08/2026;26;E;413;72;67865;58771,4;58836,13;1754,93;0;2376;2084;292;0;0;0;0;0;2044,31;56791,82;83,68;61;2479,01;58;57;93,44;0;M;6;SOL BEBIDAS;0;5;2;40;0;0;636,51;188,6;0;188,6;29,63;0;9;5;0;5;55,56;0;0;-9093,6;-447,91;0;0;265,06;234,17;0;0;0;0;0;0;0;0
23/09/2026 17:26:43;31/08/2026;01/08/2026;31/08/2026;26;E;413;72;67865;58771,4;58836,13;1754,93;0;2376;2084;292;0;0;0;0;0;2044,31;56791,82;83,68;61;2479,01;58;57;93,44;0;M;82;ZICO;0;10;1;10;0;0;3383,4;170;0;170;5,02;0;15;1;0;1;6,67;0;0;-9093,6;-3213,4;0;0;265,06;234,17;0;0;0;0;0;0;0;0
23/09/2026 17:26:43;31/08/2026;01/08/2026;31/08/2026;26;E;413;72;67865;58771,4;58836,13;1754,93;0;2376;2084;292;0;0;0;0;0;2044,31;56791,82;83,68;61;2479,01;58;57;93,44;0;M;66;COCO SHOW;0;9;10;111,11;8,58;0;1360,36;1073,04;0;1073,04;78,88;0;66;61;0;61;92,42;1,39;0;-9093,6;-287,32;0;8,58;265,06;234,17;0;0;0;0;0;0;0;0
23/09/2026 17:26:43;31/08/2026;01/08/2026;31/08/2026;26;E;413;72;67865;58771,4;58836,13;1754,93;0;2376;2084;292;0;0;0;0;0;2044,31;56791,82;83,68;61;2479,01;58;57;93,44;0;M;13;COPRA;0;17;18;105,88;15,73;0;2913,13;1965,74;0;1965,74;67,48;0;79;73;0;73;92,41;2,56;0;-9093,6;-947,39;0;15,73;265,06;234,17;0;0;0;0;0;0;0;0
23/09/2026 17:26:43;31/08/2026;01/08/2026;31/08/2026;26;E;413;72;67865;58771,4;58836,13;1754,93;0;2376;2084;292;0;0;0;0;0;2044,31;56791,82;83,68;61;2479,01;58;57;93,44;0;M;60;RICLAN;0;12;13;108,33;10,96;0;675,35;842,75;0;842,75;124,79;0;50;78;0;78;156;3,2;5,48;-9093,6;167,4;0;16,44;265,06;234,17;0;0;0;0;0;0;0;0
23/09/2026 17:26:43;31/08/2026;01/08/2026;31/08/2026;26;E;413;72;67865;58771,4;58836,13;1754,93;0;2376;2084;292;0;0;0;0;0;2044,31;56791,82;83,68;61;2479,01;58;57;93,44;0;M;61;DAVENE;0;9;;;0;0;573,52;;0;0;0;0;11;;;;0;0;0;-9093,6;-573,52;0;0;265,06;234,17;0;0;0;0;0;0;0;0
23/09/2026 17:26:43;31/08/2026;01/08/2026;31/08/2026;26;E;413;72;67865;58771,4;58836,13;1754,93;0;2376;2084;292;0;0;0;0;0;2044,31;56791,82;83,68;61;2479,01;58;57;93,44;0;M;44;JDE;0;32;29;90,63;17,11;0;63760,12;28518,91;0;28518,91;44,73;0;376;360;0;360;95,74;8,56;0;-9093,6;-35241,21;0;17,11;265,06;234,17;0;0;0;0;0;0;0;0
23/09/2026 17:26:43;31/08/2026;01/08/2026;31/08/2026;26;E;413;72;67865;58771,4;58836,13;1754,93;0;2376;2084;292;0;0;0;0;0;2044,31;56791,82;83,68;61;2479,01;58;57;93,44;0;M;65;MATUTA;0;10;;;0;0;689,48;;0;0;0;0;10;;;;0;0;0;-9093,6;-689,48;0;0;265,06;234,17;0;0;0;0;0;0;0;0
23/09/2026 17:26:43;31/08/2026;01/08/2026;31/08/2026;26;E;413;72;67865;58771,4;58836,13;1754,93;0;2376;2084;292;0;0;0;0;0;2044,31;56791,82;83,68;61;2479,01;58;57;93,44;0;M;63;BRACELL;0;6;7;116,67;17,5;0;1065,98;2187;0;2187;205,16;0;6;97;0;97;1616,67;6,78;11,37;-9093,6;1121,02;0;28,87;265,06;234,17;0;0;0;0;0;0;0;0
23/09/2026 17:26:43;31/08/2026;01/08/2026;31/08/2026;26;E;413;72;67865;58771,4;58836,13;1754,93;0;2376;2084;292;0;0;0;0;0;2044,31;56791,82;83,68;61;2479,01;58;57;93,44;0;M;74;BRAVA;0;10;6;60;0;0;686,08;768,4;0;768,4;112;0;16;15;0;15;93,75;1,23;4,99;-9093,6;82,32;0;4,99;265,06;234,17;0;0;0;0;0;0;0;0
23/09/2026 17:26:43;31/08/2026;01/08/2026;31/08/2026;26;E;413;72;67865;58771,4;58836,13;1754,93;0;2376;2084;292;0;0;0;0;0;2044,31;56791,82;83,68;61;2479,01;58;57;93,44;0;M;18;SABORELLE - RACAO;0;8;;;0;0;618,24;;0;0;0;0;5;;;;0;0;0;-9093,6;-618,24;0;0;265,06;234,17;0;0;0;0;0;0;0;0
23/09/2026 17:26:43;31/08/2026;01/08/2026;31/08/2026;26;E;413;72;67865;58771,4;58836,13;1754,93;0;2376;2084;292;0;0;0;0;0;2044,31;56791,82;83,68;61;2479,01;58;57;93,44;0;M;47;SOFFIE;0;5;;;0;0;608,84;;0;0;0;0;5;;;;0;0;0;-9093,6;-608,84;0;0;265,06;234,17;0;0;0;0;0;0;0;0
23/09/2026 17:26:43;31/08/2026;01/08/2026;31/08/2026;26;E;413;72;67865;58771,4;58836,13;1754,93;0;2376;2084;292;0;0;0;0;0;2044,31;56791,82;83,68;61;2479,01;58;57;93,44;0;M;20;CATAFESTA;0;9;;;0;0;502,18;;0;0;0;0;10;;;;0;0;0;-9093,6;-502,18;0;0;265,06;234,17;0;0;0;0;0;0;0;0
23/09/2026 17:26:43;31/08/2026;01/08/2026;31/08/2026;26;E;413;72;67865;58771,4;58836,13;1754,93;0;2376;2084;292;0;0;0;0;0;2044,31;56791,82;83,68;61;2479,01;58;57;93,44;0;M;83;ROBINSON CRUSOE;0;2;1;50;0;0;565,53;60,71;0;60,71;10,74;0;5;1;0;1;20;0;0;-9093,6;-504,82;0;0;265,06;234,17;0;0;0;0;0;0;0;0
23/09/2026 17:26:43;31/08/2026;01/08/2026;31/08/2026;26;E;413;72;67865;58771,4;58836,13;1754,93;0;2376;2084;292;0;0;0;0;0;2044,31;56791,82;83,68;61;2479,01;58;57;93,44;0;M;15;QUEIJOS LELO;0;11;2;18,18;0;0;621,8;287,52;0;287,52;46,24;0;10;2;0;2;20;0;0;-9093,6;-334,28;0;0;265,06;234,17;0;0;0;0;0;0;0;0
23/09/2026 17:26:43;31/08/2026;01/08/2026;31/08/2026;26;E;413;72;67865;58771,4;58836,13;1754,93;0;2376;2084;292;0;0;0;0;0;2044,31;56791,82;83,68;61;2479,01;58;57;93,44;0;M;72;FRANBA;0;10;2;20;0;0;504,5;181,34;0;181,34;35,94;0;6;2;0;2;33,33;0;0;-9093,6;-323,16;0;0;265,06;234,17;0;0;0;0;0;0;0;0
23/09/2026 17:26:43;31/08/2026;01/08/2026;31/08/2026;6;E;424;140;79194,15;153405,2;151931,12;2419,3;428,23;4693;4467;226;0;0;0;0;0;9187,62;142743,5;180,25;119;2109,98;83;83;69,75;0;M;2;MARILAN;0;83;70;84,34;0;0;95967,84;97487,01;7856,28;89630,73;93,4;0;2349;3409;185;3224;137,25;107,56;71,7;74211,05;-6337,11;428,23;71,7;1129,88;587,43;0,3;0,3;0;0;0;0;428,23;428,23
23/09/2026 17:26:43;31/08/2026;01/08/2026;31/08/2026;26;E;45;211;154598;138874,63;136086,3;2828,34;0;5039;4962;77;0;0;0;0;0;2212,56;133873,74;86,59;179;4519,01;162;164;91,62;0;M;69;GAMELEIRA;0;10;7;70;0;0;646;647,05;0;647,05;100,16;0;12;10;0;10;83,33;0;3,24;-15723,37;1,05;0;3,24;671,28;330,34;0;0,2;0;0;0;0;267,75;267,75
23/09/2026 17:26:43;31/08/2026;01/08/2026;31/08/2026;26;E;45;211;154598;138874,63;136086,3;2828,34;0;5039;4962;77;0;0;0;0;0;2212,56;133873,74;86,59;179;4519,01;162;164;91,62;0;M;74;BRAVA;0;14;8;57,14;0;0;893,89;401,5;0;401,5;44,92;0;19;9;0;9;47,37;0;0;-15723,37;-492,39;0;0;671,28;330,34;0;0,2;0;0;0;0;267,75;267,75
23/09/2026 17:26:43;31/08/2026;01/08/2026;31/08/2026;26;E;45;211;154598;138874,63;136086,3;2828,34;0;5039;4962;77;0;0;0;0;0;2212,56;133873,74;86,59;179;4519,01;162;164;91,62;0;M;61;DAVENE;0;30;1;3,33;0;0;2136,47;48,9;0;48,9;2,29;0;68;6;0;6;8,82;0;0;-15723,37;-2087,57;0;0;671,28;330,34;0;0,2;0;0;0;0;267,75;267,75
23/09/2026 17:26:43;31/08/2026;01/08/2026;31/08/2026;26;E;45;211;154598;138874,63;136086,3;2828,34;0;5039;4962;77;0;0;0;0;0;2212,56;133873,74;86,59;179;4519,01;162;164;91,62;0;M;65;MATUTA;0;9;1;11,11;0;0;807,61;101,52;0;101,52;12,57;0;10;3;0;3;30;0;0;-15723,37;-706,09;0;0;671,28;330,34;0;0,2;0;0;0;0;267,75;267,75
23/09/2026 17:26:43;31/08/2026;01/08/2026;31/08/2026;26;E;45;211;154598;138874,63;136086,3;2828,34;0;5039;4962;77;0;0;0;0;0;2212,56;133873,74;86,59;179;4519,01;162;164;91,62;0;M;83;ROBINSON CRUSOE;0;20;22;110;69,23;0;3085,37;5769,33;0;5769,33;186,99;0;28;51;0;51;182,14;21,92;46,15;-15723,37;2683,96;0;115,38;671,28;330,34;0;0,2;0;0;0;0;267,75;267,75
23/09/2026 17:26:43;31/08/2026;01/08/2026;31/08/2026;26;E;45;211;154598;138874,63;136086,3;2828,34;0;5039;4962;77;0;0;0;0;0;2212,56;133873,74;86,59;179;4519,01;162;164;91,62;0;M;51;GUANABARA;0;18;7;38,89;0;0;2339,58;1569,61;0;1569,61;67,09;0;21;11;0;11;52,38;0;0;-15723,37;-769,97;0;0;671,28;330,34;0;0,2;0;0;0;0;267,75;267,75
23/09/2026 17:26:43;31/08/2026;01/08/2026;31/08/2026;26;E;45;211;154598;138874,63;136086,3;2828,34;0;5039;4962;77;0;0;0;0;0;2212,56;133873,74;86,59;179;4519,01;162;164;91,62;0;M;72;FRANBA;0;10;4;40;0;0;538,35;346,44;0;346,44;64,35;0;8;4;0;4;50;0;0;-15723,37;-191,91;0;0;671,28;330,34;0;0,2;0;0;0;0;267,75;267,75
23/09/2026 17:26:43;31/08/2026;01/08/2026;31/08/2026;26;E;45;211;154598;138874,63;136086,3;2828,34;0;5039;4962;77;0;0;0;0;0;2212,56;133873,74;86,59;179;4519,01;162;164;91,62;0;M;13;COPRA;0;53;41;77,36;0;0;11630,21;8748,32;0;8748,32;75,22;0;291;190;0;190;65,29;0;0;-15723,37;-2881,89;0;0;671,28;330,34;0;0,2;0;0;0;0;267,75;267,75
23/09/2026 17:26:43;31/08/2026;01/08/2026;31/08/2026;19;B;70;115;160008;164483,7;173702,2;4911,63;346,43;9177;9154;23;0;0;0;0;0;485,77;173216,43;108,25;98;7033;102;100;102,04;519,64929;M;1;JAV;0;103;98;95,15;195,2;0;122945,7;150476,96;325,65;150151,31;122,13;0;6177;5450;14;5436;88;75,08;225,23;4475,7;27205,61;346,43;420,43;2007,29929;1404,47929;0,2;0,3;0,3;0;0;0;519,65;519,65
23/09/2026 17:26:43;31/08/2026;01/08/2026;31/08/2026;19;B;70;115;160008;164483,7;173702,2;4911,63;346,43;9177;9154;23;0;0;0;0;0;485,77;173216,43;108,25;98;7033;102;100;102,04;519,64929;M;44;JDE;0;103;83;80,58;0;0;337067,91;214123,33;253,05;213870,28;63,45;0;3961;3130;7;3123;78,84;0;0;4475,7;-123197,63;346,43;0;2007,29929;1404,47929;0,2;0,3;0,3;0;0;0;519,65;519,65
23/09/2026 17:26:43;31/08/2026;01/08/2026;31/08/2026;19;B;70;115;160008;164483,7;173702,2;4911,63;346,43;9177;9154;23;0;0;0;0;0;485,77;173216,43;108,25;98;7033;102;100;102,04;519,64929;M;66;COCO SHOW;0;29;15;51,72;0;0;6315,84;3476,01;160,12;3315,89;52,5;0;395;251;2;249;63,04;0;0;4475,7;-2999,95;346,43;0;2007,29929;1404,47929;0,2;0,3;0,3;0;0;0;519,65;519,65
23/09/2026 17:26:43;31/08/2026;01/08/2026;31/08/2026;19;B;70;115;160008;164483,7;173702,2;4911,63;346,43;9177;9154;23;0;0;0;0;0;485,77;173216,43;108,25;98;7033;102;100;102,04;519,64929;M;72;FRANBA;0;11;2;18,18;0;0;1722,76;165,1;0;165,1;9,58;0;13;2;0;2;15,38;0;0;4475,7;-1557,66;346,43;0;2007,29929;1404,47929;0,2;0,3;0,3;0;0;0;519,65;519,65
23/09/2026 17:26:43;31/08/2026;01/08/2026;31/08/2026;19;B;70;115;160008;164483,7;173702,2;4911,63;346,43;9177;9154;23;0;0;0;0;0;485,77;173216,43;108,25;98;7033;102;100;102,04;519,64929;M;6;SOL BEBIDAS;0;14;8;57,14;0;0;1506,96;1165,44;0;1165,44;77,34;0;35;29;0;29;82,86;0;0;4475,7;-341,52;346,43;0;2007,29929;1404,47929;0,2;0,3;0,3;0;0;0;519,65;519,65
23/09/2026 17:26:43;31/08/2026;01/08/2026;31/08/2026;19;B;70;115;160008;164483,7;173702,2;4911,63;346,43;9177;9154;23;0;0;0;0;0;485,77;173216,43;108,25;98;7033;102;100;102,04;519,64929;M;74;BRAVA;0;10;10;100;65,23;0;8073,38;5017,59;0;5017,59;62,15;0;120;91;0;91;75,83;0;0;4475,7;-3055,79;346,43;65,23;2007,29929;1404,47929;0,2;0,3;0,3;0;0;0;519,65;519,65
23/09/2026 17:26:43;31/08/2026;01/08/2026;31/08/2026;19;B;70;115;160008;164483,7;173702,2;4911,63;346,43;9177;9154;23;0;0;0;0;0;485,77;173216,43;108,25;98;7033;102;100;102,04;519,64929;M;69;GAMELEIRA;0;11;4;36,36;0;0;1028;589,33;0;589,33;57,33;0;16;8;0;8;50;0;0;4475,7;-438,67;346,43;0;2007,29929;1404,47929;0,2;0,3;0,3;0;0;0;519,65;519,65
23/09/2026 17:26:43;31/08/2026;01/08/2026;31/08/2026;19;B;70;115;160008;164483,7;173702,2;4911,63;346,43;9177;9154;23;0;0;0;0;0;485,77;173216,43;108,25;98;7033;102;100;102,04;519,64929;M;65;MATUTA;0;20;1;5;0;0;1000;238,93;0;238,93;23,89;0;15;3;0;3;20;0;0;4475,7;-761,07;346,43;0;2007,29929;1404,47929;0,2;0,3;0,3;0;0;0;519,65;519,65
23/09/2026 17:26:43;31/08/2026;01/08/2026;31/08/2026;19;B;70;115;160008;164483,7;173702,2;4911,63;346,43;9177;9154;23;0;0;0;0;0;485,77;173216,43;108,25;98;7033;102;100;102,04;519,64929;M;83;ROBINSON CRUSOE;0;22;12;54,55;0;0;3494,85;5323,36;0;5323,36;152,32;0;54;44;0;44;81,48;0;42,59;4475,7;1828,51;346,43;42,59;2007,29929;1404,47929;0,2;0,3;0,3;0;0;0;519,65;519,65
23/09/2026 17:26:43;31/08/2026;01/08/2026;31/08/2026;19;B;70;115;160008;164483,7;173702,2;4911,63;346,43;9177;9154;23;0;0;0;0;0;485,77;173216,43;108,25;98;7033;102;100;102,04;519,64929;M;63;BRACELL;0;21;16;76,19;0;0;2026,46;2537,08;0;2537,08;125,2;0;40;65;0;65;162,5;7,86;10,15;4475,7;510,62;346,43;10,15;2007,29929;1404,47929;0,2;0,3;0,3;0;0;0;519,65;519,65
23/09/2026 17:26:43;31/08/2026;01/08/2026;31/08/2026;19;B;70;115;160008;164483,7;173702,2;4911,63;346,43;9177;9154;23;0;0;0;0;0;485,77;173216,43;108,25;98;7033;102;100;102,04;519,64929;M;82;ZICO;0;10;;;0;0;4000;;0;0;0;0;10;;;;0;0;0;4475,7;-4000;346,43;0;2007,29929;1404,47929;0,2;0,3;0,3;0;0;0;519,65;519,65
23/09/2026 17:26:43;31/08/2026;01/08/2026;31/08/2026;19;B;70;115;160008;164483,7;173702,2;4911,63;346,43;9177;9154;23;0;0;0;0;0;485,77;173216,43;108,25;98;7033;102;100;102,04;519,64929;M;61;DAVENE;0;13;1;7,69;0;0;1000;142,2;0;142,2;14,22;0;39;36;0;36;92,31;0,23;0;4475,7;-857,8;346,43;0;2007,29929;1404,47929;0,2;0,3;0,3;0;0;0;519,65;519,65
23/09/2026 17:26:43;31/08/2026;01/08/2026;31/08/2026;19;B;70;115;160008;164483,7;173702,2;4911,63;346,43;9177;9154;23;0;0;0;0;0;485,77;173216,43;108,25;98;7033;102;100;102,04;519,64929;M;52;GREEN;0;37;28;75,68;0;0;6894,18;4267,59;0;4267,59;61,9;0;119;65;0;65;54,62;0;0;4475,7;-2626,59;346,43;0;2007,29929;1404,47929;0,2;0,3;0,3;0;0;0;519,65;519,65
23/09/2026 17:26:43;31/08/2026;01/08/2026;31/08/2026;13;E;76;157;283138;283857,43;266380,69;8447,49;261,29;10808;10566;242;0;0;0;0;0;5088,31;261292,38;92,28;133;8954;125;124;93,23;0;M;1;JAV;0;95;111;116,84;405,13;0;147317,32;137255,38;2213;135042,38;91,67;0;5902;5127;121;5006;84,82;0;135,04;719,43;-12274,94;261,29;540,17;2780,44;1716,66;0;0,3;0;0;0;0;783,88;783,88
23/09/2026 17:26:43;31/08/2026;01/08/2026;31/08/2026;13;E;76;157;283138;283857,43;266380,69;8447,49;261,29;10808;10566;242;0;0;0;0;0;5088,31;261292,38;92,28;133;8954;125;124;93,23;0;M;2;MARILAN;0;43;46;106,98;128,85;0;35860,99;42990,17;41,07;42949,1;119,77;0;802;1071;1;1070;133,42;51,54;85,9;719,43;7088,11;261,29;214,75;2780,44;1716,66;0;0,3;0;0;0;0;783,88;783,88
23/09/2026 17:26:43;31/08/2026;01/08/2026;31/08/2026;13;E;76;157;283138;283857,43;266380,69;8447,49;261,29;10808;10566;242;0;0;0;0;0;5088,31;261292,38;92,28;133;8954;125;124;93,23;0;M;13;COPRA;0;62;42;67,74;0;0;22054,64;12097,43;198,32;11899,11;53,95;0;540;234;8;226;41,85;0;0;719,43;-10155,53;261,29;0;2780,44;1716,66;0;0,3;0;0;0;0;783,88;783,88
23/09/2026 17:26:43;31/08/2026;01/08/2026;31/08/2026;13;E;76;157;283138;283857,43;266380,69;8447,49;261,29;10808;10566;242;0;0;0;0;0;5088,31;261292,38;92,28;133;8954;125;124;93,23;0;M;18;SABORELLE - RACAO;0;39;13;33,33;0;0;10850;8546,28;150,64;8395,64;77,38;0;48;53;1;52;108,33;26,03;0;719,43;-2454,36;261,29;0;2780,44;1716,66;0;0,3;0;0;0;0;783,88;783,88
23/09/2026 17:26:43;31/08/2026;01/08/2026;31/08/2026;13;E;76;157;283138;283857,43;266380,69;8447,49;261,29;10808;10566;242;0;0;0;0;0;5088,31;261292,38;92,28;133;8954;125;124;93,23;0;M;44;JDE;0;79;72;91,14;63,88;0;70749,21;106760,05;297,79;106462,26;150,48;0;2456;2648;73;2575;104,85;63,88;106,46;719,43;35713,05;261,29;170,34;2780,44;1716,66;0;0,3;0;0;0;0;783,88;783,88
23/09/2026 17:26:43;31/08/2026;01/08/2026;31/08/2026;13;E;76;157;283138;283857,43;266380,69;8447,49;261,29;10808;10566;242;0;0;0;0;0;5088,31;261292,38;92,28;133;8954;125;124;93,23;0;M;53;CASAKM;0;56;68;121,43;245,59;0;20051,19;32506,4;1807,49;30698,91;153,1;0;494;628;17;611;123,68;95,17;159,63;719,43;10647,72;261,29;405,22;2780,44;1716,66;0;0,3;0;0;0;0;783,88;783,88
23/09/2026 17:26:43;31/08/2026;01/08/2026;31/08/2026;20;E;341;698;984830;5968,42;5968,42;2245,18;0;2993;2983;10;0;0;0;0;0;0;5968,42;0,61;593;29678,02;1;1;0,17;0;M;63;BRACELL;0;129;;;0;0;40640,76;;0;0;0;0;1014;;;;0;0;0;-978861,58;-40640,76;0;0;0;0;0;0;0;0;0;0;0;0
23/09/2026 17:26:43;31/08/2026;01/08/2026;31/08/2026;20;E;341;698;984830;5968,42;5968,42;2245,18;0;2993;2983;10;0;0;0;0;0;0;5968,42;0,61;593;29678,02;1;1;0,17;0;M;69;GAMELEIRA;0;70;;;0;0;7308,69;;0;0;0;0;122;;;;0;0;0;-978861,58;-7308,69;0;0;0;0;0;0;0;0;0;0;0;0
23/09/2026 17:26:43;31/08/2026;01/08/2026;31/08/2026;20;E;341;698;984830;5968,42;5968,42;2245,18;0;2993;2983;10;0;0;0;0;0;0;5968,42;0,61;593;29678,02;1;1;0,17;0;M;83;ROBINSON CRUSOE;0;70;;;0;0;12489,8;;0;0;0;0;110;;;;0;0;0;-978861,58;-12489,8;0;0;0;0;0;0;0;0;0;0;0;0
23/09/2026 17:26:43;31/08/2026;01/08/2026;31/08/2026;20;E;341;698;984830;5968,42;5968,42;2245,18;0;2993;2983;10;0;0;0;0;0;0;5968,42;0,61;593;29678,02;1;1;0,17;0;M;18;SABORELLE - RACAO;0;70;;;0;0;21674,83;;0;0;0;0;143;;;;0;0;0;-978861,58;-21674,83;0;0;0;0;0;0;0;0;0;0;0;0
23/09/2026 17:26:43;31/08/2026;01/08/2026;31/08/2026;20;E;341;698;984830;5968,42;5968,42;2245,18;0;2993;2983;10;0;0;0;0;0;0;5968,42;0,61;593;29678,02;1;1;0,17;0;M;61;DAVENE;0;70;;;0;0;6000;;0;0;0;0;158;;;;0;0;0;-978861,58;-6000;0;0;0;0;0;0;0;0;0;0;0;0
23/09/2026 17:26:43;31/08/2026;01/08/2026;31/08/2026;20;E;341;698;984830;5968,42;5968,42;2245,18;0;2993;2983;10;0;0;0;0;0;0;5968,42;0,61;593;29678,02;1;1;0,17;0;M;60;RICLAN;0;108;;;0;0;18423,53;;0;0;0;0;1042;;;;0;0;0;-978861,58;-18423,53;0;0;0;0;0;0;0;0;0;0;0;0
23/09/2026 17:26:43;31/08/2026;01/08/2026;31/08/2026;20;E;341;698;984830;5968,42;5968,42;2245,18;0;2993;2983;10;0;0;0;0;0;0;5968,42;0,61;593;29678,02;1;1;0,17;0;M;51;GUANABARA;0;70;;;0;0;7957,12;;0;0;0;0;63;;;;0;0;0;-978861,58;-7957,12;0;0;0;0;0;0;0;0;0;0;0;0
23/09/2026 17:26:43;31/08/2026;01/08/2026;31/08/2026;20;E;341;698;984830;5968,42;5968,42;2245,18;0;2993;2983;10;0;0;0;0;0;0;5968,42;0,61;593;29678,02;1;1;0,17;0;M;52;GREEN;0;70;;;0;0;12252,01;;0;0;0;0;198;;;;0;0;0;-978861,58;-12252,01;0;0;0;0;0;0;0;0;0;0;0;0
23/09/2026 17:26:43;31/08/2026;01/08/2026;31/08/2026;20;E;341;698;984830;5968,42;5968,42;2245,18;0;2993;2983;10;0;0;0;0;0;0;5968,42;0,61;593;29678,02;1;1;0,17;0;M;74;BRAVA;0;70;1;1,43;0;0;15828,41;2245;0;2245;14,18;0;319;50;0;50;15,67;0;0;-978861,58;-13583,41;0;0;0;0;0;0;0;0;0;0;0;0
23/09/2026 17:26:43;31/08/2026;01/08/2026;31/08/2026;19;E;343;105;141436;106529,53;108726,94;2909,05;0;5666;5662;4;0;0;0;0;0;99,9;108627,04;76,8;89;4625,02;93;91;102,25;325,88112;M;1;JAV;0;94;83;88,3;93,05;0;101787,99;71620,6;44,84;71575,76;70,32;0;3815;2990;2;2988;78,32;0;0;-34906,47;-30212,23;0;93,05;1218,76112;794,54112;0;0,3;0,3;0;0;0;325,88;325,88
23/09/2026 17:26:43;31/08/2026;01/08/2026;31/08/2026;19;E;343;105;141436;106529,53;108726,94;2909,05;0;5666;5662;4;0;0;0;0;0;99,9;108627,04;76,8;89;4625,02;93;91;102,25;325,88112;M;44;JDE;0;77;65;84,42;0;0;175346,83;113144,41;225,95;112918,46;64,4;0;2703;1840;1;1839;68,04;0;0;-34906,47;-62428,37;0;0;1218,76112;794,54112;0;0,3;0,3;0;0;0;325,88;325,88
23/09/2026 17:26:43;31/08/2026;01/08/2026;31/08/2026;19;E;343;105;141436;106529,53;108726,94;2909,05;0;5666;5662;4;0;0;0;0;0;99,9;108627,04;76,8;89;4625,02;93;91;102,25;325,88112;M;69;GAMELEIRA;0;15;11;73,33;0;0;1000,96;3958,98;55,06;3903,92;390,02;0;52;63;1;62;119,23;14,83;19,52;-34906,47;2902,96;0;19,52;1218,76112;794,54112;0;0,3;0,3;0;0;0;325,88;325,88
23/09/2026 17:26:43;31/08/2026;01/08/2026;31/08/2026;19;E;343;105;141436;106529,53;108726,94;2909,05;0;5666;5662;4;0;0;0;0;0;99,9;108627,04;76,8;89;4625,02;93;91;102,25;325,88112;M;72;FRANBA;0;13;1;7,69;0;0;1000,93;80,9;0;80,9;8,08;0;18;1;0;1;5,56;0;0;-34906,47;-920,03;0;0;1218,76112;794,54112;0;0,3;0,3;0;0;0;325,88;325,88
23/09/2026 17:26:43;31/08/2026;01/08/2026;31/08/2026;19;E;343;105;141436;106529,53;108726,94;2909,05;0;5666;5662;4;0;0;0;0;0;99,9;108627,04;76,8;89;4625,02;93;91;102,25;325,88112;M;52;GREEN;0;16;7;43,75;0;0;4346,64;2165,68;0;2165,68;49,82;0;41;27;0;27;65,85;0;0;-34906,47;-2180,96;0;0;1218,76112;794,54112;0;0,3;0,3;0;0;0;325,88;325,88
23/09/2026 17:26:43;31/08/2026;01/08/2026;31/08/2026;19;E;343;105;141436;106529,53;108726,94;2909,05;0;5666;5662;4;0;0;0;0;0;99,9;108627,04;76,8;89;4625,02;93;91;102,25;325,88112;M;6;SOL BEBIDAS;0;9;3;33,33;0;0;1194,38;114,94;0;114,94;9,62;0;35;3;0;3;8,57;0;0;-34906,47;-1079,44;0;0;1218,76112;794,54112;0;0,3;0,3;0;0;0;325,88;325,88
23/09/2026 17:26:43;31/08/2026;01/08/2026;31/08/2026;19;E;343;105;141436;106529,53;108726,94;2909,05;0;5666;5662;4;0;0;0;0;0;99,9;108627,04;76,8;89;4625,02;93;91;102,25;325,88112;M;82;ZICO;0;10;;;0;0;1000;;0;0;0;0;10;;;;0;0;0;-34906,47;-1000;0;0;1218,76112;794,54112;0;0,3;0,3;0;0;0;325,88;325,88
23/09/2026 17:26:43;31/08/2026;01/08/2026;31/08/2026;19;E;343;105;141436;106529,53;108726,94;2909,05;0;5666;5662;4;0;0;0;0;0;99,9;108627,04;76,8;89;4625,02;93;91;102,25;325,88112;M;66;COCO SHOW;0;34;37;108,82;37,71;0;4172,18;4713,34;0;4713,34;112,97;0;275;251;0;251;91,27;6,13;18,85;-34906,47;541,16;0;56,56;1218,76112;794,54112;0;0,3;0,3;0;0;0;325,88;325,88
23/09/2026 17:26:43;31/08/2026;01/08/2026;31/08/2026;19;E;343;105;141436;106529,53;108726,94;2909,05;0;5666;5662;4;0;0;0;0;0;99,9;108627,04;76,8;89;4625,02;93;91;102,25;325,88112;M;63;BRACELL;0;28;29;103,57;199,69;0;14805,84;24960,74;0;24960,74;168,59;0;276;462;0;462;167,39;77,38;99,84;-34906,47;10154,9;0;299,53;1218,76112;794,54112;0;0,3;0,3;0;0;0;325,88;325,88
23/09/2026 17:26:43;31/08/2026;01/08/2026;31/08/2026;19;E;343;105;141436;106529,53;108726,94;2909,05;0;5666;5662;4;0;0;0;0;0;99,9;108627,04;76,8;89;4625,02;93;91;102,25;325,88112;M;83;ROBINSON CRUSOE;0;17;4;23,53;0;0;10127,96;860,24;0;860,24;8,49;0;49;7;0;7;14,29;0;0;-34906,47;-9267,72;0;0;1218,76112;794,54112;0;0,3;0,3;0;0;0;325,88;325,88
23/09/2026 17:26:43;31/08/2026;01/08/2026;31/08/2026;19;E;343;105;141436;106529,53;108726,94;2909,05;0;5666;5662;4;0;0;0;0;0;99,9;108627,04;76,8;89;4625,02;93;91;102,25;325,88112;M;65;MATUTA;0;20;;;0;0;1000;;0;0;0;0;10;;;;0;0;0;-34906,47;-1000;0;0;1218,76112;794,54112;0;0,3;0,3;0;0;0;325,88;325,88
23/09/2026 17:26:43;31/08/2026;01/08/2026;31/08/2026;19;E;343;105;141436;106529,53;108726,94;2909,05;0;5666;5662;4;0;0;0;0;0;99,9;108627,04;76,8;89;4625,02;93;91;102,25;325,88112;M;61;DAVENE;0;9;1;11,11;0;0;1000;167,72;0;167,72;16,77;0;44;20;0;20;45,45;0;0;-34906,47;-832,28;0;0;1218,76112;794,54112;0;0,3;0,3;0;0;0;325,88;325,88
23/09/2026 17:26:43;31/08/2026;01/08/2026;31/08/2026;6;E;424;140;79194,15;153405,2;151931,12;2419,3;428,23;4693;4467;226;0;0;0;0;0;9187,62;142743,5;180,25;119;2109,98;83;83;69,75;0;M;13;COPRA;0;60;37;61,67;0;0;12996,53;10725,61;94,22;10631,39;81,8;0;552;355;1;354;64,13;0;0;74211,05;-2365,14;428,23;0;1129,88;587,43;0,3;0,3;0;0;0;0;428,23;428,23
23/09/2026 17:26:43;31/08/2026;01/08/2026;31/08/2026;6;E;424;140;79194,15;153405,2;151931,12;2419,3;428,23;4693;4467;226;0;0;0;0;0;9187,62;142743,5;180,25;119;2109,98;83;83;69,75;0;M;53;CASAKM;0;64;43;67,19;0;0;33054;31802,67;277,2;31525,47;95,38;0;865;602;3;599;69,25;0;63,05;74211,05;-1528,53;428,23;63,05;1129,88;587,43;0,3;0,3;0;0;0;0;428,23;428,23
23/09/2026 17:26:43;31/08/2026;01/08/2026;31/08/2026;6;E;424;140;79194,15;153405,2;151931,12;2419,3;428,23;4693;4467;226;0;0;0;0;0;9187,62;142743,5;180,25;119;2109,98;83;83;69,75;0;M;60;RICLAN;0;55;46;83,64;0;0;2662,65;2941,64;543,32;2398,32;90,07;0;306;218;31;187;61,11;0;6;74211,05;-264,33;428,23;6;1129,88;587,43;0,3;0,3;0;0;0;0;428,23;428,23
23/09/2026 17:26:43;31/08/2026;01/08/2026;31/08/2026;6;E;424;140;79194,15;153405,2;151931,12;2419,3;428,23;4693;4467;226;0;0;0;0;0;9187,62;142743,5;180,25;119;2109,98;83;83;69,75;0;M;74;BRAVA;0;15;17;113,33;15,47;0;1361,89;1440,34;250;1190,34;87,4;0;27;28;5;23;85,19;1,9;2,98;74211,05;-171,55;428,23;18,45;1129,88;587,43;0,3;0,3;0;0;0;0;428,23;428,23
23/09/2026 17:26:43;31/08/2026;01/08/2026;31/08/2026;6;E;424;140;79194,15;153405,2;151931,12;2419,3;428,23;4693;4467;226;0;0;0;0;0;9187,62;142743,5;180,25;119;2109,98;83;83;69,75;0;M;82;ZICO;0;35;5;14,29;0;0;1000;834,7;166,6;668,1;66,81;0;35;5;1;4;11,43;0;0;74211,05;-331,9;428,23;0;1129,88;587,43;0,3;0,3;0;0;0;0;428,23;428,23
23/09/2026 17:26:43;31/08/2026;01/08/2026;31/08/2026;6;E;424;140;79194,15;153405,2;151931,12;2419,3;428,23;4693;4467;226;0;0;0;0;0;9187,62;142743,5;180,25;119;2109,98;83;83;69,75;0;M;59;CASA SUICA;0;21;;;0;0;2674,18;;0;0;0;0;15;;;;0;0;0;74211,05;-2674,18;428,23;0;1129,88;587,43;0,3;0,3;0;0;0;0;428,23;428,23
23/09/2026 17:26:43;31/08/2026;01/08/2026;31/08/2026;6;E;424;140;79194,15;153405,2;151931,12;2419,3;428,23;4693;4467;226;0;0;0;0;0;9187,62;142743,5;180,25;119;2109,98;83;83;69,75;0;M;20;CATAFESTA;0;9;;;0;0;1796,89;;0;0;0;0;19;;;;0;0;0;74211,05;-1796,89;428,23;0;1129,88;587,43;0,3;0,3;0;0;0;0;428,23;428,23
23/09/2026 17:26:43;31/08/2026;01/08/2026;31/08/2026;6;E;424;140;79194,15;153405,2;151931,12;2419,3;428,23;4693;4467;226;0;0;0;0;0;9187,62;142743,5;180,25;119;2109,98;83;83;69,75;0;M;51;GUANABARA;0;21;6;28,57;0;0;3790,15;1748,25;0;1748,25;46,13;0;22;18;0;18;81,82;0;0;74211,05;-2041,9;428,23;0;1129,88;587,43;0,3;0,3;0;0;0;0;428,23;428,23
23/09/2026 17:26:43;31/08/2026;01/08/2026;31/08/2026;6;E;424;140;79194,15;153405,2;151931,12;2419,3;428,23;4693;4467;226;0;0;0;0;0;9187,62;142743,5;180,25;119;2109,98;83;83;69,75;0;M;47;SOFFIE;0;24;;;0;0;1200,01;;0;0;0;0;102;;;;0;0;0;74211,05;-1200,01;428,23;0;1129,88;587,43;0,3;0,3;0;0;0;0;428,23;428,23
23/09/2026 17:26:43;31/08/2026;01/08/2026;31/08/2026;6;E;424;140;79194,15;153405,2;151931,12;2419,3;428,23;4693;4467;226;0;0;0;0;0;9187,62;142743,5;180,25;119;2109,98;83;83;69,75;0;M;81;TOP CAU;0;52;;;0;0;1030,01;;0;0;0;0;70;;;;0;0;0;74211,05;-1030,01;428,23;0;1129,88;587,43;0,3;0,3;0;0;0;0;428,23;428,23
23/09/2026 17:26:43;31/08/2026;01/08/2026;31/08/2026;6;E;424;140;79194,15;153405,2;151931,12;2419,3;428,23;4693;4467;226;0;0;0;0;0;9187,62;142743,5;180,25;119;2109,98;83;83;69,75;0;M;18;SABORELLE - RACAO;0;17;13;76,47;0;0;6010,44;3661,91;0;3661,91;60,93;0;46;40;0;40;86,96;4,76;0;74211,05;-2348,53;428,23;0;1129,88;587,43;0,3;0,3;0;0;0;0;428,23;428,23
23/09/2026 17:26:43;31/08/2026;01/08/2026;31/08/2026;6;E;424;140;79194,15;153405,2;151931,12;2419,3;428,23;4693;4467;226;0;0;0;0;0;9187,62;142743,5;180,25;119;2109,98;83;83;69,75;0;M;15;QUEIJOS LELO;0;23;7;30,43;0;0;2387;1225,36;0;1225,36;51,33;0;13;9;0;9;69,23;0;0;74211,05;-1161,64;428,23;0;1129,88;587,43;0,3;0,3;0;0;0;0;428,23;428,23
23/09/2026 17:26:43;31/08/2026;01/08/2026;31/08/2026;19;E;425;67;117332;75751,97;66858,45;1340,43;0;2889;2877;12;0;0;0;0;0;575,15;66283,3;56,49;57;3216,93;54;52;91,23;0;M;1;JAV;0;45;45;100;116,67;0;60685,3;39099,55;210,6;38888,95;64,08;0;1693;1421;2;1419;83,82;0;0;-41580,03;-21796,35;0;116,67;188,08;163,12;0;0;0;0;0;0;0;0
23/09/2026 17:26:43;31/08/2026;01/08/2026;31/08/2026;19;E;425;67;117332;75751,97;66858,45;1340,43;0;2889;2877;12;0;0;0;0;0;575,15;66283,3;56,49;57;3216,93;54;52;91,23;0;M;2;MARILAN;0;24;11;45,83;0;0;12855,96;12747,04;32,82;12714,22;98,9;0;580;586;2;584;100,69;15,26;10,17;-41580,03;-141,74;0;10,17;188,08;163,12;0;0;0;0;0;0;0;0
23/09/2026 17:26:43;31/08/2026;01/08/2026;31/08/2026;19;E;425;67;117332;75751,97;66858,45;1340,43;0;2889;2877;12;0;0;0;0;0;575,15;66283,3;56,49;57;3216,93;54;52;91,23;0;M;6;SOL BEBIDAS;0;9;4;44,44;0;0;1050,81;982,56;73,58;908,98;86,5;0;15;30;2;28;186,67;3,45;2,27;-41580,03;-141,83;0;2,27;188,08;163,12;0;0;0;0;0;0;0;0
23/09/2026 17:26:43;31/08/2026;01/08/2026;31/08/2026;19;E;425;67;117332;75751,97;66858,45;1340,43;0;2889;2877;12;0;0;0;0;0;575,15;66283,3;56,49;57;3216,93;54;52;91,23;0;M;53;CASAKM;0;17;8;47,06;0;0;10000,38;2811,86;53,09;2758,77;27,59;0;310;69;1;68;21,94;0;0;-41580,03;-7241,61;0;0;188,08;163,12;0;0;0;0;0;0;0;0
23/09/2026 17:26:43;31/08/2026;01/08/2026;31/08/2026;19;E;425;67;117332;75751,97;66858,45;1340,43;0;2889;2877;12;0;0;0;0;0;575,15;66283,3;56,49;57;3216,93;54;52;91,23;0;M;60;RICLAN;0;15;8;53,33;0;0;1334,21;926,92;9,28;917,64;68,78;0;141;86;1;85;60,28;0;0;-41580,03;-416,57;0;0;188,08;163,12;0;0;0;0;0;0;0;0
23/09/2026 17:26:43;31/08/2026;01/08/2026;31/08/2026;19;E;425;67;117332;75751,97;66858,45;1340,43;0;2889;2877;12;0;0;0;0;0;575,15;66283,3;56,49;57;3216,93;54;52;91,23;0;M;61;DAVENE;0;12;6;50;0;0;1000;421,7;57,14;364,56;36,46;0;49;66;2;64;130,61;1,39;0;-41580,03;-635,44;0;0;188,08;163,12;0;0;0;0;0;0;0;0
23/09/2026 17:26:43;31/08/2026;01/08/2026;31/08/2026;19;E;425;67;117332;75751,97;66858,45;1340,43;0;2889;2877;12;0;0;0;0;0;575,15;66283,3;56,49;57;3216,93;54;52;91,23;0;M;72;FRANBA;0;12;7;58,33;0;0;1000,93;1021,93;0;1021,93;102,1;0;18;11;0;11;61,11;0;5,11;-41580,03;21;0;5,11;188,08;163,12;0;0;0;0;0;0;0;0
23/09/2026 17:26:43;31/08/2026;01/08/2026;31/08/2026;19;E;425;67;117332;75751,97;66858,45;1340,43;0;2889;2877;12;0;0;0;0;0;575,15;66283,3;56,49;57;3216,93;54;52;91,23;0;M;44;JDE;0;29;22;75,86;0;0;13029,91;20711,59;0;20711,59;158,95;0;1000;396;0;396;39,6;0;16,57;-41580,03;7681,68;0;16,57;188,08;163,12;0;0;0;0;0;0;0;0
23/09/2026 17:26:43;31/08/2026;01/08/2026;31/08/2026;19;E;425;67;117332;75751,97;66858,45;1340,43;0;2889;2877;12;0;0;0;0;0;575,15;66283,3;56,49;57;3216,93;54;52;91,23;0;M;69;GAMELEIRA;0;10;1;10;0;0;1000,45;44,45;0;44,45;4,44;0;10;1;0;1;10;0;0;-41580,03;-956;0;0;188,08;163,12;0;0;0;0;0;0;0;0
23/09/2026 17:26:43;31/08/2026;01/08/2026;31/08/2026;19;E;425;67;117332;75751,97;66858,45;1340,43;0;2889;2877;12;0;0;0;0;0;575,15;66283,3;56,49;57;3216,93;54;52;91,23;0;M;20;CATAFESTA;0;10;;;0;0;1000;;0;0;0;0;10;;;;0;0;0;-41580,03;-1000;0;0;188,08;163,12;0;0;0;0;0;0;0;0
23/09/2026 17:26:43;31/08/2026;01/08/2026;31/08/2026;19;E;425;67;117332;75751,97;66858,45;1340,43;0;2889;2877;12;0;0;0;0;0;575,15;66283,3;56,49;57;3216,93;54;52;91,23;0;M;59;CASA SUICA;0;8;2;25;0;0;1000,01;105,22;0;105,22;10,52;0;10;3;0;3;30;0;0;-41580,03;-894,79;0;0;188,08;163,12;0;0;0;0;0;0;0;0
23/09/2026 17:26:43;31/08/2026;01/08/2026;31/08/2026;19;E;425;67;117332;75751,97;66858,45;1340,43;0;2889;2877;12;0;0;0;0;0;575,15;66283,3;56,49;57;3216,93;54;52;91,23;0;M;18;SABORELLE - RACAO;0;10;2;20;0;0;1500;509,82;0;509,82;33,99;0;13;6;0;6;46,15;0;0;-41580,03;-990,18;0;0;188,08;163,12;0;0;0;0;0;0;0;0
23/09/2026 17:26:43;31/08/2026;01/08/2026;31/08/2026;19;E;425;67;117332;75751,97;66858,45;1340,43;0;2889;2877;12;0;0;0;0;0;575,15;66283,3;56,49;57;3216,93;54;52;91,23;0;M;51;GUANABARA;0;13;2;15,38;0;0;4798,42;954,59;0;954,59;19,89;0;31;5;0;5;16,13;0;0;-41580,03;-3843,83;0;0;188,08;163,12;0;0;0;0;0;0;0;0
23/09/2026 17:26:43;31/08/2026;01/08/2026;31/08/2026;19;E;425;67;117332;75751,97;66858,45;1340,43;0;2889;2877;12;0;0;0;0;0;575,15;66283,3;56,49;57;3216,93;54;52;91,23;0;M;66;COCO SHOW;0;11;2;18,18;0;0;2132,12;184,49;0;184,49;8,65;0;35;5;0;5;14,29;0;0;-41580,03;-1947,63;0;0;188,08;163,12;0;0;0;0;0;0;0;0
23/09/2026 17:26:43;31/08/2026;01/08/2026;31/08/2026;19;E;425;67;117332;75751,97;66858,45;1340,43;0;2889;2877;12;0;0;0;0;0;575,15;66283,3;56,49;57;3216,93;54;52;91,23;0;M;47;SOFFIE;0;10;1;10;0;0;1874,23;41,97;0;41,97;2,24;0;32;3;0;3;9,38;0;0;-41580,03;-1832,26;0;0;188,08;163,12;0;0;0;0;0;0;0;0
23/09/2026 17:26:43;31/08/2026;01/08/2026;31/08/2026;19;E;425;67;117332;75751,97;66858,45;1340,43;0;2889;2877;12;0;0;0;0;0;575,15;66283,3;56,49;57;3216,93;54;52;91,23;0;M;65;MATUTA;0;10;1;10;0;0;1000;246;0;246;24,6;0;10;6;0;6;60;0;0;-41580,03;-754;0;0;188,08;163,12;0;0;0;0;0;0;0;0
23/09/2026 17:26:43;31/08/2026;01/08/2026;31/08/2026;13;E;76;157;283138;283857,43;266380,69;8447,49;261,29;10808;10566;242;0;0;0;0;0;5088,31;261292,38;92,28;133;8954;125;124;93,23;0;M;60;RICLAN;0;33;24;72,73;0;0;7485,68;3200,48;41,35;3159,13;42,2;0;480;236;4;232;48,33;0;0;719,43;-4326,55;261,29;0;2780,44;1716,66;0;0,3;0;0;0;0;783,88;783,88
23/09/2026 17:26:43;31/08/2026;01/08/2026;31/08/2026;13;E;76;157;283138;283857,43;266380,69;8447,49;261,29;10808;10566;242;0;0;0;0;0;5088,31;261292,38;92,28;133;8954;125;124;93,23;0;M;63;BRACELL;0;29;29;100;57,63;0;10096,91;7411,83;207,76;7204,07;71,35;0;280;203;8;195;69,64;0;0;719,43;-2892,84;261,29;57,63;2780,44;1716,66;0;0,3;0;0;0;0;783,88;783,88
23/09/2026 17:26:43;31/08/2026;01/08/2026;31/08/2026;13;E;76;157;283138;283857,43;266380,69;8447,49;261,29;10808;10566;242;0;0;0;0;0;5088,31;261292,38;92,28;133;8954;125;124;93,23;0;M;66;COCO SHOW;0;18;13;72,22;0;0;2000;1825,97;30,92;1795,05;89,75;0;71;159;4;155;218,31;5,56;4,67;719,43;-204,95;261,29;4,67;2780,44;1716,66;0;0,3;0;0;0;0;783,88;783,88
23/09/2026 17:26:43;31/08/2026;01/08/2026;31/08/2026;13;E;76;157;283138;283857,43;266380,69;8447,49;261,29;10808;10566;242;0;0;0;0;0;5088,31;261292,38;92,28;133;8954;125;124;93,23;0;M;83;ROBINSON CRUSOE;0;25;8;32;0;0;3908,37;2581,68;243,04;2338,64;59,84;0;28;21;2;19;67,86;0;0;719,43;-1569,73;261,29;0;2780,44;1716,66;0;0,3;0;0;0;0;783,88;783,88
23/09/2026 17:26:43;31/08/2026;01/08/2026;31/08/2026;13;E;76;157;283138;283857,43;266380,69;8447,49;261,29;10808;10566;242;0;0;0;0;0;5088,31;261292,38;92,28;133;8954;125;124;93,23;0;M;47;SOFFIE;0;13;;;0;0;700;;0;0;0;0;17;;;;0;0;0;719,43;-700;261,29;0;2780,44;1716,66;0;0,3;0;0;0;0;783,88;783,88
23/09/2026 17:26:43;31/08/2026;01/08/2026;31/08/2026;13;E;76;157;283138;283857,43;266380,69;8447,49;261,29;10808;10566;242;0;0;0;0;0;5088,31;261292,38;92,28;133;8954;125;124;93,23;0;M;59;CASA SUICA;0;9;;;0;0;1051,61;;0;0;0;0;9;;;;0;0;0;719,43;-1051,61;261,29;0;2780,44;1716,66;0;0,3;0;0;0;0;783,88;783,88
23/09/2026 17:26:43;31/08/2026;01/08/2026;31/08/2026;13;E;76;157;283138;283857,43;266380,69;8447,49;261,29;10808;10566;242;0;0;0;0;0;5088,31;261292,38;92,28;133;8954;125;124;93,23;0;M;82;ZICO;0;12;2;16,67;0;0;1000;1870;0;1870;187;0;10;11;0;11;110;;;719,43;870;261,29;;2780,44;1716,66;0;0,3;0;0;0;0;783,88;783,88
23/09/2026 17:26:43;31/08/2026;01/08/2026;31/08/2026;13;E;76;157;283138;283857,43;266380,69;8447,49;261,29;10808;10566;242;0;0;0;0;0;5088,31;261292,38;92,28;133;8954;125;124;93,23;0;M;6;SOL BEBIDAS;0;10;2;20;0;0;2018,1;201,23;0;201,23;9,97;0;12;4;0;4;33,33;0;0;719,43;-1816,87;261,29;0;2780,44;1716,66;0;0,3;0;0;0;0;783,88;783,88
23/09/2026 17:26:43;31/08/2026;01/08/2026;31/08/2026;13;E;76;157;283138;283857,43;266380,69;8447,49;261,29;10808;10566;242;0;0;0;0;0;5088,31;261292,38;92,28;133;8954;125;124;93,23;0;M;69;GAMELEIRA;0;31;6;19,35;0;0;1000;773,32;0;773,32;77,33;0;30;16;0;16;53,33;0;0;719,43;-226,68;261,29;0;2780,44;1716,66;0;0,3;0;0;0;0;783,88;783,88
23/09/2026 17:26:43;31/08/2026;01/08/2026;31/08/2026;13;E;76;157;283138;283857,43;266380,69;8447,49;261,29;10808;10566;242;0;0;0;0;0;5088,31;261292,38;92,28;133;8954;125;124;93,23;0;M;65;MATUTA;0;9;1;11,11;0;0;1252,86;665,4;0;665,4;53,11;0;15;15;0;15;100;2,53;0;719,43;-587,46;261,29;0;2780,44;1716,66;0;0,3;0;0;0;0;783,88;783,88
23/09/2026 17:26:43;31/08/2026;01/08/2026;31/08/2026;13;E;76;157;283138;283857,43;266380,69;8447,49;261,29;10808;10566;242;0;0;0;0;0;5088,31;261292,38;92,28;133;8954;125;124;93,23;0;M;52;GREEN;0;15;2;13,33;0;0;3598,9;1789,05;0;1789,05;49,71;0;37;30;0;30;81,08;0;0;719,43;-1809,85;261,29;0;2780,44;1716,66;0;0,3;0;0;0;0;783,88;783,88
23/09/2026 17:26:43;31/08/2026;01/08/2026;31/08/2026;13;E;76;157;283138;283857,43;266380,69;8447,49;261,29;10808;10566;242;0;0;0;0;0;5088,31;261292,38;92,28;133;8954;125;124;93,23;0;M;61;DAVENE;0;14;2;14,29;0;0;500;21,96;0;21,96;4,39;0;30;6;0;6;20;0;0;719,43;-478,04;261,29;0;2780,44;1716,66;0;0,3;0;0;0;0;783,88;783,88
23/09/2026 17:26:43;31/08/2026;01/08/2026;31/08/2026;13;E;76;157;283138;283857,43;266380,69;8447,49;261,29;10808;10566;242;0;0;0;0;0;5088,31;261292,38;92,28;133;8954;125;124;93,23;0;M;72;FRANBA;0;25;8;32;0;0;2000;1059,62;0;1059,62;52,98;0;11;12;0;12;109,09;4,03;0;719,43;-940,38;261,29;0;2780,44;1716,66;0;0,3;0;0;0;0;783,88;783,88
23/09/2026 17:26:43;31/08/2026;01/08/2026;31/08/2026;13;E;76;157;283138;283857,43;266380,69;8447,49;261,29;10808;10566;242;0;0;0;0;0;5088,31;261292,38;92,28;133;8954;125;124;93,23;0;M;51;GUANABARA;0;15;9;60;0;0;3003,01;2814,8;0;2814,8;93,73;0;45;22;0;22;48,89;0;9,29;719,43;-188,21;261,29;9,29;2780,44;1716,66;0;0,3;0;0;0;0;783,88;783,88
23/09/2026 17:26:43;31/08/2026;01/08/2026;31/08/2026;13;E;76;157;283138;283857,43;266380,69;8447,49;261,29;10808;10566;242;0;0;0;0;0;5088,31;261292,38;92,28;133;8954;125;124;93,23;0;M;74;BRAVA;0;12;6;50;0;0;5150,08;8200,53;0;8200,53;159,23;0;75;195;0;195;260;31,16;53,3;719,43;3050,45;261,29;53,3;2780,44;1716,66;0;0,3;0;0;0;0;783,88;783,88
23/09/2026 17:26:43;31/08/2026;01/08/2026;31/08/2026;13;E;76;157;283138;283857,43;266380,69;8447,49;261,29;10808;10566;242;0;0;0;0;0;5088,31;261292,38;92,28;133;8954;125;124;93,23;0;M;20;CATAFESTA;0;9;;;0;0;1442,32;;0;0;0;0;10;;;;0;0;0;719,43;-1442,32;261,29;0;2780,44;1716,66;0;0,3;0;0;0;0;783,88;783,88
23/09/2026 17:26:43;31/08/2026;01/08/2026;31/08/2026;13;E;76;157;283138;283857,43;266380,69;8447,49;261,29;10808;10566;242;0;0;0;0;0;5088,31;261292,38;92,28;133;8954;125;124;93,23;0;M;15;QUEIJOS LELO;0;5;1;20;0;0;796,03;137,18;0;137,18;17,23;0;8;1;0;1;12,5;0;0;719,43;-658,85;261,29;0;2780,44;1716,66;0;0,3;0;0;0;0;783,88;783,88
23/09/2026 17:26:43;31/08/2026;01/08/2026;31/08/2026;20;E;85;148;105938;90185,51;83001,79;2528,52;0;5262;5247;15;0;0;0;0;0;168,72;82833,07;78,19;126;3424,02;130;138;109,52;248,49921;M;1;JAV;0;133;136;102,26;219,75;0;76909,67;73382,11;132;73250,11;95,24;0;2888;2584;2;2582;89,4;36,63;58,6;-15752,49;-3659,56;0;278,35;1042,42921;719,49921;0;0,3;0,3;0;0;0;248,5;248,5
23/09/2026 17:26:43;31/08/2026;01/08/2026;31/08/2026;20;E;85;148;105938;90185,51;83001,79;2528,52;0;5262;5247;15;0;0;0;0;0;168,72;82833,07;78,19;126;3424,02;130;138;109,52;248,49921;M;44;JDE;0;98;99;101,02;188,99;0;360264,82;126035,69;42,36;125993,33;34,97;0;2514;2442;12;2430;96,66;37,8;0;-15752,49;-234271,49;0;188,99;1042,42921;719,49921;0;0,3;0,3;0;0;0;248,5;248,5
23/09/2026 17:26:43;31/08/2026;01/08/2026;31/08/2026;20;E;85;148;105938;90185,51;83001,79;2528,52;0;5262;5247;15;0;0;0;0;0;168,72;82833,07;78,19;126;3424,02;130;138;109,52;248,49921;M;52;GREEN;0;16;5;31,25;0;0;4500,01;510,19;36,72;473,47;10,52;0;50;7;1;6;12;0;0;-15752,49;-4026,54;0;0;1042,42921;719,49921;0;0,3;0,3;0;0;0;248,5;248,5
23/09/2026 17:26:43;31/08/2026;01/08/2026;31/08/2026;20;E;85;148;105938;90185,51;83001,79;2528,52;0;5262;5247;15;0;0;0;0;0;168,72;82833,07;78,19;126;3424,02;130;138;109,52;248,49921;M;72;FRANBA;0;8;;;0;0;1002,71;;0;0;0;0;5;;;;0;0;0;-15752,49;-1002,71;0;0;1042,42921;719,49921;0;0,3;0,3;0;0;0;248,5;248,5
23/09/2026 17:26:43;31/08/2026;01/08/2026;31/08/2026;20;E;85;148;105938;90185,51;83001,79;2528,52;0;5262;5247;15;0;0;0;0;0;168,72;82833,07;78,19;126;3424,02;130;138;109,52;248,49921;M;69;GAMELEIRA;0;19;6;31,58;0;0;1500,69;1463,39;0;1463,39;97,51;0;40;20;0;20;50;0;3,66;-15752,49;-37,3;0;3,66;1042,42921;719,49921;0;0,3;0,3;0;0;0;248,5;248,5
23/09/2026 17:26:43;31/08/2026;01/08/2026;31/08/2026;20;E;85;148;105938;90185,51;83001,79;2528,52;0;5262;5247;15;0;0;0;0;0;168,72;82833,07;78,19;126;3424,02;130;138;109,52;248,49921;M;6;SOL BEBIDAS;0;25;6;24;0;0;2000,85;468,04;0;468,04;23,39;0;20;11;0;11;55;0;0;-15752,49;-1532,81;0;0;1042,42921;719,49921;0;0,3;0,3;0;0;0;248,5;248,5
23/09/2026 17:26:43;31/08/2026;01/08/2026;31/08/2026;20;E;85;148;105938;90185,51;83001,79;2528,52;0;5262;5247;15;0;0;0;0;0;168,72;82833,07;78,19;126;3424,02;130;138;109,52;248,49921;M;61;DAVENE;0;15;1;6,67;0;0;598,84;114,28;0;114,28;19,08;0;33;4;0;4;12,12;0;0;-15752,49;-484,56;0;0;1042,42921;719,49921;0;0,3;0,3;0;0;0;248,5;248,5
23/09/2026 17:26:43;31/08/2026;01/08/2026;31/08/2026;20;E;85;148;105938;90185,51;83001,79;2528,52;0;5262;5247;15;0;0;0;0;0;168,72;82833,07;78,19;126;3424,02;130;138;109,52;248,49921;M;65;MATUTA;0;39;4;10,26;0;0;2591,12;529,25;0;529,25;20,43;0;31;13;0;13;41,94;0;0;-15752,49;-2061,87;0;0;1042,42921;719,49921;0;0,3;0,3;0;0;0;248,5;248,5
23/09/2026 17:26:43;31/08/2026;01/08/2026;31/08/2026;20;E;85;148;105938;90185,51;83001,79;2528,52;0;5262;5247;15;0;0;0;0;0;168,72;82833,07;78,19;126;3424,02;130;138;109,52;248,49921;M;66;COCO SHOW;0;27;14;51,85;0;0;2897,18;1212,2;0;1212,2;41,84;0;166;76;0;76;45,78;0;0;-15752,49;-1684,98;0;0;1042,42921;719,49921;0;0,3;0,3;0;0;0;248,5;248,5
23/09/2026 17:26:43;31/08/2026;01/08/2026;31/08/2026;20;E;85;148;105938;90185,51;83001,79;2528,52;0;5262;5247;15;0;0;0;0;0;168,72;82833,07;78,19;126;3424,02;130;138;109,52;248,49921;M;63;BRACELL;0;32;24;75;0;0;7558,19;4265,33;0;4265,33;56,43;0;160;84;0;84;52,5;0;0;-15752,49;-3292,86;0;0;1042,42921;719,49921;0;0,3;0,3;0;0;0;248,5;248,5
25/09/2026 08:30:09;25/09/2026;01/09/2026;25/09/2026;13;E;318;127;351755;309964,03;303184,17;9645,4;0;10841;10794;47;0;0;0;0;0;1673,74;301510,43;85,72;108;9955,17;93;92;85,19;0;M;66;COCO SHOW;0;8;1;12,5;0;0;1174,46;601,55;0;601,55;51,22;0;22;10;0;10;45,45;0;0;-41790,97;-572,91;0;0;1561,22;750,52;0;0,2;0;0;0;0;603,02;603,02
25/09/2026 08:30:09;25/09/2026;01/09/2026;25/09/2026;13;E;318;127;351755;309964,03;303184,17;9645,4;0;10841;10794;47;0;0;0;0;0;1673,74;301510,43;85,72;108;9955,17;93;92;85,19;0;M;72;FRANBA;0;10;2;20;0;0;332,65;453,35;0;453,35;136,28;0;2;5;0;5;250;1,72;2,95;-41790,97;120,7;0;2,95;1561,22;750,52;0;0,2;0;0;0;0;603,02;603,02
25/09/2026 08:30:09;25/09/2026;01/09/2026;25/09/2026;13;E;318;127;351755;309964,03;303184,17;9645,4;0;10841;10794;47;0;0;0;0;0;1673,74;301510,43;85,72;108;9955,17;93;92;85,19;0;M;15;QUEIJOS LELO;0;10;1;10;0;0;1001,8;137,18;0;137,18;13,69;0;5;1;0;1;20;0;0;-41790,97;-864,62;0;0;1561,22;750,52;0;0,2;0;0;0;0;603,02;603,02
25/09/2026 08:30:09;25/09/2026;01/09/2026;25/09/2026;13;E;318;127;351755;309964,03;303184,17;9645,4;0;10841;10794;47;0;0;0;0;0;1673,74;301510,43;85,72;108;9955,17;93;92;85,19;0;M;60;RICLAN;0;33;38;115,15;62,41;0;4654,21;4800,67;0;4800,67;103,15;0;192;269;0;269;140,1;18,24;31,2;-41790,97;146,46;0;93,61;1561,22;750,52;0;0,2;0;0;0;0;603,02;603,02
25/09/2026 08:30:09;25/09/2026;01/09/2026;25/09/2026;13;E;318;127;351755;309964,03;303184,17;9645,4;0;10841;10794;47;0;0;0;0;0;1673,74;301510,43;85,72;108;9955,17;93;92;85,19;0;M;44;JDE;0;63;44;69,84;0;0;43199,4;28084,16;0;28084,16;65,01;0;1659;1143;0;1143;68,9;0;0;-41790,97;-15115,24;0;0;1561,22;750,52;0;0,2;0;0;0;0;603,02;603,02
25/09/2026 08:30:09;25/09/2026;01/09/2026;25/09/2026;13;E;318;127;351755;309964,03;303184,17;9645,4;0;10841;10794;47;0;0;0;0;0;1673,74;301510,43;85,72;108;9955,17;93;92;85,19;0;M;13;COPRA;0;50;24;48;0;0;20603,02;8144,62;0;8144,62;39,53;0;552;172;0;172;31,16;0;0;-41790,97;-12458,4;0;0;1561,22;750,52;0;0,2;0;0;0;0;603,02;603,02
25/09/2026 08:30:09;25/09/2026;01/09/2026;25/09/2026;13;E;318;127;351755;309964,03;303184,17;9645,4;0;10841;10794;47;0;0;0;0;0;1673,74;301510,43;85,72;108;9955,17;93;92;85,19;0;M;51;GUANABARA;0;10;1;10;0;0;1695,71;144,99;0;144,99;8,55;0;10;1;0;1;10;0;0;-41790,97;-1550,72;0;0;1561,22;750,52;0;0,2;0;0;0;0;603,02;603,02
25/09/2026 08:30:09;25/09/2026;01/09/2026;25/09/2026;13;E;318;127;351755;309964,03;303184,17;9645,4;0;10841;10794;47;0;0;0;0;0;1673,74;301510,43;85,72;108;9955,17;93;92;85,19;0;M;52;GREEN;0;19;20;105,26;56,1;0;3326,13;4315,11;0;4315,11;129,73;0;89;67;0;67;75,28;0;28,05;-41790,97;988,98;0;84,15;1561,22;750,52;0;0,2;0;0;0;0;603,02;603,02
25/09/2026 08:30:09;25/09/2026;01/09/2026;25/09/2026;13;E;318;127;351755;309964,03;303184,17;9645,4;0;10841;10794;47;0;0;0;0;0;1673,74;301510,43;85,72;108;9955,17;93;92;85,19;0;M;65;MATUTA;0;13;;;0;0;4000;;0;0;0;0;9;;;;0;0;0;-41790,97;-4000;0;0;1561,22;750,52;0;0,2;0;0;0;0;603,02;603,02
25/09/2026 08:30:09;25/09/2026;01/09/2026;25/09/2026;13;E;318;127;351755;309964,03;303184,17;9645,4;0;10841;10794;47;0;0;0;0;0;1673,74;301510,43;85,72;108;9955,17;93;92;85,19;0;M;18;SABORELLE - RACAO;0;10;5;50;0;0;7275,89;2409,11;0;2409,11;33,11;0;36;12;0;12;33,33;0;0;-41790,97;-4866,78;0;0;1561,22;750,52;0;0,2;0;0;0;0;603,02;603,02
25/09/2026 08:30:09;25/09/2026;01/09/2026;25/09/2026;13;E;318;127;351755;309964,03;303184,17;9645,4;0;10841;10794;47;0;0;0;0;0;1673,74;301510,43;85,72;108;9955,17;93;92;85,19;0;M;53;CASAKM;0;43;31;72,09;0;0;41000;37234,54;0;37234,54;90,82;0;1276;1182;0;1182;92,63;48,4;96,81;-41790,97;-3765,46;0;96,81;1561,22;750,52;0;0,2;0;0;0;0;603,02;603,02
25/09/2026 08:30:09;25/09/2026;01/09/2026;25/09/2026;13;E;318;127;351755;309964,03;303184,17;9645,4;0;10841;10794;47;0;0;0;0;0;1673,74;301510,43;85,72;108;9955,17;93;92;85,19;0;M;83;ROBINSON CRUSOE;0;19;4;21,05;0;0;8824,52;1158,57;0;1158,57;13,13;0;69;11;0;11;15,94;0;0;-41790,97;-7665,95;0;0;1561,22;750,52;0;0,2;0;0;0;0;603,02;603,02
25/09/2026 08:30:09;25/09/2026;01/09/2026;25/09/2026;13;E;318;127;351755;309964,03;303184,17;9645,4;0;10841;10794;47;0;0;0;0;0;1673,74;301510,43;85,72;108;9955,17;93;92;85,19;0;M;74;BRAVA;0;19;4;21,05;0;0;6000;5409,7;0;5409,7;90,16;0;123;130;0;130;105,69;20,56;17,85;-41790,97;-590,3;0;17,85;1561,22;750,52;0;0,2;0;0;0;0;603,02;603,02
25/09/2026 08:30:09;25/09/2026;01/09/2026;25/09/2026;13;E;318;127;351755;309964,03;303184,17;9645,4;0;10841;10794;47;0;0;0;0;0;1673,74;301510,43;85,72;108;9955,17;93;92;85,19;0;M;47;SOFFIE;0;14;;;0;0;363,19;;0;0;0;0;8;;;;0;0;0;-41790,97;-363,19;0;0;1561,22;750,52;0;0,2;0;0;0;0;603,02;603,02
25/09/2026 08:30:09;25/09/2026;01/09/2026;25/09/2026;13;E;318;127;351755;309964,03;303184,17;9645,4;0;10841;10794;47;0;0;0;0;0;1673,74;301510,43;85,72;108;9955,17;93;92;85,19;0;M;63;BRACELL;0;29;25;86,21;51,55;0;21175,09;15622,33;0;15622,33;73,78;0;697;539;0;539;77,33;0;0;-41790,97;-5552,76;0;51,55;1561,22;750,52;0;0,2;0;0;0;0;603,02;603,02
25/09/2026 08:30:09;25/09/2026;01/09/2026;25/09/2026;13;E;318;127;351755;309964,03;303184,17;9645,4;0;10841;10794;47;0;0;0;0;0;1673,74;301510,43;85,72;108;9955,17;93;92;85,19;0;M;6;SOL BEBIDAS;0;24;12;50;0;0;15723,17;15798,85;0;15798,85;100,48;0;334;271;0;271;81,14;0;102,69;-41790,97;75,68;0;102,69;1561,22;750,52;0;0,2;0;0;0;0;603,02;603,02
25/09/2026 08:30:09;25/09/2026;01/09/2026;25/09/2026;13;E;318;127;351755;309964,03;303184,17;9645,4;0;10841;10794;47;0;0;0;0;0;1673,74;301510,43;85,72;108;9955,17;93;92;85,19;0;M;61;DAVENE;0;16;;;0;0;1506,37;;0;0;0;0;48;;;;0;0;0;-41790,97;-1506,37;0;0;1561,22;750,52;0;0,2;0;0;0;0;603,02;603,02
25/09/2026 08:30:09;25/09/2026;01/09/2026;25/09/2026;26;E;319;72;140003;159995,65;159995,65;3876,77;303,88;4397;4261;136;0;0;0;0;0;8055,31;151940,34;108,53;61;2614,01;31;31;50,82;0;M;1;JAV;0;38;31;81,58;0;0;96654,54;109684,19;39,4;109644,79;113,44;0;1906;3105;2;3103;162,8;131,57;219,29;19992,65;12990,25;303,88;219,29;1376,88;685,27;0,2;0,3;0;0;0;0;455,82;455,82
25/09/2026 08:30:09;25/09/2026;01/09/2026;25/09/2026;26;E;319;72;140003;159995,65;159995,65;3876,77;303,88;4397;4261;136;0;0;0;0;0;8055,31;151940,34;108,53;61;2614,01;31;31;50,82;0;M;13;COPRA;0;24;14;58,33;0;0;13288,04;13091,21;218,4;12872,81;96,88;0;286;290;12;278;97,2;16,73;33,47;19992,65;-415,23;303,88;33,47;1376,88;685,27;0,2;0,3;0;0;0;0;455,82;455,82
25/09/2026 08:30:09;25/09/2026;01/09/2026;25/09/2026;26;E;319;72;140003;159995,65;159995,65;3876,77;303,88;4397;4261;136;0;0;0;0;0;8055,31;151940,34;108,53;61;2614,01;31;31;50,82;0;M;53;CASAKM;0;21;14;66,67;0;0;22556,92;30007,52;7797,51;22210,01;98,46;0;314;685;122;563;179,3;68,85;57,75;19992,65;-346,91;303,88;57,75;1376,88;685,27;0,2;0,3;0;0;0;0;455,82;455,82
25/09/2026 08:30:09;25/09/2026;01/09/2026;25/09/2026;26;E;319;72;140003;159995,65;159995,65;3876,77;303,88;4397;4261;136;0;0;0;0;0;8055,31;151940,34;108,53;61;2614,01;31;31;50,82;0;M;51;GUANABARA;0;9;;;0;0;635,23;;0;0;0;0;4;;;;0;0;0;19992,65;-635,23;303,88;0;1376,88;685,27;0,2;0,3;0;0;0;0;455,82;455,82
25/09/2026 08:30:09;25/09/2026;01/09/2026;25/09/2026;26;E;319;72;140003;159995,65;159995,65;3876,77;303,88;4397;4261;136;0;0;0;0;0;8055,31;151940,34;108,53;61;2614,01;31;31;50,82;0;M;60;RICLAN;0;12;13;108,33;39,08;0;793,65;3006,11;0;3006,11;378,77;0;34;219;0;219;644,12;11,42;19,54;19992,65;2212,46;303,88;58,62;1376,88;685,27;0,2;0,3;0;0;0;0;455,82;455,82
25/09/2026 08:30:09;25/09/2026;01/09/2026;25/09/2026;26;E;319;72;140003;159995,65;159995,65;3876,77;303,88;4397;4261;136;0;0;0;0;0;8055,31;151940,34;108,53;61;2614,01;31;31;50,82;0;M;15;QUEIJOS LELO;0;7;4;57,14;0;0;2926,54;946,61;0;946,61;32,35;0;15;7;0;7;46,67;0;0;19992,65;-1979,93;303,88;0;1376,88;685,27;0,2;0,3;0;0;0;0;455,82;455,82
25/09/2026 08:30:09;25/09/2026;01/09/2026;25/09/2026;26;E;319;72;140003;159995,65;159995,65;3876,77;303,88;4397;4261;136;0;0;0;0;0;8055,31;151940,34;108,53;61;2614,01;31;31;50,82;0;M;74;BRAVA;0;10;6;60;0;0;1085,89;1152,19;0;1152,19;106,11;0;7;24;0;24;342,86;4,38;7,49;19992,65;66,3;303,88;7,49;1376,88;685,27;0,2;0,3;0;0;0;0;455,82;455,82
25/09/2026 08:30:09;25/09/2026;01/09/2026;25/09/2026;26;E;319;72;140003;159995,65;159995,65;3876,77;303,88;4397;4261;136;0;0;0;0;0;8055,31;151940,34;108,53;61;2614,01;31;31;50,82;0;M;18;SABORELLE - RACAO;0;6;4;66,67;0;0;813,78;916,64;0;916,64;112,64;0;14;33;0;33;235,71;2,84;4,77;19992,65;102,86;303,88;4,77;1376,88;685,27;0,2;0,3;0;0;0;0;455,82;455,82
25/09/2026 08:30:09;25/09/2026;01/09/2026;25/09/2026;26;E;319;72;140003;159995,65;159995,65;3876,77;303,88;4397;4261;136;0;0;0;0;0;8055,31;151940,34;108,53;61;2614,01;31;31;50,82;0;M;84;CAPRICHE;0;21;11;52,38;0;0;1248,45;1191,18;0;1191,18;95,41;0;34;34;0;34;100;;;19992,65;-57,27;303,88;;1376,88;685,27;0,2;0,3;0;0;0;0;455,82;455,82
25/09/2026 08:30:09;25/09/2026;01/09/2026;25/09/2026;19;E;321;104;110145;76664,81;82786,69;1515,57;0;2493;2493;0;0;0;0;0;0;0;82786,69;75,16;88;2782;60;62;70,45;0;M;13;COPRA;0;54;40;74,07;0;0;35457,1;24236,74;0;24236,74;68,36;0;1052;851;0;851;80,89;0;0;-33480,19;-11220,36;0;0;156,18;99,53;0;0;0;0;0;0;0;0
25/09/2026 08:30:09;25/09/2026;01/09/2026;25/09/2026;26;E;480;64;61159;27464,81;13095,87;383,98;0;670;635;35;0;0;0;0;0;1763,17;11332,7;18,53;54;1000;34;17;31,48;0;M;6;SOL BEBIDAS;0;4;1;25;0;0;388,56;75,88;37,94;37,94;9,76;0;7;2;1;1;14,29;0;0;-33694,19;-350,62;0;0;16,62;10,75;0;0;0;0;0;0;0;0
25/09/2026 08:30:09;25/09/2026;01/09/2026;25/09/2026;26;E;480;64;61159;27464,81;13095,87;383,98;0;670;635;35;0;0;0;0;0;1763,17;11332,7;18,53;54;1000;34;17;31,48;0;M;44;JDE;0;22;12;54,55;0;0;12138,61;6295,35;443,26;5852,09;48,21;0;398;403;13;390;97,99;1,76;0;-33694,19;-6286,52;0;0;16,62;10,75;0;0;0;0;0;0;0;0
25/09/2026 08:30:09;25/09/2026;01/09/2026;25/09/2026;26;E;480;64;61159;27464,81;13095,87;383,98;0;670;635;35;0;0;0;0;0;1763,17;11332,7;18,53;54;1000;34;17;31,48;0;M;52;GREEN;0;4;;;0;0;371,4;;71,4;-71,4;-19,22;0;4;0;1;-1;-25;0;0;-33694,19;-442,8;0;0;16,62;10,75;0;0;0;0;0;0;0;0
25/09/2026 08:30:09;25/09/2026;01/09/2026;25/09/2026;26;E;480;64;61159;27464,81;13095,87;383,98;0;670;635;35;0;0;0;0;0;1763,17;11332,7;18,53;54;1000;34;17;31,48;0;M;53;CASAKM;0;9;4;44,44;0;0;3759,24;1219,24;267,29;951,95;25,32;0;43;15;5;10;23,26;0;0;-33694,19;-2807,29;0;0;16,62;10,75;0;0;0;0;0;0;0;0
25/09/2026 08:30:09;25/09/2026;01/09/2026;25/09/2026;26;E;480;64;61159;27464,81;13095,87;383,98;0;670;635;35;0;0;0;0;0;1763,17;11332,7;18,53;54;1000;34;17;31,48;0;M;69;GAMELEIRA;0;11;3;27,27;0;0;6808,35;352,88;147,68;205,2;3,01;0;39;7;3;4;10,26;0;0;-33694,19;-6603,15;0;0;16,62;10,75;0;0;0;0;0;0;0;0
25/09/2026 08:30:09;25/09/2026;01/09/2026;25/09/2026;26;E;480;64;61159;27464,81;13095,87;383,98;0;670;635;35;0;0;0;0;0;1763,17;11332,7;18,53;54;1000;34;17;31,48;0;M;60;RICLAN;0;7;1;14,29;0;0;857,03;95,28;0;95,28;11,12;0;43;12;0;12;27,91;0;0;-33694,19;-761,75;0;0;16,62;10,75;0;0;0;0;0;0;0;0
25/09/2026 08:30:09;25/09/2026;01/09/2026;25/09/2026;26;E;480;64;61159;27464,81;13095,87;383,98;0;670;635;35;0;0;0;0;0;1763,17;11332,7;18,53;54;1000;34;17;31,48;0;M;74;BRAVA;0;4;;;0;0;823,03;;0;0;0;0;6;;;;0;0;0;-33694,19;-823,03;0;0;16,62;10,75;0;0;0;0;0;0;0;0
25/09/2026 08:30:09;25/09/2026;01/09/2026;25/09/2026;26;E;480;64;61159;27464,81;13095,87;383,98;0;670;635;35;0;0;0;0;0;1763,17;11332,7;18,53;54;1000;34;17;31,48;0;M;72;FRANBA;0;5;2;40;0;0;645,09;263,89;0;263,89;40,91;0;1;3;0;3;300;1;0;-33694,19;-381,2;0;0;16,62;10,75;0;0;0;0;0;0;0;0
25/09/2026 08:30:09;25/09/2026;01/09/2026;25/09/2026;26;E;480;64;61159;27464,81;13095,87;383,98;0;670;635;35;0;0;0;0;0;1763,17;11332,7;18,53;54;1000;34;17;31,48;0;M;61;DAVENE;0;4;;;0;0;208,07;;0;0;0;0;1;;;;0;0;0;-33694,19;-208,07;0;0;16,62;10,75;0;0;0;0;0;0;0;0
25/09/2026 08:30:09;25/09/2026;01/09/2026;25/09/2026;26;E;480;64;61159;27464,81;13095,87;383,98;0;670;635;35;0;0;0;0;0;1763,17;11332,7;18,53;54;1000;34;17;31,48;0;M;18;SABORELLE - RACAO;0;9;1;11,11;0;0;3652,43;1425,62;0;1425,62;39,03;0;19;8;0;8;42,11;0;0;-33694,19;-2226,81;0;0;16,62;10,75;0;0;0;0;0;0;0;0
25/09/2026 08:30:09;25/09/2026;01/09/2026;25/09/2026;26;E;480;64;61159;27464,81;13095,87;383,98;0;670;635;35;0;0;0;0;0;1763,17;11332,7;18,53;54;1000;34;17;31,48;0;M;84;CAPRICHE;0;13;3;23,08;0;0;2697,36;329,74;0;329,74;12,22;0;63;9;0;9;14,29;0;0;-33694,19;-2367,62;0;0;16,62;10,75;0;0;0;0;0;0;0;0
25/09/2026 08:30:09;25/09/2026;01/09/2026;25/09/2026;26;E;480;64;61159;27464,81;13095,87;383,98;0;670;635;35;0;0;0;0;0;1763,17;11332,7;18,53;54;1000;34;17;31,48;0;M;47;SOFFIE;0;10;;;0;0;338,73;;0;0;0;0;6;;;;0;0;0;-33694,19;-338,73;0;0;16,62;10,75;0;0;0;0;0;0;0;0
25/09/2026 08:30:09;25/09/2026;01/09/2026;25/09/2026;26;E;480;64;61159;27464,81;13095,87;383,98;0;670;635;35;0;0;0;0;0;1763,17;11332,7;18,53;54;1000;34;17;31,48;0;M;13;COPRA;0;12;3;25;0;0;3826;183,06;0;183,06;4,78;0;53;10;0;10;18,87;0;0;-33694,19;-3642,94;0;0;16,62;10,75;0;0;0;0;0;0;0;0
25/09/2026 08:30:09;25/09/2026;01/09/2026;25/09/2026;26;E;480;64;61159;27464,81;13095,87;383,98;0;670;635;35;0;0;0;0;0;1763,17;11332,7;18,53;54;1000;34;17;31,48;0;M;63;BRACELL;0;7;2;28,57;0;0;1705,71;768,54;0;768,54;45,06;0;50;22;0;22;44;0;0;-33694,19;-937,17;0;0;16,62;10,75;0;0;0;0;0;0;0;0
25/09/2026 08:30:09;25/09/2026;01/09/2026;25/09/2026;26;E;480;64;61159;27464,81;13095,87;383,98;0;670;635;35;0;0;0;0;0;1763,17;11332,7;18,53;54;1000;34;17;31,48;0;M;51;GUANABARA;0;6;;;0;0;361,14;;0;0;0;0;1;;;;0;0;0;-33694,19;-361,14;0;0;16,62;10,75;0;0;0;0;0;0;0;0
25/09/2026 08:30:09;25/09/2026;01/09/2026;25/09/2026;26;E;480;64;61159;27464,81;13095,87;383,98;0;670;635;35;0;0;0;0;0;1763,17;11332,7;18,53;54;1000;34;17;31,48;0;M;66;COCO SHOW;0;9;;;0;0;1674,21;;0;0;0;0;45;;;;0;0;0;-33694,19;-1674,21;0;0;16,62;10,75;0;0;0;0;0;0;0;0
25/09/2026 08:30:09;25/09/2026;01/09/2026;25/09/2026;26;E;480;64;61159;27464,81;13095,87;383,98;0;670;635;35;0;0;0;0;0;1763,17;11332,7;18,53;54;1000;34;17;31,48;0;M;65;MATUTA;0;10;;;0;0;1078,91;;0;0;0;0;0;;;;;0;0;-33694,19;-1078,91;0;0;16,62;10,75;0;0;0;0;0;0;0;0
25/09/2026 08:30:09;25/09/2026;01/09/2026;25/09/2026;26;E;480;64;61159;27464,81;13095,87;383,98;0;670;635;35;0;0;0;0;0;1763,17;11332,7;18,53;54;1000;34;17;31,48;0;M;83;ROBINSON CRUSOE;0;6;2;33,33;0;0;768,63;818,62;0;818,62;106,5;0;7;8;0;8;114,29;3,11;9;-33694,19;49,99;0;9;16,62;10,75;0;0;0;0;0;0;0;0
25/09/2026 08:30:09;25/09/2026;01/09/2026;25/09/2026;26;E;480;64;61159;27464,81;13095,87;383,98;0;670;635;35;0;0;0;0;0;1763,17;11332,7;18,53;54;1000;34;17;31,48;0;M;15;QUEIJOS LELO;0;4;1;25;0;0;193,31;269,81;0;269,81;139,57;0;0;2;0;2;;0;1,75;-33694,19;76,5;0;1,75;16,62;10,75;0;0;0;0;0;0;0;0
25/09/2026 08:30:09;25/09/2026;01/09/2026;25/09/2026;6;E;481;123;27900;58473,54;49402,9;7077,66;128,8;7559;6709;850;0;0;0;0;0;6468,29;42934,61;153,89;105;823,01;84;72;68,57;0;M;44;JDE;0;66;80;121,21;497,84;0;270000;362923,87;31031,92;331891,95;122,92;0;6077,302542;6436;704;5732;94,32;99,57;331,89;30573,54;61891,95;128,8;829,73;1910;1560,46;0,3;0,3;0;0;0;0;128,8;128,8
25/09/2026 08:30:09;25/09/2026;01/09/2026;25/09/2026;6;E;481;123;27900;58473,54;49402,9;7077,66;128,8;7559;6709;850;0;0;0;0;0;6468,29;42934,61;153,89;105;823,01;84;72;68,57;0;M;52;GREEN;0;22;47;213,64;116,7;0;6000;9212,34;235,18;8977,16;149,62;0;110,793713;133;4;129;116,43;34,11;58,35;30573,54;2977,16;128,8;175,05;1910;1560,46;0,3;0,3;0;0;0;0;128,8;128,8
25/09/2026 08:30:09;25/09/2026;01/09/2026;25/09/2026;6;E;481;123;27900;58473,54;49402,9;7077,66;128,8;7559;6709;850;0;0;0;0;0;6468,29;42934,61;153,89;105;823,01;84;72;68,57;0;M;63;BRACELL;0;22;54;245,45;166,51;0;12000;26452,3;5638,38;20813,92;173,45;0;252,940152;511;110;401;158,54;64,52;108,23;30573,54;8813,92;128,8;274,74;1910;1560,46;0,3;0,3;0;0;0;0;128,8;128,8
25/09/2026 08:30:09;25/09/2026;01/09/2026;25/09/2026;6;E;481;123;27900;58473,54;49402,9;7077,66;128,8;7559;6709;850;0;0;0;0;0;6468,29;42934,61;153,89;105;823,01;84;72;68,57;0;M;66;COCO SHOW;0;23;26;113,04;44,64;0;5000;5993,8;413,29;5580,51;111,61;0;356,990506;338;28;310;86,84;7,25;29,02;30573,54;580,51;128,8;73,66;1910;1560,46;0,3;0,3;0;0;0;0;128,8;128,8
25/09/2026 08:30:09;25/09/2026;01/09/2026;25/09/2026;6;E;481;123;27900;58473,54;49402,9;7077,66;128,8;7559;6709;850;0;0;0;0;0;6468,29;42934,61;153,89;105;823,01;84;72;68,57;0;M;69;GAMELEIRA;0;23;28;121,74;52,32;0;2500;4206,25;181,44;4024,81;160,99;0;59,440149;92;4;88;148,05;15,29;26,16;30573,54;1524,81;128,8;78,48;1910;1560,46;0,3;0,3;0;0;0;0;128,8;128,8
25/09/2026 08:30:09;25/09/2026;01/09/2026;25/09/2026;6;E;481;123;27900;58473,54;49402,9;7077,66;128,8;7559;6709;850;0;0;0;0;0;6468,29;42934,61;153,89;105;823,01;84;72;68,57;0;M;65;MATUTA;0;15;4;26,67;0;0;2400;1535,9;0;1535,9;64;0;42,93871;24;0;24;55,89;0;0;30573,54;-864,1;128,8;0;1910;1560,46;0,3;0,3;0;0;0;0;128,8;128,8
25/09/2026 08:30:09;25/09/2026;01/09/2026;25/09/2026;13;E;482;69;53000;46899,79;41267,3;1443,61;0;2197;2196;1;0;0;0;0;0;46,8;41220,5;77,77;59;1152;39;35;59,32;0;M;63;BRACELL;0;10;5;50;0;0;2000;1665,98;46,8;1619,18;80,96;0;50;44;1;43;86;2,1;0;-6100,21;-380,82;0;0;155,73;16,88;0;0,3;0;0;0;0;123,66;123,66
25/09/2026 08:30:09;25/09/2026;01/09/2026;25/09/2026;13;E;482;69;53000;46899,79;41267,3;1443,61;0;2197;2196;1;0;0;0;0;0;46,8;41220,5;77,77;59;1152;39;35;59,32;0;M;83;ROBINSON CRUSOE;0;12;1;8,33;0;0;3000;257,8;0;257,8;8,59;0;8;2;0;2;25;0;0;-6100,21;-2742,2;0;0;155,73;16,88;0;0,3;0;0;0;0;123,66;123,66
25/09/2026 08:30:09;25/09/2026;01/09/2026;25/09/2026;13;E;482;69;53000;46899,79;41267,3;1443,61;0;2197;2196;1;0;0;0;0;0;46,8;41220,5;77,77;59;1152;39;35;59,32;0;M;65;MATUTA;0;13;;;0;0;1000;;0;0;0;0;7;;;;0;0;0;-6100,21;-1000;0;0;155,73;16,88;0;0,3;0;0;0;0;123,66;123,66
25/09/2026 08:30:09;25/09/2026;01/09/2026;25/09/2026;13;E;482;69;53000;46899,79;41267,3;1443,61;0;2197;2196;1;0;0;0;0;0;46,8;41220,5;77,77;59;1152;39;35;59,32;0;M;69;GAMELEIRA;0;15;1;6,67;0;0;1000;102,6;0;102,6;10,26;0;5;2;0;2;40;0;0;-6100,21;-897,4;0;0;155,73;16,88;0;0,3;0;0;0;0;123,66;123,66
25/09/2026 08:30:09;25/09/2026;01/09/2026;25/09/2026;19;E;321;104;110145;76664,81;82786,69;1515,57;0;2493;2493;0;0;0;0;0;0;0;82786,69;75,16;88;2782;60;62;70,45;0;M;47;SOFFIE;0;18;;;0;0;1018,02;;0;0;0;0;47;;;;0;0;0;-33480,19;-1018,02;0;0;156,18;99,53;0;0;0;0;0;0;0;0
25/09/2026 08:30:09;25/09/2026;01/09/2026;25/09/2026;19;E;321;104;110145;76664,81;82786,69;1515,57;0;2493;2493;0;0;0;0;0;0;0;82786,69;75,16;88;2782;60;62;70,45;0;M;2;MARILAN;0;60;42;70;0;0;35429,48;36665,92;0;36665,92;103,49;0;932;1128;0;1128;121,03;44;55;-33480,19;1236,44;0;55;156,18;99,53;0;0;0;0;0;0;0;0
25/09/2026 08:30:09;25/09/2026;01/09/2026;25/09/2026;19;E;321;104;110145;76664,81;82786,69;1515,57;0;2493;2493;0;0;0;0;0;0;0;82786,69;75,16;88;2782;60;62;70,45;0;M;18;SABORELLE - RACAO;0;12;11;91,67;22,03;0;3665,75;4079,36;0;4079,36;111,28;0;63;73;0;73;115,87;12,65;16,32;-33480,19;413,61;0;38,35;156,18;99,53;0;0;0;0;0;0;0;0
25/09/2026 08:30:09;25/09/2026;01/09/2026;25/09/2026;19;E;321;104;110145;76664,81;82786,69;1515,57;0;2493;2493;0;0;0;0;0;0;0;82786,69;75,16;88;2782;60;62;70,45;0;M;74;BRAVA;0;11;1;9,09;0;0;1002,62;254;0;254;25,33;0;14;4;0;4;28,57;0;0;-33480,19;-748,62;0;0;156,18;99,53;0;0;0;0;0;0;0;0
25/09/2026 08:30:09;25/09/2026;01/09/2026;25/09/2026;19;E;321;104;110145;76664,81;82786,69;1515,57;0;2493;2493;0;0;0;0;0;0;0;82786,69;75,16;88;2782;60;62;70,45;0;M;60;RICLAN;0;19;17;89,47;6,18;0;3769,6;1143,76;0;1143,76;30,34;0;185;130;0;130;70,27;0;0;-33480,19;-2625,84;0;6,18;156,18;99,53;0;0;0;0;0;0;0;0
25/09/2026 08:30:09;25/09/2026;01/09/2026;25/09/2026;19;E;321;104;110145;76664,81;82786,69;1515,57;0;2493;2493;0;0;0;0;0;0;0;82786,69;75,16;88;2782;60;62;70,45;0;M;59;CASA SUICA;0;11;2;18,18;0;0;608,52;124,71;0;124,71;20,49;0;15;6;0;6;40;0;0;-33480,19;-483,81;0;0;156,18;99,53;0;0;0;0;0;0;0;0
25/09/2026 08:30:09;25/09/2026;01/09/2026;25/09/2026;19;E;321;104;110145;76664,81;82786,69;1515,57;0;2493;2493;0;0;0;0;0;0;0;82786,69;75,16;88;2782;60;62;70,45;0;M;15;QUEIJOS LELO;0;20;3;15;0;0;3988,78;672,25;0;672,25;16,85;0;27;5;0;5;18,52;0;0;-33480,19;-3316,53;0;0;156,18;99,53;0;0;0;0;0;0;0;0
25/09/2026 08:30:09;25/09/2026;01/09/2026;25/09/2026;19;E;321;104;110145;76664,81;82786,69;1515,57;0;2493;2493;0;0;0;0;0;0;0;82786,69;75,16;88;2782;60;62;70,45;0;M;51;GUANABARA;0;15;3;20;0;0;1792,36;709,42;0;709,42;39,58;0;9;4;0;4;44,44;0;0;-33480,19;-1082,94;0;0;156,18;99,53;0;0;0;0;0;0;0;0
25/09/2026 08:30:09;25/09/2026;01/09/2026;25/09/2026;19;E;321;104;110145;76664,81;82786,69;1515,57;0;2493;2493;0;0;0;0;0;0;0;82786,69;75,16;88;2782;60;62;70,45;0;M;82;ZICO;0;7;;;0;0;1000;;0;0;0;0;7;;;;0;0;0;-33480,19;-1000;0;0;156,18;99,53;0;0;0;0;0;0;0;0
25/09/2026 08:30:09;25/09/2026;01/09/2026;25/09/2026;19;E;321;104;110145;76664,81;82786,69;1515,57;0;2493;2493;0;0;0;0;0;0;0;82786,69;75,16;88;2782;60;62;70,45;0;M;53;CASAKM;0;40;31;77,5;0;0;22412,93;14900,53;0;14900,53;66,48;0;431;292;0;292;67,75;0;0;-33480,19;-7512,4;0;0;156,18;99,53;0;0;0;0;0;0;0;0
25/09/2026 08:30:09;25/09/2026;01/09/2026;25/09/2026;20;E;341;703;1011066;815,43;815,43;-26;0;22;-57;79;0;0;0;0;0;1347;-531,57;-0,05;598;30819;2;2;0,33;0;M;44;JDE;0;365;;;0;0;885386,86;;313,23;-313,23;-0,04;0;14437,98;0;49;-49;-0,34;0;0;-1010250,57;-885700,09;0;0;0;0;0;0;0;0;0;0;0;0
25/09/2026 08:30:09;25/09/2026;01/09/2026;25/09/2026;20;E;341;703;1011066;815,43;815,43;-26;0;22;-57;79;0;0;0;0;0;1347;-531,57;-0,05;598;30819;2;2;0,33;0;M;74;BRAVA;0;70;;;0;0;21242,81;;1347;-1347;-6,34;0;474,525;0;30;-30;-6,32;0;0;-1010250,57;-22589,81;0;0;0;0;0;0;0;0;0;0;0;0
25/09/2026 08:30:09;25/09/2026;01/09/2026;25/09/2026;20;E;341;703;1011066;815,43;815,43;-26;0;22;-57;79;0;0;0;0;0;1347;-531,57;-0,05;598;30819;2;2;0,33;0;M;59;CASA SUICA;0;70;;;0;0;6000;;0;0;0;0;129,6;;;;0;0;0;-1010250,57;-6000;0;0;0;0;0;0;0;0;0;0;0;0
25/09/2026 08:30:09;25/09/2026;01/09/2026;25/09/2026;20;E;341;703;1011066;815,43;815,43;-26;0;22;-57;79;0;0;0;0;0;1347;-531,57;-0,05;598;30819;2;2;0,33;0;M;72;FRANBA;0;70;;;0;0;6000;;0;0;0;0;60;;;;0;0;0;-1010250,57;-6000;0;0;0;0;0;0;0;0;0;0;0;0
25/09/2026 08:30:09;25/09/2026;01/09/2026;25/09/2026;20;E;341;703;1011066;815,43;815,43;-26;0;22;-57;79;0;0;0;0;0;1347;-531,57;-0,05;598;30819;2;2;0,33;0;M;2;MARILAN;0;275;2;0,73;0;0;173683,26;760,3;0;760,3;0,44;0;4000,7;17;0;17;0,42;0;0;-1010250,57;-172922,96;0;0;0;0;0;0;0;0;0;0;0;0
25/09/2026 08:30:09;25/09/2026;01/09/2026;25/09/2026;20;E;341;703;1011066;815,43;815,43;-26;0;22;-57;79;0;0;0;0;0;1347;-531,57;-0,05;598;30819;2;2;0,33;0;M;6;SOL BEBIDAS;0;70;;;0;0;6000;;0;0;0;0;60;;;;0;0;0;-1010250,57;-6000;0;0;0;0;0;0;0;0;0;0;0;0
25/09/2026 08:30:09;25/09/2026;01/09/2026;25/09/2026;20;E;341;703;1011066;815,43;815,43;-26;0;22;-57;79;0;0;0;0;0;1347;-531,57;-0,05;598;30819;2;2;0,33;0;M;82;ZICO;0;70;;;0;0;10606,48;;0;0;0;0;61,2;;;;0;0;0;-1010250,57;-10606,48;0;0;0;0;0;0;0;0;0;0;0;0
25/09/2026 08:30:09;25/09/2026;01/09/2026;25/09/2026;20;E;341;703;1011066;815,43;815,43;-26;0;22;-57;79;0;0;0;0;0;1347;-531,57;-0,05;598;30819;2;2;0,33;0;M;47;SOFFIE;0;70;;;0;0;6000;;0;0;0;0;76,95;;;;0;0;0;-1010250,57;-6000;0;0;0;0;0;0;0;0;0;0;0;0
25/09/2026 08:30:09;25/09/2026;01/09/2026;25/09/2026;20;E;341;703;1011066;815,43;815,43;-26;0;22;-57;79;0;0;0;0;0;1347;-531,57;-0,05;598;30819;2;2;0,33;0;M;85;CUIDAX;0;70;;;0;0;6000;;0;0;0;0;60;;;;0;0;0;-1010250,57;-6000;0;0;0;0;0;0;0;0;0;0;0;0
25/09/2026 08:30:09;25/09/2026;01/09/2026;25/09/2026;20;E;341;703;1011066;815,43;815,43;-26;0;22;-57;79;0;0;0;0;0;1347;-531,57;-0,05;598;30819;2;2;0,33;0;M;13;COPRA;0;176;;;0;0;54125,56;;0;0;0;0;1492,125;;;;0;0;0;-1010250,57;-54125,56;0;0;0;0;0;0;0;0;0;0;0;0
25/09/2026 08:30:09;25/09/2026;01/09/2026;25/09/2026;20;E;341;703;1011066;815,43;815,43;-26;0;22;-57;79;0;0;0;0;0;1347;-531,57;-0,05;598;30819;2;2;0,33;0;M;65;MATUTA;0;70;;;0;0;6000;;0;0;0;0;60;;;;0;0;0;-1010250,57;-6000;0;0;0;0;0;0;0;0;0;0;0;0
25/09/2026 08:30:09;25/09/2026;01/09/2026;25/09/2026;20;E;341;703;1011066;815,43;815,43;-26;0;22;-57;79;0;0;0;0;0;1347;-531,57;-0,05;598;30819;2;2;0,33;0;M;1;JAV;0;520;1;0,19;0;0;498288,54;39;0;39;0,01;0;18753,66;4;0;4;0,02;0;0;-1010250,57;-498249,54;0;0;0;0;0;0;0;0;0;0;0;0
25/09/2026 08:30:09;25/09/2026;01/09/2026;25/09/2026;20;E;341;703;1011066;815,43;815,43;-26;0;22;-57;79;0;0;0;0;0;1347;-531,57;-0,05;598;30819;2;2;0,33;0;M;66;COCO SHOW;0;110;;;0;0;17722,09;;0;0;0;0;967,291667;;;;0;0;0;-1010250,57;-17722,09;0;0;0;0;0;0;0;0;0;0;0;0
25/09/2026 08:30:09;25/09/2026;01/09/2026;25/09/2026;20;E;341;703;1011066;815,43;815,43;-26;0;22;-57;79;0;0;0;0;0;1347;-531,57;-0,05;598;30819;2;2;0,33;0;M;15;QUEIJOS LELO;0;70;;;0;0;6000;;0;0;0;0;60;;;;0;0;0;-1010250,57;-6000;0;0;0;0;0;0;0;0;0;0;0;0
25/09/2026 08:30:09;25/09/2026;01/09/2026;25/09/2026;20;E;341;703;1011066;815,43;815,43;-26;0;22;-57;79;0;0;0;0;0;1347;-531,57;-0,05;598;30819;2;2;0,33;0;M;53;CASAKM;0;138;;;0;0;69645,42;;0;0;0;0;1657,15;;;;0;0;0;-1010250,57;-69645,42;0;0;0;0;0;0;0;0;0;0;0;0
25/09/2026 08:30:09;25/09/2026;01/09/2026;25/09/2026;20;E;341;703;1011066;815,43;815,43;-26;0;22;-57;79;0;0;0;0;0;1347;-531,57;-0,05;598;30819;2;2;0,33;0;M;63;BRACELL;0;131;;;0;0;40268,18;;0;0;0;0;1003,183333;;;;0;0;0;-1010250,57;-40268,18;0;0;0;0;0;0;0;0;0;0;0;0
25/09/2026 08:30:09;25/09/2026;01/09/2026;25/09/2026;20;E;341;703;1011066;815,43;815,43;-26;0;22;-57;79;0;0;0;0;0;1347;-531,57;-0,05;598;30819;2;2;0,33;0;M;69;GAMELEIRA;0;70;;;0;0;7451,59;;0;0;0;0;131,4;;;;0;0;0;-1010250,57;-7451,59;0;0;0;0;0;0;0;0;0;0;0;0
25/09/2026 08:30:09;25/09/2026;01/09/2026;25/09/2026;20;E;341;703;1011066;815,43;815,43;-26;0;22;-57;79;0;0;0;0;0;1347;-531,57;-0,05;598;30819;2;2;0,33;0;M;83;ROBINSON CRUSOE;0;70;;;0;0;13639,65;;0;0;0;0;126;;;;0;0;0;-1010250,57;-13639,65;0;0;0;0;0;0;0;0;0;0;0;0
25/09/2026 08:30:09;25/09/2026;01/09/2026;25/09/2026;20;E;341;703;1011066;815,43;815,43;-26;0;22;-57;79;0;0;0;0;0;1347;-531,57;-0,05;598;30819;2;2;0,33;0;M;18;SABORELLE - RACAO;0;70;;;0;0;18432,99;;0;0;0;0;153,45;;;;0;0;0;-1010250,57;-18432,99;0;0;0;0;0;0;0;0;0;0;0;0
25/09/2026 08:30:09;25/09/2026;01/09/2026;25/09/2026;20;E;341;703;1011066;815,43;815,43;-26;0;22;-57;79;0;0;0;0;0;1347;-531,57;-0,05;598;30819;2;2;0,33;0;M;61;DAVENE;0;70;;;0;0;6000;;0;0;0;0;85,05;;;;0;0;0;-1010250,57;-6000;0;0;0;0;0;0;0;0;0;0;0;0
25/09/2026 08:30:09;25/09/2026;01/09/2026;25/09/2026;20;E;341;703;1011066;815,43;815,43;-26;0;22;-57;79;0;0;0;0;0;1347;-531,57;-0,05;598;30819;2;2;0,33;0;M;60;RICLAN;0;120;1;0,83;0;0;18794,21;16,13;0;16,13;0,09;0;1134,475;1;0;1;0,09;0;0;-1010250,57;-18778,08;0;0;0;0;0;0;0;0;0;0;0;0
25/09/2026 08:30:09;25/09/2026;01/09/2026;25/09/2026;13;E;482;69;53000;46899,79;41267,3;1443,61;0;2197;2196;1;0;0;0;0;0;46,8;41220,5;77,77;59;1152;39;35;59,32;0;M;1;JAV;0;36;28;77,78;0;0;40000;19816,4;0;19816,4;49,54;0;1009;907;0;907;89,89;9,91;0;-6100,21;-20183,6;0;0;155,73;16,88;0;0,3;0;0;0;0;123,66;123,66
25/09/2026 08:30:09;25/09/2026;01/09/2026;25/09/2026;13;E;482;69;53000;46899,79;41267,3;1443,61;0;2197;2196;1;0;0;0;0;0;46,8;41220,5;77,77;59;1152;39;35;59,32;0;M;52;GREEN;0;10;2;20;0;0;2000;427,83;0;427,83;21,39;0;10;8;0;8;80;0;0;-6100,21;-1572,17;0;0;155,73;16,88;0;0,3;0;0;0;0;123,66;123,66
25/09/2026 08:30:09;25/09/2026;01/09/2026;25/09/2026;13;E;482;69;53000;46899,79;41267,3;1443,61;0;2197;2196;1;0;0;0;0;0;46,8;41220,5;77,77;59;1152;39;35;59,32;0;M;72;FRANBA;0;10;2;20;0;0;1000;201,64;0;201,64;20,16;0;4;2;0;2;50;0;0;-6100,21;-798,36;0;0;155,73;16,88;0;0,3;0;0;0;0;123,66;123,66
25/09/2026 08:30:09;25/09/2026;01/09/2026;25/09/2026;13;E;482;69;53000;46899,79;41267,3;1443,61;0;2197;2196;1;0;0;0;0;0;46,8;41220,5;77,77;59;1152;39;35;59,32;0;M;44;JDE;0;35;24;68,57;0;0;15000;16877,43;0;16877,43;112,52;0;1055;736;0;736;69,76;0;16,88;-6100,21;1877,43;0;16,88;155,73;16,88;0;0,3;0;0;0;0;123,66;123,66
25/09/2026 08:30:09;25/09/2026;01/09/2026;25/09/2026;13;E;482;69;53000;46899,79;41267,3;1443,61;0;2197;2196;1;0;0;0;0;0;46,8;41220,5;77,77;59;1152;39;35;59,32;0;M;6;SOL BEBIDAS;0;7;1;14,29;0;0;1000;37,94;0;37,94;3,79;0;10;1;0;1;10;0;0;-6100,21;-962,06;0;0;155,73;16,88;0;0,3;0;0;0;0;123,66;123,66
25/09/2026 08:30:09;25/09/2026;01/09/2026;25/09/2026;13;E;482;69;53000;46899,79;41267,3;1443,61;0;2197;2196;1;0;0;0;0;0;46,8;41220,5;77,77;59;1152;39;35;59,32;0;M;66;COCO SHOW;0;11;6;54,55;0;0;2000;1025,82;0;1025,82;51,29;0;49;56;0;56;114,29;3,18;0;-6100,21;-974,18;0;0;155,73;16,88;0;0,3;0;0;0;0;123,66;123,66
25/09/2026 08:30:09;25/09/2026;01/09/2026;25/09/2026;20;E;483;80;55700;45273,64;35714,36;689,35;0;1454;1449;5;0;0;0;0;0;291,07;35423,29;63,6;68;1780,01;51;35;51,47;0;M;1;JAV;0;50;31;62;0;0;35000;20987,37;51,34;20936,03;59,82;0;1335,839515;801;1;800;59,89;0;0;-10426,36;-14063,97;0;0;18,44;13,35;0;0;0;0;0;0;0;0
25/09/2026 08:30:09;25/09/2026;01/09/2026;25/09/2026;20;E;483;80;55700;45273,64;35714,36;689,35;0;1454;1449;5;0;0;0;0;0;291,07;35423,29;63,6;68;1780,01;51;35;51,47;0;M;2;MARILAN;0;21;16;76,19;0;0;7000;3988,69;134,36;3854,33;55,06;0;152,12465;109;2;107;70,34;0;0;-10426,36;-3145,67;0;0;18,44;13,35;0;0;0;0;0;0;0;0
25/09/2026 08:30:09;25/09/2026;01/09/2026;25/09/2026;20;E;483;80;55700;45273,64;35714,36;689,35;0;1454;1449;5;0;0;0;0;0;291,07;35423,29;63,6;68;1780,01;51;35;51,47;0;M;63;BRACELL;0;14;8;57,14;0;0;2400;1568,94;91,87;1477,07;61,54;0;55,861717;61;1;60;107,41;4,58;0;-10426,36;-922,93;0;0;18,44;13,35;0;0;0;0;0;0;0;0
25/09/2026 08:30:09;25/09/2026;01/09/2026;25/09/2026;20;E;483;80;55700;45273,64;35714,36;689,35;0;1454;1449;5;0;0;0;0;0;291,07;35423,29;63,6;68;1780,01;51;35;51,47;0;M;52;GREEN;0;7;6;85,71;1,72;0;1500;318,36;0;318,36;21,22;0;18,75;17;0;17;90,67;0,51;0;-10426,36;-1181,64;0;1,72;18,44;13,35;0;0;0;0;0;0;0;0
25/09/2026 08:30:09;25/09/2026;01/09/2026;25/09/2026;20;E;483;80;55700;45273,64;35714,36;689,35;0;1454;1449;5;0;0;0;0;0;291,07;35423,29;63,6;68;1780,01;51;35;51,47;0;M;66;COCO SHOW;0;9;2;22,22;0;0;1100;135,53;0;135,53;12,32;0;54,248719;2;0;2;3,69;0;0;-10426,36;-964,47;0;0;18,44;13,35;0;0;0;0;0;0;0;0
25/09/2026 08:30:09;25/09/2026;01/09/2026;25/09/2026;20;E;483;80;55700;45273,64;35714,36;689,35;0;1454;1449;5;0;0;0;0;0;291,07;35423,29;63,6;68;1780,01;51;35;51,47;0;M;44;JDE;0;28;18;64,29;0;0;14000;6586,56;0;6586,56;47,05;0;440,994771;340;0;340;77,1;0;0;-10426,36;-7413,44;0;0;18,44;13,35;0;0;0;0;0;0;0;0
25/09/2026 08:30:09;25/09/2026;01/09/2026;25/09/2026;20;E;483;80;55700;45273,64;35714,36;689,35;0;1454;1449;5;0;0;0;0;0;291,07;35423,29;63,6;68;1780,01;51;35;51,47;0;M;13;COPRA;0;14;3;21,43;0;0;2000;616,85;0;616,85;30,84;0;78,757331;9;0;9;11,43;0;0;-10426,36;-1383,15;0;0;18,44;13,35;0;0;0;0;0;0;0;0
25/09/2026 08:30:09;25/09/2026;01/09/2026;25/09/2026;20;E;483;80;55700;45273,64;35714,36;689,35;0;1454;1449;5;0;0;0;0;0;291,07;35423,29;63,6;68;1780,01;51;35;51,47;0;M;18;SABORELLE - RACAO;0;2;;;0;0;1000;;0;0;0;0;9,5345;;;;0;0;0;-10426,36;-1000;0;0;18,44;13,35;0;0;0;0;0;0;0;0
25/09/2026 08:30:09;25/09/2026;01/09/2026;25/09/2026;20;E;483;80;55700;45273,64;35714,36;689,35;0;1454;1449;5;0;0;0;0;0;291,07;35423,29;63,6;68;1780,01;51;35;51,47;0;M;69;GAMELEIRA;0;8;3;37,5;0;0;1000;244,46;0;244,46;24,45;0;11,182979;4;0;4;35,77;0;0;-10426,36;-755,54;0;0;18,44;13,35;0;0;0;0;0;0;0;0
25/09/2026 08:30:09;25/09/2026;01/09/2026;25/09/2026;20;E;483;80;55700;45273,64;35714,36;689,35;0;1454;1449;5;0;0;0;0;0;291,07;35423,29;63,6;68;1780,01;51;35;51,47;0;M;47;SOFFIE;0;0;;;0;0;500;;0;0;0;0;0;;;;;0;0;-10426,36;-500;0;0;18,44;13,35;0;0;0;0;0;0;0;0
25/09/2026 08:30:09;25/09/2026;01/09/2026;25/09/2026;20;E;483;80;55700;45273,64;35714,36;689,35;0;1454;1449;5;0;0;0;0;0;291,07;35423,29;63,6;68;1780,01;51;35;51,47;0;M;6;SOL BEBIDAS;0;7;2;28,57;0;0;500;180,98;0;180,98;36,2;0;4,736842;3;0;3;63,33;0;0;-10426,36;-319,02;0;0;18,44;13,35;0;0;0;0;0;0;0;0
25/09/2026 08:30:09;25/09/2026;01/09/2026;25/09/2026;20;E;483;80;55700;45273,64;35714,36;689,35;0;1454;1449;5;0;0;0;0;0;291,07;35423,29;63,6;68;1780,01;51;35;51,47;0;M;83;ROBINSON CRUSOE;0;10;5;50;0;0;1000;1236,28;0;1236,28;123,63;0;18,75;10;0;10;53,33;0;9,89;-10426,36;236,28;0;9,89;18,44;13,35;0;0;0;0;0;0;0;0
25/09/2026 08:30:09;25/09/2026;01/09/2026;25/09/2026;20;E;483;80;55700;45273,64;35714,36;689,35;0;1454;1449;5;0;0;0;0;0;291,07;35423,29;63,6;68;1780,01;51;35;51,47;0;M;15;QUEIJOS LELO;0;5;1;20;0;0;500;150,34;0;150,34;30,07;0;8;1;0;1;12,5;0;0;-10426,36;-349,66;0;0;18,44;13,35;0;0;0;0;0;0;0;0
25/09/2026 08:30:09;25/09/2026;01/09/2026;25/09/2026;20;E;483;80;55700;45273,64;35714,36;689,35;0;1454;1449;5;0;0;0;0;0;291,07;35423,29;63,6;68;1780,01;51;35;51,47;0;M;82;ZICO;0;8;3;37,5;0;0;1200;4140;0;4140;345;0;5,423256;23;0;23;424,1;;;-10426,36;2940;0;;18,44;13,35;0;0;0;0;0;0;0;0
25/09/2026 08:30:09;25/09/2026;01/09/2026;25/09/2026;20;E;483;80;55700;45273,64;35714,36;689,35;0;1454;1449;5;0;0;0;0;0;291,07;35423,29;63,6;68;1780,01;51;35;51,47;0;M;53;CASAKM;0;10;6;60;0;0;1000;869,54;0;869,54;86,95;0;27,223534;12;0;12;44,08;0;1,74;-10426,36;-130,46;0;1,74;18,44;13,35;0;0;0;0;0;0;0;0
25/09/2026 08:30:09;25/09/2026;01/09/2026;25/09/2026;27;E;485;107;73125;94488,61;86795,65;2677,17;153,84;1881;1723;158;0;0;0;0;0;9873,56;76922,09;105,19;91;2120;45;43;47,25;0;M;2;MARILAN;0;49;36;73,47;0;0;45641,68;67669,87;8930,47;58739,4;128,7;0;1137;1359;151;1208;106,24;70,49;117,48;21363,61;13097,72;153,84;117,48;391,9;312,86;0,2;0;0;0;0;0;0;0
25/09/2026 08:30:09;25/09/2026;01/09/2026;25/09/2026;27;E;485;107;73125;94488,61;86795,65;2677,17;153,84;1881;1723;158;0;0;0;0;0;9873,56;76922,09;105,19;91;2120;45;43;47,25;0;M;13;COPRA;0;32;24;75;0;0;9099,13;6484,02;64,42;6419,6;70,55;0;243;151;1;150;61,73;0;0;21363,61;-2679,53;153,84;0;391,9;312,86;0,2;0;0;0;0;0;0;0
25/09/2026 08:30:09;25/09/2026;01/09/2026;25/09/2026;27;E;485;107;73125;94488,61;86795,65;2677,17;153,84;1881;1723;158;0;0;0;0;0;9873,56;76922,09;105,19;91;2120;45;43;47,25;0;M;15;QUEIJOS LELO;0;10;3;30;0;0;1110,6;1125,13;722,69;402,44;36,24;0;54;5;2;3;5,56;0;0;21363,61;-708,16;153,84;0;391,9;312,86;0,2;0;0;0;0;0;0;0
25/09/2026 08:30:09;25/09/2026;01/09/2026;25/09/2026;27;E;485;107;73125;94488,61;86795,65;2677,17;153,84;1881;1723;158;0;0;0;0;0;9873,56;76922,09;105,19;91;2120;45;43;47,25;0;M;53;CASAKM;0;26;23;88,46;19,08;0;6214,99;5890,78;109;5781,78;93,03;0;213;147;3;144;67,61;0;15,03;21363,61;-433,21;153,84;34,11;391,9;312,86;0,2;0;0;0;0;0;0;0
25/09/2026 08:30:09;25/09/2026;01/09/2026;25/09/2026;27;E;485;107;73125;94488,61;86795,65;2677,17;153,84;1881;1723;158;0;0;0;0;0;9873,56;76922,09;105,19;91;2120;45;43;47,25;0;M;60;RICLAN;0;34;27;79,41;0;0;2469,67;2256,09;5,48;2250,61;91,13;0;162;177;1;176;108,64;8,55;7,43;21363,61;-219,06;153,84;7,43;391,9;312,86;0,2;0;0;0;0;0;0;0
25/09/2026 08:30:09;25/09/2026;01/09/2026;25/09/2026;27;E;485;107;73125;94488,61;86795,65;2677,17;153,84;1881;1723;158;0;0;0;0;0;9873,56;76922,09;105,19;91;2120;45;43;47,25;0;M;66;COCO SHOW;0;1;;;0;0;56,4;;0;0;0;0;4;;;;0;0;0;21363,61;-56,4;153,84;0;391,9;312,86;0,2;0;0;0;0;0;0;0
25/09/2026 08:30:09;25/09/2026;01/09/2026;25/09/2026;27;E;485;107;73125;94488,61;86795,65;2677,17;153,84;1881;1723;158;0;0;0;0;0;9873,56;76922,09;105,19;91;2120;45;43;47,25;0;M;82;ZICO;0;10;4;40;0;0;2440;2440;0;2440;100;0;61;14;0;14;22,95;0;;21363,61;0;153,84;;391,9;312,86;0,2;0;0;0;0;0;0;0
25/09/2026 08:30:09;25/09/2026;01/09/2026;25/09/2026;27;E;485;107;73125;94488,61;86795,65;2677,17;153,84;1881;1723;158;0;0;0;0;0;9873,56;76922,09;105,19;91;2120;45;43;47,25;0;M;74;BRAVA;0;10;;;0;0;1015,37;;0;0;0;0;50;;;;0;0;0;21363,61;-1015,37;153,84;0;391,9;312,86;0,2;0;0;0;0;0;0;0
25/09/2026 08:30:09;25/09/2026;01/09/2026;25/09/2026;26;E;9;88;162437;86680,77;81977,46;1684,11;0;3330;3310;20;0;0;0;0;0;874,76;81102,7;49,93;75;3145;70;65;86,67;0;M;1;JAV;0;73;60;82,19;0;0;88792,24;50913,37;486,47;50426,9;56,79;0;1903;1339;13;1326;69,68;0;0;-75756,23;-38365,34;0;0;225,06;36,41;0;0,2;0;0;0;0;162,21;162,21
25/09/2026 08:30:09;25/09/2026;01/09/2026;25/09/2026;26;E;9;88;162437;86680,77;81977,46;1684,11;0;3330;3310;20;0;0;0;0;0;874,76;81102,7;49,93;75;3145;70;65;86,67;0;M;13;COPRA;0;37;29;78,38;0;0;15836,35;6908,53;161,53;6747;42,6;0;259;153;3;150;57,92;0;0;-75756,23;-9089,35;0;0;225,06;36,41;0;0,2;0;0;0;0;162,21;162,21
25/09/2026 08:30:09;25/09/2026;01/09/2026;25/09/2026;26;E;9;88;162437;86680,77;81977,46;1684,11;0;3330;3310;20;0;0;0;0;0;874,76;81102,7;49,93;75;3145;70;65;86,67;0;M;44;JDE;0;51;44;86,27;15,66;0;78835,61;26103,31;9,15;26094,16;33,1;0;1409;1251;1;1250;88,72;7,83;0;-75756,23;-52741,45;0;15,66;225,06;36,41;0;0,2;0;0;0;0;162,21;162,21
25/09/2026 08:30:09;25/09/2026;01/09/2026;25/09/2026;26;E;9;88;162437;86680,77;81977,46;1684,11;0;3330;3310;20;0;0;0;0;0;874,76;81102,7;49,93;75;3145;70;65;86,67;0;M;53;CASAKM;0;29;23;79,31;0;0;14454,54;9624,27;120,6;9503,67;65,75;0;260;240;1;239;91,92;12,35;0;-75756,23;-4950,87;0;0;225,06;36,41;0;0,2;0;0;0;0;162,21;162,21
25/09/2026 08:30:09;25/09/2026;01/09/2026;25/09/2026;26;E;9;88;162437;86680,77;81977,46;1684,11;0;3330;3310;20;0;0;0;0;0;874,76;81102,7;49,93;75;3145;70;65;86,67;0;M;84;CAPRICHE;0;35;12;34,29;0;0;5959,29;2709,82;106,16;2603,66;43,69;0;221;49;2;47;21,27;0;0;-75756,23;-3355,63;0;0;225,06;36,41;0;0,2;0;0;0;0;162,21;162,21
25/09/2026 08:30:09;25/09/2026;01/09/2026;25/09/2026;26;E;9;88;162437;86680,77;81977,46;1684,11;0;3330;3310;20;0;0;0;0;0;874,76;81102,7;49,93;75;3145;70;65;86,67;0;M;51;GUANABARA;0;7;;;0;0;775,06;;0;0;0;0;5;;;;0;0;0;-75756,23;-775,06;0;0;225,06;36,41;0;0,2;0;0;0;0;162,21;162,21
25/09/2026 08:30:09;25/09/2026;01/09/2026;25/09/2026;26;E;9;88;162437;86680,77;81977,46;1684,11;0;3330;3310;20;0;0;0;0;0;874,76;81102,7;49,93;75;3145;70;65;86,67;0;M;83;ROBINSON CRUSOE;0;9;7;77,78;0;0;1854,95;2023,74;0;2023,74;109,1;0;17;16;0;16;94,12;3,24;16,19;-75756,23;168,79;0;16,19;225,06;36,41;0;0,2;0;0;0;0;162,21;162,21
25/09/2026 08:30:09;25/09/2026;01/09/2026;25/09/2026;26;E;9;88;162437;86680,77;81977,46;1684,11;0;3330;3310;20;0;0;0;0;0;874,76;81102,7;49,93;75;3145;70;65;86,67;0;M;74;BRAVA;0;10;3;30;0;0;6824,71;336;0;336;4,92;0;55;6;0;6;10,91;0;0;-75756,23;-6488,71;0;0;225,06;36,41;0;0,2;0;0;0;0;162,21;162,21
25/09/2026 08:30:09;25/09/2026;01/09/2026;25/09/2026;26;E;9;88;162437;86680,77;81977,46;1684,11;0;3330;3310;20;0;0;0;0;0;874,76;81102,7;49,93;75;3145;70;65;86,67;0;M;18;SABORELLE - RACAO;0;10;1;10;0;0;3379,86;150,64;0;150,64;4,46;0;17;1;0;1;5,88;0;0;-75756,23;-3229,22;0;0;225,06;36,41;0;0,2;0;0;0;0;162,21;162,21
25/09/2026 08:30:09;25/09/2026;01/09/2026;25/09/2026;26;E;9;88;162437;86680,77;81977,46;1684,11;0;3330;3310;20;0;0;0;0;0;874,76;81102,7;49,93;75;3145;70;65;86,67;0;M;82;ZICO;0;10;1;10;0;0;2557,55;170;0;170;6,65;0;21;1;0;1;4,76;0;0;-75756,23;-2387,55;0;0;225,06;36,41;0;0,2;0;0;0;0;162,21;162,21
25/09/2026 08:30:09;25/09/2026;01/09/2026;25/09/2026;26;E;9;88;162437;86680,77;81977,46;1684,11;0;3330;3310;20;0;0;0;0;0;874,76;81102,7;49,93;75;3145;70;65;86,67;0;M;69;GAMELEIRA;0;9;3;33,33;0;0;2572,11;180,32;0;180,32;7,01;0;14;4;0;4;28,57;0;0;-75756,23;-2391,79;0;0;225,06;36,41;0;0,2;0;0;0;0;162,21;162,21
25/09/2026 08:30:09;25/09/2026;01/09/2026;25/09/2026;26;E;9;88;162437;86680,77;81977,46;1684,11;0;3330;3310;20;0;0;0;0;0;874,76;81102,7;49,93;75;3145;70;65;86,67;0;M;72;FRANBA;0;13;3;23,08;0;0;1288,97;247,65;0;247,65;19,21;0;10;3;0;3;30;0;0;-75756,23;-1041,32;0;0;225,06;36,41;0;0,2;0;0;0;0;162,21;162,21
25/09/2026 08:30:09;25/09/2026;01/09/2026;25/09/2026;26;E;9;88;162437;86680,77;81977,46;1684,11;0;3330;3310;20;0;0;0;0;0;874,76;81102,7;49,93;75;3145;70;65;86,67;0;M;47;SOFFIE;0;10;;;0;0;1392,55;;0;0;0;0;37;;;;0;0;0;-75756,23;-1392,55;0;0;225,06;36,41;0;0,2;0;0;0;0;162,21;162,21
25/09/2026 08:30:09;25/09/2026;01/09/2026;25/09/2026;26;E;9;88;162437;86680,77;81977,46;1684,11;0;3330;3310;20;0;0;0;0;0;874,76;81102,7;49,93;75;3145;70;65;86,67;0;M;52;GREEN;0;7;4;57,14;0;0;1668,53;477,4;0;477,4;28,61;0;20;9;0;9;45;0;0;-75756,23;-1191,13;0;0;225,06;36,41;0;0,2;0;0;0;0;162,21;162,21
25/09/2026 08:30:09;25/09/2026;01/09/2026;25/09/2026;26;E;9;88;162437;86680,77;81977,46;1684,11;0;3330;3310;20;0;0;0;0;0;874,76;81102,7;49,93;75;3145;70;65;86,67;0;M;60;RICLAN;0;15;9;60;0;0;2539,56;1675,12;0;1675,12;65,96;0;101;88;0;88;87,13;2,68;0;-75756,23;-864,44;0;0;225,06;36,41;0;0,2;0;0;0;0;162,21;162,21
25/09/2026 08:30:09;25/09/2026;01/09/2026;25/09/2026;26;E;9;88;162437;86680,77;81977,46;1684,11;0;3330;3310;20;0;0;0;0;0;874,76;81102,7;49,93;75;3145;70;65;86,67;0;M;61;DAVENE;0;8;1;12,5;0;0;388,41;26,34;0;26,34;6,78;0;9;6;0;6;66,67;0;0;-75756,23;-362,07;0;0;225,06;36,41;0;0,2;0;0;0;0;162,21;162,21
25/09/2026 08:30:09;25/09/2026;01/09/2026;25/09/2026;26;E;9;88;162437;86680,77;81977,46;1684,11;0;3330;3310;20;0;0;0;0;0;874,76;81102,7;49,93;75;3145;70;65;86,67;0;M;65;MATUTA;0;10;1;10;0;0;1053,39;88,72;0;88,72;8,42;0;2;2;0;2;100;0,34;0;-75756,23;-964,67;0;0;225,06;36,41;0;0,2;0;0;0;0;162,21;162,21
25/09/2026 08:30:09;25/09/2026;01/09/2026;25/09/2026;26;E;9;88;162437;86680,77;81977,46;1684,11;0;3330;3310;20;0;0;0;0;0;874,76;81102,7;49,93;75;3145;70;65;86,67;0;M;15;QUEIJOS LELO;0;15;8;53,33;0;0;3464,83;2021,3;0;2021,3;58,34;0;19;15;0;15;78,95;0;0;-75756,23;-1443,53;0;0;225,06;36,41;0;0,2;0;0;0;0;162,21;162,21
25/09/2026 08:30:09;25/09/2026;01/09/2026;25/09/2026;26;E;9;88;162437;86680,77;81977,46;1684,11;0;3330;3310;20;0;0;0;0;0;874,76;81102,7;49,93;75;3145;70;65;86,67;0;M;63;BRACELL;0;9;8;88,89;4,56;0;2946,32;1380,73;0;1380,73;46,86;0;67;41;0;41;61,19;0;0;-75756,23;-1565,59;0;4,56;225,06;36,41;0;0,2;0;0;0;0;162,21;162,21
25/09/2026 08:30:09;25/09/2026;01/09/2026;25/09/2026;26;E;9;88;162437;86680,77;81977,46;1684,11;0;3330;3310;20;0;0;0;0;0;874,76;81102,7;49,93;75;3145;70;65;86,67;0;M;66;COCO SHOW;0;18;15;83,33;0;0;4688,26;1016,23;0;1016,23;21,68;0;108;57;0;57;52,78;0;0;-75756,23;-3672,03;0;0;225,06;36,41;0;0,2;0;0;0;0;162,21;162,21
25/09/2026 08:30:09;25/09/2026;01/09/2026;25/09/2026;26;E;13;68;178684;62943,01;58889,87;1254,86;0;2909;2722;187;0;0;0;0;0;4257,5;54632,37;30,57;58;4739,01;52;51;87,93;0;M;1;JAV;0;54;51;94,44;51,94;0;120293,21;42463,84;2510,53;39953,31;33,21;0;3866;2004;105;1899;49,12;0;0;-115740,99;-80339,9;0;51,94;126,64;109,45;0;0;0;0;0;0;0;0
25/09/2026 08:30:09;25/09/2026;01/09/2026;25/09/2026;26;E;13;68;178684;62943,01;58889,87;1254,86;0;2909;2722;187;0;0;0;0;0;4257,5;54632,37;30,57;58;4739,01;52;51;87,93;0;M;13;COPRA;0;21;18;85,71;7,18;0;20276,31;3244,41;1069,81;2174,6;10,72;0;393;108;49;59;15,01;0;0;-115740,99;-18101,71;0;7,18;126,64;109,45;0;0;0;0;0;0;0;0
25/09/2026 08:30:09;25/09/2026;01/09/2026;25/09/2026;26;E;13;68;178684;62943,01;58889,87;1254,86;0;2909;2722;187;0;0;0;0;0;4257,5;54632,37;30,57;58;4739,01;52;51;87,93;0;M;44;JDE;0;30;24;80;0;0;66961,01;34837,01;2134,06;32702,95;48,84;0;845;513;11;502;59,41;0;0;-115740,99;-34258,06;0;0;126,64;109,45;0;0;0;0;0;0;0;0
25/09/2026 08:30:09;25/09/2026;01/09/2026;25/09/2026;26;E;13;68;178684;62943,01;58889,87;1254,86;0;2909;2722;187;0;0;0;0;0;4257,5;54632,37;30,57;58;4739,01;52;51;87,93;0;M;53;CASAKM;0;10;16;160;33,55;0;4069,19;4689,64;495,56;4194,08;103,07;0;68;84;14;70;102,94;13;16,78;-115740,99;124,89;0;50,33;126,64;109,45;0;0;0;0;0;0;0;0
25/09/2026 08:30:09;25/09/2026;01/09/2026;25/09/2026;26;E;13;68;178684;62943,01;58889,87;1254,86;0;2909;2722;187;0;0;0;0;0;4257,5;54632,37;30,57;58;4739,01;52;51;87,93;0;M;69;GAMELEIRA;0;16;13;81,25;0;0;4048,32;1937,48;94,9;1842,58;45,51;0;47;41;2;39;82,98;0;0;-115740,99;-2205,74;0;0;126,64;109,45;0;0;0;0;0;0;0;0
25/09/2026 08:30:09;25/09/2026;01/09/2026;25/09/2026;26;E;13;68;178684;62943,01;58889,87;1254,86;0;2909;2722;187;0;0;0;0;0;4257,5;54632,37;30,57;58;4739,01;52;51;87,93;0;M;84;CAPRICHE;0;11;1;9,09;0;0;636,58;88,55;86,7;1,85;0,29;0;17;1;6;-5;-29,41;0;0;-115740,99;-634,73;0;0;126,64;109,45;0;0;0;0;0;0;0;0
25/09/2026 08:30:09;25/09/2026;01/09/2026;25/09/2026;26;E;13;68;178684;62943,01;58889,87;1254,86;0;2909;2722;187;0;0;0;0;0;4257,5;54632,37;30,57;58;4739,01;52;51;87,93;0;M;52;GREEN;0;5;;;0;0;1823,6;;0;0;0;0;16;;;;0;0;0;-115740,99;-1823,6;0;0;126,64;109,45;0;0;0;0;0;0;0;0
25/09/2026 08:30:09;25/09/2026;01/09/2026;25/09/2026;26;E;13;68;178684;62943,01;58889,87;1254,86;0;2909;2722;187;0;0;0;0;0;4257,5;54632,37;30,57;58;4739,01;52;51;87,93;0;M;74;BRAVA;0;6;2;33,33;0;0;1766,27;217;0;217;12,29;0;12;4;0;4;33,33;0;0;-115740,99;-1549,27;0;0;126,64;109,45;0;0;0;0;0;0;0;0
25/09/2026 08:30:09;25/09/2026;01/09/2026;25/09/2026;20;E;341;703;1011066;815,43;815,43;-26;0;22;-57;79;0;0;0;0;0;1347;-531,57;-0,05;598;30819;2;2;0,33;0;M;51;GUANABARA;0;70;;;0;0;7138,98;;0;0;0;0;62,325;;;;0;0;0;-1010250,57;-7138,98;0;0;0;0;0;0;0;0;0;0;0;0
25/09/2026 08:30:09;25/09/2026;01/09/2026;25/09/2026;20;E;341;703;1011066;815,43;815,43;-26;0;22;-57;79;0;0;0;0;0;1347;-531,57;-0,05;598;30819;2;2;0,33;0;M;52;GREEN;0;70;;;0;0;12027,21;;0;0;0;0;210,375;;;;0;0;0;-1010250,57;-12027,21;0;0;0;0;0;0;0;0;0;0;0;0
25/09/2026 08:30:09;25/09/2026;01/09/2026;25/09/2026;19;E;343;106;150003;75125,22;77222,58;2153,3;0;3854;3805;49;0;0;0;0;0;330,3;76892,28;51,26;90;4358;68;69;76,67;0;M;1;JAV;0;88;62;70,45;0;0;110872,28;66364,27;330,3;66033,97;59,56;0;3494;1983;6;1977;56,58;0;0;-74877,78;-44838,31;0;0;7,64;5,91;0;0;0;0;0;0;0;0
25/09/2026 08:30:09;25/09/2026;01/09/2026;25/09/2026;19;E;343;106;150003;75125,22;77222,58;2153,3;0;3854;3805;49;0;0;0;0;0;330,3;76892,28;51,26;90;4358;68;69;76,67;0;M;44;JDE;0;81;55;67,9;0;0;260249,6;94680,28;342,91;94337,37;36,25;0;2652;1593;43;1550;58,45;0;0;-74877,78;-165912,23;0;0;7,64;5,91;0;0;0;0;0;0;0;0
25/09/2026 08:30:09;25/09/2026;01/09/2026;25/09/2026;19;E;343;106;150003;75125,22;77222,58;2153,3;0;3854;3805;49;0;0;0;0;0;330,3;76892,28;51,26;90;4358;68;69;76,67;0;M;72;FRANBA;0;11;3;27,27;0;0;1128,32;274,01;0;274,01;24,28;0;12;3;0;3;25;0;0;-74877,78;-854,31;0;0;7,64;5,91;0;0;0;0;0;0;0;0
25/09/2026 08:30:09;25/09/2026;01/09/2026;25/09/2026;19;E;343;106;150003;75125,22;77222,58;2153,3;0;3854;3805;49;0;0;0;0;0;330,3;76892,28;51,26;90;4358;68;69;76,67;0;M;52;GREEN;0;19;4;21,05;0;0;4088,57;884,61;0;884,61;21,64;0;44;15;0;15;34,09;0;0;-74877,78;-3203,96;0;0;7,64;5,91;0;0;0;0;0;0;0;0
25/09/2026 08:30:09;25/09/2026;01/09/2026;25/09/2026;19;E;343;106;150003;75125,22;77222,58;2153,3;0;3854;3805;49;0;0;0;0;0;330,3;76892,28;51,26;90;4358;68;69;76,67;0;M;6;SOL BEBIDAS;0;6;9;150;5,91;0;1039,13;454,39;0;454,39;43,73;0;9;10;0;10;111,11;1,73;0;-74877,78;-584,74;0;5,91;7,64;5,91;0;0;0;0;0;0;0;0
25/09/2026 08:30:09;25/09/2026;01/09/2026;25/09/2026;19;E;343;106;150003;75125,22;77222,58;2153,3;0;3854;3805;49;0;0;0;0;0;330,3;76892,28;51,26;90;4358;68;69;76,67;0;M;82;ZICO;0;7;;;0;0;1000;;0;0;0;0;7;;;;0;0;0;-74877,78;-1000;0;0;7,64;5,91;0;0;0;0;0;0;0;0
25/09/2026 08:30:09;25/09/2026;01/09/2026;25/09/2026;19;E;343;106;150003;75125,22;77222,58;2153,3;0;3854;3805;49;0;0;0;0;0;330,3;76892,28;51,26;90;4358;68;69;76,67;0;M;66;COCO SHOW;0;37;15;40,54;0;0;6313,63;1594,44;0;1594,44;25,25;0;303;118;0;118;38,94;0;0;-74877,78;-4719,19;0;0;7,64;5,91;0;0;0;0;0;0;0;0
25/09/2026 08:30:09;25/09/2026;01/09/2026;25/09/2026;19;E;343;106;150003;75125,22;77222,58;2153,3;0;3854;3805;49;0;0;0;0;0;330,3;76892,28;51,26;90;4358;68;69;76,67;0;M;69;GAMELEIRA;0;17;7;41,18;0;0;6439,08;1430,51;0;1430,51;22,22;0;87;21;0;21;24,14;0;0;-74877,78;-5008,57;0;0;7,64;5,91;0;0;0;0;0;0;0;0
25/09/2026 08:30:09;25/09/2026;01/09/2026;25/09/2026;19;E;343;106;150003;75125,22;77222,58;2153,3;0;3854;3805;49;0;0;0;0;0;330,3;76892,28;51,26;90;4358;68;69;76,67;0;M;63;BRACELL;0;29;15;51,72;0;0;12386,62;3794,75;0;3794,75;30,64;0;321;71;0;71;22,12;0;0;-74877,78;-8591,87;0;0;7,64;5,91;0;0;0;0;0;0;0;0
25/09/2026 08:30:09;25/09/2026;01/09/2026;25/09/2026;19;E;343;106;150003;75125,22;77222,58;2153,3;0;3854;3805;49;0;0;0;0;0;330,3;76892,28;51,26;90;4358;68;69;76,67;0;M;83;ROBINSON CRUSOE;0;14;5;35,71;0;0;5032,85;1490,12;0;1490,12;29,61;0;41;12;0;12;29,27;0;0;-74877,78;-3542,73;0;0;7,64;5,91;0;0;0;0;0;0;0;0
25/09/2026 08:30:09;25/09/2026;01/09/2026;25/09/2026;19;E;343;106;150003;75125,22;77222,58;2153,3;0;3854;3805;49;0;0;0;0;0;330,3;76892,28;51,26;90;4358;68;69;76,67;0;M;65;MATUTA;0;10;;;0;0;1000;;0;0;0;0;10;;;;0;0;0;-74877,78;-1000;0;0;7,64;5,91;0;0;0;0;0;0;0;0
25/09/2026 08:30:09;25/09/2026;01/09/2026;25/09/2026;19;E;343;106;150003;75125,22;77222,58;2153,3;0;3854;3805;49;0;0;0;0;0;330,3;76892,28;51,26;90;4358;68;69;76,67;0;M;61;DAVENE;0;12;3;25;0;0;702,52;118,2;0;118,2;16,83;0;30;12;0;12;40;0;0;-74877,78;-584,32;0;0;7,64;5,91;0;0;0;0;0;0;0;0
25/09/2026 08:30:09;25/09/2026;01/09/2026;25/09/2026;19;E;348;95;135869;90381,07;66666,49;1723,28;0;2722;2622;100;0;0;0;0;0;3461,41;63205,08;46,52;81;3695;46;39;48,15;0;M;1;JAV;0;60;29;48,33;0;0;42812,7;21426,06;177,74;21248,32;49,63;0;1174;608;15;593;50,51;0;0;-45487,93;-21564,38;0;0;75,15;25,72;0;0;0;0;0;0;0;0
25/09/2026 08:30:09;25/09/2026;01/09/2026;25/09/2026;19;E;348;95;135869;90381,07;66666,49;1723,28;0;2722;2622;100;0;0;0;0;0;3461,41;63205,08;46,52;81;3695;46;39;48,15;0;M;2;MARILAN;0;46;26;56,52;0;0;46371,19;24712,02;42,68;24669,34;53,2;0;976;1028;4;1024;104,92;29,6;0;-45487,93;-21701,85;0;0;75,15;25,72;0;0;0;0;0;0;0;0
25/09/2026 08:30:09;25/09/2026;01/09/2026;25/09/2026;19;E;348;95;135869;90381,07;66666,49;1723,28;0;2722;2622;100;0;0;0;0;0;3461,41;63205,08;46,52;81;3695;46;39;48,15;0;M;44;JDE;0;59;33;55,93;0;0;122363,64;77051,25;9309,2;67742,05;55,36;0;1393;475;41;434;31,16;0;0;-45487,93;-54621,59;0;0;75,15;25,72;0;0;0;0;0;0;0;0
25/09/2026 08:30:09;25/09/2026;01/09/2026;25/09/2026;19;E;348;95;135869;90381,07;66666,49;1723,28;0;2722;2622;100;0;0;0;0;0;3461,41;63205,08;46,52;81;3695;46;39;48,15;0;M;52;GREEN;0;27;9;33,33;0;0;1705,37;387,41;36,72;350,69;20,56;0;80;9;1;8;10;0;0;-45487,93;-1354,68;0;0;75,15;25,72;0;0;0;0;0;0;0;0
25/09/2026 08:30:09;25/09/2026;01/09/2026;25/09/2026;19;E;348;95;135869;90381,07;66666,49;1723,28;0;2722;2622;100;0;0;0;0;0;3461,41;63205,08;46,52;81;3695;46;39;48,15;0;M;53;CASAKM;0;30;4;13,33;0;0;17542,55;6015,67;486;5529,67;31,52;0;553;113;9;104;18,81;0;0;-45487,93;-12012,88;0;0;75,15;25,72;0;0;0;0;0;0;0;0
25/09/2026 08:30:09;25/09/2026;01/09/2026;25/09/2026;19;E;348;95;135869;90381,07;66666,49;1723,28;0;2722;2622;100;0;0;0;0;0;3461,41;63205,08;46,52;81;3695;46;39;48,15;0;M;60;RICLAN;0;16;10;62,5;0;0;1505,14;605,44;81,87;523,57;34,79;0;66;54;9;45;68,18;0;0;-45487,93;-981,57;0;0;75,15;25,72;0;0;0;0;0;0;0;0
25/09/2026 08:30:09;25/09/2026;01/09/2026;25/09/2026;19;E;348;95;135869;90381,07;66666,49;1723,28;0;2722;2622;100;0;0;0;0;0;3461,41;63205,08;46,52;81;3695;46;39;48,15;0;M;74;BRAVA;0;19;4;21,05;0;0;1212,81;242,5;20,3;222,2;18,32;0;100;14;1;13;13;0;0;-45487,93;-990,61;0;0;75,15;25,72;0;0;0;0;0;0;0;0
25/09/2026 08:30:09;25/09/2026;01/09/2026;25/09/2026;19;E;348;95;135869;90381,07;66666,49;1723,28;0;2722;2622;100;0;0;0;0;0;3461,41;63205,08;46,52;81;3695;46;39;48,15;0;M;83;ROBINSON CRUSOE;0;10;3;30;0;0;1267,7;2681,2;2423,4;257,8;20,34;0;19;24;20;4;21,05;0;0;-45487,93;-1009,9;0;0;75,15;25,72;0;0;0;0;0;0;0;0
25/09/2026 08:30:09;25/09/2026;01/09/2026;25/09/2026;19;E;348;95;135869;90381,07;66666,49;1723,28;0;2722;2622;100;0;0;0;0;0;3461,41;63205,08;46,52;81;3695;46;39;48,15;0;M;13;COPRA;0;36;7;19,44;0;0;7637,64;2940,14;0;2940,14;38,5;0;342;102;0;102;29,82;0;0;-45487,93;-4697,5;0;0;75,15;25,72;0;0;0;0;0;0;0;0
25/09/2026 08:30:09;25/09/2026;01/09/2026;25/09/2026;19;E;348;95;135869;90381,07;66666,49;1723,28;0;2722;2622;100;0;0;0;0;0;3461,41;63205,08;46,52;81;3695;46;39;48,15;0;M;15;QUEIJOS LELO;0;20;2;10;0;0;1001,4;132,63;0;132,63;13,24;0;7;2;0;2;28,57;0;0;-45487,93;-868,77;0;0;75,15;25,72;0;0;0;0;0;0;0;0
25/09/2026 08:30:09;25/09/2026;01/09/2026;25/09/2026;19;E;348;95;135869;90381,07;66666,49;1723,28;0;2722;2622;100;0;0;0;0;0;3461,41;63205,08;46,52;81;3695;46;39;48,15;0;M;65;MATUTA;0;10;;;0;0;1044,58;;0;0;0;0;20;;;;0;0;0;-45487,93;-1044,58;0;0;75,15;25,72;0;0;0;0;0;0;0;0
25/09/2026 08:30:09;25/09/2026;01/09/2026;25/09/2026;19;E;348;95;135869;90381,07;66666,49;1723,28;0;2722;2622;100;0;0;0;0;0;3461,41;63205,08;46,52;81;3695;46;39;48,15;0;M;66;COCO SHOW;0;20;3;15;0;0;4568,83;4694,51;0;4694,51;102,75;0;156;252;0;252;161,54;14,55;18,78;-45487,93;125,68;0;18,78;75,15;25,72;0;0;0;0;0;0;0;0
25/09/2026 08:30:09;25/09/2026;01/09/2026;25/09/2026;19;E;348;95;135869;90381,07;66666,49;1723,28;0;2722;2622;100;0;0;0;0;0;3461,41;63205,08;46,52;81;3695;46;39;48,15;0;M;59;CASA SUICA;0;11;2;18,18;0;0;991,64;161,28;0;161,28;16,26;0;44;6;0;6;13,64;0;0;-45487,93;-830,36;0;0;75,15;25,72;0;0;0;0;0;0;0;0
25/09/2026 08:30:09;25/09/2026;01/09/2026;25/09/2026;19;E;348;95;135869;90381,07;66666,49;1723,28;0;2722;2622;100;0;0;0;0;0;3461,41;63205,08;46,52;81;3695;46;39;48,15;0;M;6;SOL BEBIDAS;0;11;3;27,27;0;0;1040,34;1388,9;0;1388,9;133,5;0;18;22;0;22;122,22;5,28;6,94;-45487,93;348,56;0;6,94;75,15;25,72;0;0;0;0;0;0;0;0
25/09/2026 08:30:09;25/09/2026;01/09/2026;25/09/2026;19;E;348;95;135869;90381,07;66666,49;1723,28;0;2722;2622;100;0;0;0;0;0;3461,41;63205,08;46,52;81;3695;46;39;48,15;0;M;47;SOFFIE;0;13;;;0;0;1018,02;;0;0;0;0;25;;;;0;0;0;-45487,93;-1018,02;0;0;75,15;25,72;0;0;0;0;0;0;0;0
25/09/2026 08:30:09;25/09/2026;01/09/2026;25/09/2026;27;E;485;107;73125;94488,61;86795,65;2677,17;153,84;1881;1723;158;0;0;0;0;0;9873,56;76922,09;105,19;91;2120;45;43;47,25;0;M;18;SABORELLE - RACAO;0;11;1;9,09;0;0;1129,05;326,29;0;326,29;28,9;0;50;2;0;2;4;0;0;21363,61;-802,76;153,84;0;391,9;312,86;0,2;0;0;0;0;0;0;0
25/09/2026 08:30:09;25/09/2026;01/09/2026;25/09/2026;27;E;485;107;73125;94488,61;86795,65;2677,17;153,84;1881;1723;158;0;0;0;0;0;9873,56;76922,09;105,19;91;2120;45;43;47,25;0;M;85;CUIDAX;0;8;1;12,5;0;0;800;65,04;0;65,04;8,13;0;30;4;0;4;13,33;0;0;21363,61;-734,96;153,84;0;391,9;312,86;0,2;0;0;0;0;0;0;0
25/09/2026 08:30:09;25/09/2026;01/09/2026;25/09/2026;27;E;485;107;73125;94488,61;86795,65;2677,17;153,84;1881;1723;158;0;0;0;0;0;9873,56;76922,09;105,19;91;2120;45;43;47,25;0;M;51;GUANABARA;0;16;1;6,25;0;0;2019,97;109,75;0;109,75;5,43;0;61;1;0;1;1,64;0;0;21363,61;-1910,22;153,84;0;391,9;312,86;0,2;0;0;0;0;0;0;0
25/09/2026 08:30:09;25/09/2026;01/09/2026;25/09/2026;27;E;485;107;73125;94488,61;86795,65;2677,17;153,84;1881;1723;158;0;0;0;0;0;9873,56;76922,09;105,19;91;2120;45;43;47,25;0;M;59;CASA SUICA;0;10;3;30;0;0;1128,94;428,68;0;428,68;37,97;0;55;21;0;21;38,18;0;0;21363,61;-700,26;153,84;0;391,9;312,86;0,2;0;0;0;0;0;0;0
25/09/2026 08:30:09;25/09/2026;01/09/2026;25/09/2026;19;E;487;11;46500;24030,44;24030,44;996,82;0;1506;1506;0;0;0;0;0;0;0;24030,44;51,68;9;890;6;6;66,67;0;M;53;CASAKM;0;6;4;66,67;0;0;2000;1242,94;0;1242,94;62,15;0;30;26;0;26;86,67;1,62;0;-22469,56;-757,06;0;0;130,67;15,01;0;0,3;0;0;0;0;72,09;72,09
25/09/2026 08:30:09;25/09/2026;01/09/2026;25/09/2026;19;E;487;11;46500;24030,44;24030,44;996,82;0;1506;1506;0;0;0;0;0;0;0;24030,44;51,68;9;890;6;6;66,67;0;M;65;MATUTA;0;6;1;16,67;0;0;1000;717,84;0;717,84;71,78;0;10;18;0;18;180;2,73;0;-22469,56;-282,16;0;0;130,67;15,01;0;0,3;0;0;0;0;72,09;72,09
25/09/2026 08:30:09;25/09/2026;01/09/2026;25/09/2026;19;E;487;11;46500;24030,44;24030,44;996,82;0;1506;1506;0;0;0;0;0;0;0;24030,44;51,68;9;890;6;6;66,67;0;M;44;JDE;0;5;3;60;0;0;25000;14126,72;0;14126,72;56,51;0;433;652;0;652;150,58;8,48;0;-22469,56;-10873,28;0;0;130,67;15,01;0;0,3;0;0;0;0;72,09;72,09
25/09/2026 08:30:09;25/09/2026;01/09/2026;25/09/2026;19;E;487;11;46500;24030,44;24030,44;996,82;0;1506;1506;0;0;0;0;0;0;0;24030,44;51,68;9;890;6;6;66,67;0;M;15;QUEIJOS LELO;0;10;;;0;0;1000;;0;0;0;0;0;;;;;0;0;-22469,56;-1000;0;0;130,67;15,01;0;0,3;0;0;0;0;72,09;72,09
25/09/2026 08:30:09;25/09/2026;01/09/2026;25/09/2026;19;E;487;11;46500;24030,44;24030,44;996,82;0;1506;1506;0;0;0;0;0;0;0;24030,44;51,68;9;890;6;6;66,67;0;M;59;CASA SUICA;0;8;;;0;0;500;;0;0;0;0;16;;;;0;0;0;-22469,56;-500;0;0;130,67;15,01;0;0,3;0;0;0;0;72,09;72,09
25/09/2026 08:30:09;25/09/2026;01/09/2026;25/09/2026;19;E;487;11;46500;24030,44;24030,44;996,82;0;1506;1506;0;0;0;0;0;0;0;24030,44;51,68;9;890;6;6;66,67;0;M;74;BRAVA;0;5;1;20;0;0;1000;50,2;0;50,2;5,02;0;10;1;0;1;10;0;0;-22469,56;-949,8;0;0;130,67;15,01;0;0,3;0;0;0;0;72,09;72,09
25/09/2026 08:30:09;25/09/2026;01/09/2026;25/09/2026;19;E;487;11;46500;24030,44;24030,44;996,82;0;1506;1506;0;0;0;0;0;0;0;24030,44;51,68;9;890;6;6;66,67;0;M;60;RICLAN;0;5;;;0;0;1000;;0;0;0;0;11;;;;0;0;0;-22469,56;-1000;0;0;130,67;15,01;0;0,3;0;0;0;0;72,09;72,09
25/09/2026 08:30:09;25/09/2026;01/09/2026;25/09/2026;19;E;487;11;46500;24030,44;24030,44;996,82;0;1506;1506;0;0;0;0;0;0;0;24030,44;51,68;9;890;6;6;66,67;0;M;83;ROBINSON CRUSOE;0;5;;;0;0;500;;0;0;0;0;10;;;;0;0;0;-22469,56;-500;0;0;130,67;15,01;0;0,3;0;0;0;0;72,09;72,09
25/09/2026 08:30:09;25/09/2026;01/09/2026;25/09/2026;19;E;487;11;46500;24030,44;24030,44;996,82;0;1506;1506;0;0;0;0;0;0;0;24030,44;51,68;9;890;6;6;66,67;0;M;2;MARILAN;0;7;4;57,14;0;0;12000;5271,3;0;5271,3;43,93;0;138;103;0;103;74,64;0;0;-22469,56;-6728,7;0;0;130,67;15,01;0;0,3;0;0;0;0;72,09;72,09
25/09/2026 08:30:09;25/09/2026;01/09/2026;25/09/2026;19;E;487;11;46500;24030,44;24030,44;996,82;0;1506;1506;0;0;0;0;0;0;0;24030,44;51,68;9;890;6;6;66,67;0;M;1;JAV;0;17;6;35,29;0;0;15000;10651,62;0;10651,62;71,01;0;516;544;0;544;105,43;12,78;0;-22469,56;-4348,38;0;0;130,67;15,01;0;0,3;0;0;0;0;72,09;72,09
25/09/2026 08:30:09;25/09/2026;01/09/2026;25/09/2026;19;E;487;11;46500;24030,44;24030,44;996,82;0;1506;1506;0;0;0;0;0;0;0;24030,44;51,68;9;890;6;6;66,67;0;M;69;GAMELEIRA;0;8;1;12,5;0;0;1000;158,77;0;158,77;15,88;0;11;2;0;2;18,18;0;0;-22469,56;-841,23;0;0;130,67;15,01;0;0,3;0;0;0;0;72,09;72,09
25/09/2026 08:30:09;25/09/2026;01/09/2026;25/09/2026;19;E;487;11;46500;24030,44;24030,44;996,82;0;1506;1506;0;0;0;0;0;0;0;24030,44;51,68;9;890;6;6;66,67;0;M;47;SOFFIE;0;5;;;0;0;500;;0;0;0;0;10;;;;0;0;0;-22469,56;-500;0;0;130,67;15,01;0;0,3;0;0;0;0;72,09;72,09
25/09/2026 08:30:09;25/09/2026;01/09/2026;25/09/2026;19;E;487;11;46500;24030,44;24030,44;996,82;0;1506;1506;0;0;0;0;0;0;0;24030,44;51,68;9;890;6;6;66,67;0;M;52;GREEN;0;5;;;0;0;1000;;0;0;0;0;10;;;;0;0;0;-22469,56;-1000;0;0;130,67;15,01;0;0,3;0;0;0;0;72,09;72,09
25/09/2026 08:30:09;25/09/2026;01/09/2026;25/09/2026;19;E;487;11;46500;24030,44;24030,44;996,82;0;1506;1506;0;0;0;0;0;0;0;24030,44;51,68;9;890;6;6;66,67;0;M;63;BRACELL;0;9;2;22,22;0;0;2000;2887,15;0;2887,15;144,36;0;17;33;0;33;194,12;8,95;15,01;-22469,56;887,15;0;15,01;130,67;15,01;0;0,3;0;0;0;0;72,09;72,09
25/09/2026 08:30:09;25/09/2026;01/09/2026;25/09/2026;19;E;487;11;46500;24030,44;24030,44;996,82;0;1506;1506;0;0;0;0;0;0;0;24030,44;51,68;9;890;6;6;66,67;0;M;66;COCO SHOW;0;6;4;66,67;0;0;2000;1109,98;0;1109,98;55,5;0;23;55;0;55;239,13;3,44;0;-22469,56;-890,02;0;0;130,67;15,01;0;0,3;0;0;0;0;72,09;72,09
25/09/2026 08:30:09;25/09/2026;01/09/2026;25/09/2026;19;E;487;11;46500;24030,44;24030,44;996,82;0;1506;1506;0;0;0;0;0;0;0;24030,44;51,68;9;890;6;6;66,67;0;M;18;SABORELLE - RACAO;0;5;;;0;0;1000;;0;0;0;0;10;;;;0;0;0;-22469,56;-1000;0;0;130,67;15,01;0;0,3;0;0;0;0;72,09;72,09
25/09/2026 08:30:09;25/09/2026;01/09/2026;25/09/2026;19;E;487;11;46500;24030,44;24030,44;996,82;0;1506;1506;0;0;0;0;0;0;0;24030,44;51,68;9;890;6;6;66,67;0;M;13;COPRA;0;6;1;16,67;0;0;3000;1795,65;0;1795,65;59,86;0;57;71;0;71;124,56;5,57;0;-22469,56;-1204,35;0;0;130,67;15,01;0;0,3;0;0;0;0;72,09;72,09
25/09/2026 08:30:09;25/09/2026;01/09/2026;25/09/2026;19;E;487;11;46500;24030,44;24030,44;996,82;0;1506;1506;0;0;0;0;0;0;0;24030,44;51,68;9;890;6;6;66,67;0;M;72;FRANBA;0;6;;;0;0;500;;0;0;0;0;6;;;;0;0;0;-22469,56;-500;0;0;130,67;15,01;0;0,3;0;0;0;0;72,09;72,09
25/09/2026 08:30:09;25/09/2026;01/09/2026;25/09/2026;19;E;487;11;46500;24030,44;24030,44;996,82;0;1506;1506;0;0;0;0;0;0;0;24030,44;51,68;9;890;6;6;66,67;0;M;6;SOL BEBIDAS;0;5;;;0;0;1000;;0;0;0;0;5;;;;0;0;0;-22469,56;-1000;0;0;130,67;15,01;0;0,3;0;0;0;0;72,09;72,09
25/09/2026 08:30:09;25/09/2026;01/09/2026;25/09/2026;19;E;487;11;46500;24030,44;24030,44;996,82;0;1506;1506;0;0;0;0;0;0;0;24030,44;51,68;9;890;6;6;66,67;0;M;51;GUANABARA;0;10;1;10;0;0;500;144,99;0;144,99;29;0;0;1;0;1;;0;0;-22469,56;-355,01;0;0;130,67;15,01;0;0,3;0;0;0;0;72,09;72,09
25/09/2026 08:30:09;25/09/2026;01/09/2026;25/09/2026;6;E;489;107;43500;38649,95;33028,12;1672,84;0;3111;2932;179;0;0;0;0;0;792,29;32235,83;74,11;91;762,01;47;39;42,86;0;M;1;JAV;0;54;35;64,81;0;0;25000;26288,7;595,07;25693,63;102,77;0;640,44178;1248;31;1217;190,03;30,83;51,39;-4850,05;693,63;0;51,39;441,31;246,13;0;0,3;0;0;0;0;96,71;96,71
25/09/2026 08:30:09;25/09/2026;01/09/2026;25/09/2026;6;E;489;107;43500;38649,95;33028,12;1672,84;0;3111;2932;179;0;0;0;0;0;792,29;32235,83;74,11;91;762,01;47;39;42,86;0;M;6;SOL BEBIDAS;0;10;1;10;0;0;2000;37,18;36,79;0,39;0,02;0;4,853017;1;1;0;0;0;0;-4850,05;-1999,61;0;0;441,31;246,13;0;0,3;0;0;0;0;96,71;96,71
25/09/2026 08:30:09;25/09/2026;01/09/2026;25/09/2026;6;E;489;107;43500;38649,95;33028,12;1672,84;0;3111;2932;179;0;0;0;0;0;792,29;32235,83;74,11;91;762,01;47;39;42,86;0;M;44;JDE;0;31;31;100;132,44;0;94000;88738,49;446,82;88291,67;93,93;0;1402,369358;1698;144;1554;110,81;52,98;44,15;-4850,05;-5708,33;0;176,59;441,31;246,13;0;0,3;0;0;0;0;96,71;96,71
25/09/2026 08:30:09;25/09/2026;01/09/2026;25/09/2026;6;E;489;107;43500;38649,95;33028,12;1672,84;0;3111;2932;179;0;0;0;0;0;792,29;32235,83;74,11;91;762,01;47;39;42,86;0;M;52;GREEN;0;14;10;71,43;0;0;3000;1057,57;73,15;984,42;32,81;0;23,543664;17;2;15;63,71;0;0;-4850,05;-2015,58;0;0;441,31;246,13;0;0,3;0;0;0;0;96,71;96,71
25/09/2026 08:30:09;25/09/2026;01/09/2026;25/09/2026;6;E;489;107;43500;38649,95;33028,12;1672,84;0;3111;2932;179;0;0;0;0;0;792,29;32235,83;74,11;91;762,01;47;39;42,86;0;M;63;BRACELL;0;10;7;70;0;0;3000;2028,05;87,28;1940,77;64,69;0;19,065841;38;1;37;194,06;6,02;0;-4850,05;-1059,23;0;0;441,31;246,13;0;0,3;0;0;0;0;96,71;96,71
25/09/2026 08:30:09;25/09/2026;01/09/2026;25/09/2026;26;E;13;68;178684;62943,01;58889,87;1254,86;0;2909;2722;187;0;0;0;0;0;4257,5;54632,37;30,57;58;4739,01;52;51;87,93;0;M;83;ROBINSON CRUSOE;0;12;3;25;0;0;5265,06;634,7;0;634,7;12,05;0;50;5;0;5;10;0;0;-115740,99;-4630,36;0;0;126,64;109,45;0;0;0;0;0;0;0;0
25/09/2026 08:30:09;25/09/2026;01/09/2026;25/09/2026;26;E;13;68;178684;62943,01;58889,87;1254,86;0;2909;2722;187;0;0;0;0;0;4257,5;54632,37;30,57;58;4739,01;52;51;87,93;0;M;60;RICLAN;0;8;6;75;0;0;521,97;392,76;0;392,76;75,25;0;39;78;0;78;200;1,49;0;-115740,99;-129,21;0;0;126,64;109,45;0;0;0;0;0;0;0;0
25/09/2026 08:30:09;25/09/2026;01/09/2026;25/09/2026;26;E;13;68;178684;62943,01;58889,87;1254,86;0;2909;2722;187;0;0;0;0;0;4257,5;54632,37;30,57;58;4739,01;52;51;87,93;0;M;82;ZICO;0;10;1;10;0;0;62,51;170;0;170;271,96;0;0;1;0;1;;0;;-115740,99;107,49;0;;126,64;109,45;0;0;0;0;0;0;0;0
25/09/2026 08:30:09;25/09/2026;01/09/2026;25/09/2026;26;E;13;68;178684;62943,01;58889,87;1254,86;0;2909;2722;187;0;0;0;0;0;4257,5;54632,37;30,57;58;4739,01;52;51;87,93;0;M;51;GUANABARA;0;10;4;40;0;0;1202,48;517,29;0;517,29;43,02;0;10;4;0;4;40;0;0;-115740,99;-685,19;0;0;126,64;109,45;0;0;0;0;0;0;0;0
25/09/2026 08:30:09;25/09/2026;01/09/2026;25/09/2026;26;E;13;68;178684;62943,01;58889,87;1254,86;0;2909;2722;187;0;0;0;0;0;4257,5;54632,37;30,57;58;4739,01;52;51;87,93;0;M;65;MATUTA;0;10;;;0;0;1061,37;;0;0;0;0;0;;;;;0;0;-115740,99;-1061,37;0;0;126,64;109,45;0;0;0;0;0;0;0;0
25/09/2026 08:30:09;25/09/2026;01/09/2026;25/09/2026;26;E;13;68;178684;62943,01;58889,87;1254,86;0;2909;2722;187;0;0;0;0;0;4257,5;54632,37;30,57;58;4739,01;52;51;87,93;0;M;66;COCO SHOW;0;5;2;40;0;0;2394,86;136,32;0;136,32;5,69;0;63;7;0;7;11,11;0;0;-115740,99;-2258,54;0;0;126,64;109,45;0;0;0;0;0;0;0;0
25/09/2026 08:30:09;25/09/2026;01/09/2026;25/09/2026;26;E;13;68;178684;62943,01;58889,87;1254,86;0;2909;2722;187;0;0;0;0;0;4257,5;54632,37;30,57;58;4739,01;52;51;87,93;0;M;63;BRACELL;0;11;8;72,73;0;0;3542,07;2078,76;0;2078,76;58,69;0;50;43;0;43;86;2,7;0;-115740,99;-1463,31;0;0;126,64;109,45;0;0;0;0;0;0;0;0
25/09/2026 08:30:09;25/09/2026;01/09/2026;25/09/2026;26;E;13;68;178684;62943,01;58889,87;1254,86;0;2909;2722;187;0;0;0;0;0;4257,5;54632,37;30,57;58;4739,01;52;51;87,93;0;M;47;SOFFIE;0;10;;;0;0;546,34;;0;0;0;0;8;;;;0;0;0;-115740,99;-546,34;0;0;126,64;109,45;0;0;0;0;0;0;0;0
25/09/2026 08:30:09;25/09/2026;01/09/2026;25/09/2026;26;E;13;68;178684;62943,01;58889,87;1254,86;0;2909;2722;187;0;0;0;0;0;4257,5;54632,37;30,57;58;4739,01;52;51;87,93;0;M;15;QUEIJOS LELO;0;10;1;10;0;0;2485,29;137,18;0;137,18;5,52;0;12;1;0;1;8,33;0;0;-115740,99;-2348,11;0;0;126,64;109,45;0;0;0;0;0;0;0;0
25/09/2026 08:30:09;25/09/2026;01/09/2026;25/09/2026;26;E;13;68;178684;62943,01;58889,87;1254,86;0;2909;2722;187;0;0;0;0;0;4257,5;54632,37;30,57;58;4739,01;52;51;87,93;0;M;61;DAVENE;0;10;;;0;0;805,68;;0;0;0;0;32;;;;0;0;0;-115740,99;-805,68;0;0;126,64;109,45;0;0;0;0;0;0;0;0
25/09/2026 08:30:09;25/09/2026;01/09/2026;25/09/2026;26;E;13;68;178684;62943,01;58889,87;1254,86;0;2909;2722;187;0;0;0;0;0;4257,5;54632,37;30,57;58;4739,01;52;51;87,93;0;M;18;SABORELLE - RACAO;0;11;5;45,45;0;0;5043,45;1889,96;0;1889,96;37,47;0;25;10;0;10;40;0;0;-115740,99;-3153,49;0;0;126,64;109,45;0;0;0;0;0;0;0;0
25/09/2026 08:30:09;25/09/2026;01/09/2026;25/09/2026;26;E;13;68;178684;62943,01;58889,87;1254,86;0;2909;2722;187;0;0;0;0;0;4257,5;54632,37;30,57;58;4739,01;52;51;87,93;0;M;6;SOL BEBIDAS;0;6;1;16,67;0;0;608,21;126,88;0;126,88;20,86;0;12;3;0;3;25;0;0;-115740,99;-481,33;0;0;126,64;109,45;0;0;0;0;0;0;0;0
25/09/2026 08:30:09;25/09/2026;01/09/2026;25/09/2026;26;E;13;68;178684;62943,01;58889,87;1254,86;0;2909;2722;187;0;0;0;0;0;4257,5;54632,37;30,57;58;4739,01;52;51;87,93;0;M;72;FRANBA;0;11;2;18,18;0;0;2232,13;165,1;0;165,1;7,4;0;19;2;0;2;10,53;0;0;-115740,99;-2067,03;0;0;126,64;109,45;0;0;0;0;0;0;0;0
25/09/2026 08:30:09;25/09/2026;01/09/2026;25/09/2026;13;E;29;119;294178;192505;154218,91;3162,36;0;7478;7252;226;0;0;0;0;0;6097,54;148121,37;50,35;101;9835,01;60;53;52,48;0;M;1;JAV;0;87;52;59,77;0;0;270955,23;149043,68;5935,54;143108,14;52,82;0;9523;5840;207;5633;59,15;0;0;-101673;-127847,09;0;0;9,15;0;0;0;0;0;0;0;0;0
25/09/2026 08:30:09;25/09/2026;01/09/2026;25/09/2026;13;E;29;119;294178;192505;154218,91;3162,36;0;7478;7252;226;0;0;0;0;0;6097,54;148121,37;50,35;101;9835,01;60;53;52,48;0;M;44;JDE;0;70;29;41,43;0;0;160503,36;61909,19;1573,39;60335,8;37,59;0;3718;1551;19;1532;41,2;0;0;-101673;-100167,56;0;0;9,15;0;0;0;0;0;0;0;0;0
25/09/2026 08:30:09;25/09/2026;01/09/2026;25/09/2026;13;E;29;119;294178;192505;154218,91;3162,36;0;7478;7252;226;0;0;0;0;0;6097,54;148121,37;50,35;101;9835,01;60;53;52,48;0;M;63;BRACELL;0;15;5;33,33;0;0;2787,27;1265,02;0;1265,02;45,39;0;87;17;0;17;19,54;0;0;-101673;-1522,25;0;0;9,15;0;0;0;0;0;0;0;0;0
25/09/2026 08:30:09;25/09/2026;01/09/2026;25/09/2026;13;E;29;119;294178;192505;154218,91;3162,36;0;7478;7252;226;0;0;0;0;0;6097,54;148121,37;50,35;101;9835,01;60;53;52,48;0;M;66;COCO SHOW;0;10;1;10;0;0;2000;69,87;0;69,87;3,49;0;31;6;0;6;19,35;0;0;-101673;-1930,13;0;0;9,15;0;0;0;0;0;0;0;0;0
25/09/2026 08:30:09;25/09/2026;01/09/2026;25/09/2026;13;E;29;119;294178;192505;154218,91;3162,36;0;7478;7252;226;0;0;0;0;0;6097,54;148121,37;50,35;101;9835,01;60;53;52,48;0;M;6;SOL BEBIDAS;0;4;;;0;0;1000;;0;0;0;0;10;;;;0;0;0;-101673;-1000;0;0;9,15;0;0;0;0;0;0;0;0;0
25/09/2026 08:30:09;25/09/2026;01/09/2026;25/09/2026;13;E;29;119;294178;192505;154218,91;3162,36;0;7478;7252;226;0;0;0;0;0;6097,54;148121,37;50,35;101;9835,01;60;53;52,48;0;M;72;FRANBA;0;14;7;50;0;0;3870,89;2407,2;0;2407,2;62,19;0;25;25;0;25;100;9,15;0;-101673;-1463,69;0;0;9,15;0;0;0;0;0;0;0;0;0
25/09/2026 08:30:09;25/09/2026;01/09/2026;25/09/2026;13;E;29;119;294178;192505;154218,91;3162,36;0;7478;7252;226;0;0;0;0;0;6097,54;148121,37;50,35;101;9835,01;60;53;52,48;0;M;65;MATUTA;0;5;;;0;0;1000;;0;0;0;0;5;;;;0;0;0;-101673;-1000;0;0;9,15;0;0;0;0;0;0;0;0;0
25/09/2026 08:30:09;25/09/2026;01/09/2026;25/09/2026;13;E;29;119;294178;192505;154218,91;3162,36;0;7478;7252;226;0;0;0;0;0;6097,54;148121,37;50,35;101;9835,01;60;53;52,48;0;M;83;ROBINSON CRUSOE;0;10;3;30;0;0;3081,09;581,1;0;581,1;18,86;0;29;5;0;5;17,24;0;0;-101673;-2499,99;0;0;9,15;0;0;0;0;0;0;0;0;0
25/09/2026 08:30:09;25/09/2026;01/09/2026;25/09/2026;13;E;29;119;294178;192505;154218,91;3162,36;0;7478;7252;226;0;0;0;0;0;6097,54;148121,37;50,35;101;9835,01;60;53;52,48;0;M;52;GREEN;0;9;4;44,44;0;0;8000;161,87;0;161,87;2,02;0;105;23;0;23;21,9;0;0;-101673;-7838,13;0;0;9,15;0;0;0;0;0;0;0;0;0
25/09/2026 08:30:09;25/09/2026;01/09/2026;25/09/2026;13;E;29;119;294178;192505;154218,91;3162,36;0;7478;7252;226;0;0;0;0;0;6097,54;148121,37;50,35;101;9835,01;60;53;52,48;0;M;61;DAVENE;0;16;;;0;0;1483,78;;0;0;0;0;20;;;;0;0;0;-101673;-1483,78;0;0;9,15;0;0;0;0;0;0;0;0;0
25/09/2026 08:30:09;25/09/2026;01/09/2026;25/09/2026;26;E;45;171;192043;118351,35;108839,97;2192,49;0;4668;4592;76;0;0;0;0;0;2514,7;106325,27;55,37;145;4241;134;120;82,76;0;M;1;JAV;0;151;111;73,51;0;0;103728;62283,02;1364,48;60918,54;58,73;0;2429;2135;56;2079;85,59;30,46;0;-73691,65;-42809,46;0;0;268,66;25,55;0;0,2;0;0;0;0;212,65;212,65
25/09/2026 08:30:09;25/09/2026;01/09/2026;25/09/2026;26;E;45;171;192043;118351,35;108839,97;2192,49;0;4668;4592;76;0;0;0;0;0;2514,7;106325,27;55,37;145;4241;134;120;82,76;0;M;6;SOL BEBIDAS;0;21;15;71,43;0;0;2252,09;1124,23;46,08;1078,15;47,87;0;54;31;1;30;55,56;0;0;-73691,65;-1173,94;0;0;268,66;25,55;0;0,2;0;0;0;0;212,65;212,65
25/09/2026 08:30:09;25/09/2026;01/09/2026;25/09/2026;26;E;45;171;192043;118351,35;108839,97;2192,49;0;4668;4592;76;0;0;0;0;0;2514,7;106325,27;55,37;145;4241;134;120;82,76;0;M;51;GUANABARA;0;13;2;15,38;0;0;1829,58;893,22;134,55;758,67;41,47;0;15;7;1;6;40;0;0;-73691,65;-1070,91;0;0;268,66;25,55;0;0,2;0;0;0;0;212,65;212,65
25/09/2026 08:30:09;25/09/2026;01/09/2026;25/09/2026;26;E;45;171;192043;118351,35;108839,97;2192,49;0;4668;4592;76;0;0;0;0;0;2514,7;106325,27;55,37;145;4241;134;120;82,76;0;M;52;GREEN;0;19;7;36,84;0;0;2936,33;423,1;25,02;398,08;13,56;0;33;11;3;8;24,24;0;0;-73691,65;-2538,25;0;0;268,66;25,55;0;0,2;0;0;0;0;212,65;212,65
25/09/2026 08:30:09;25/09/2026;01/09/2026;25/09/2026;26;E;45;171;192043;118351,35;108839,97;2192,49;0;4668;4592;76;0;0;0;0;0;2514,7;106325,27;55,37;145;4241;134;120;82,76;0;M;53;CASAKM;0;67;38;56,72;0;0;22251,72;10750,52;76;10674,52;47,97;0;352;176;1;175;49,72;0;0;-73691,65;-11577,2;0;0;268,66;25,55;0;0,2;0;0;0;0;212,65;212,65
25/09/2026 08:30:09;25/09/2026;01/09/2026;25/09/2026;26;E;45;171;192043;118351,35;108839,97;2192,49;0;4668;4592;76;0;0;0;0;0;2514,7;106325,27;55,37;145;4241;134;120;82,76;0;M;60;RICLAN;0;49;30;61,22;0;0;4911,45;2225,71;0;2225,71;45,32;0;212;179;1;178;83,96;0;0;-73691,65;-2685,74;0;0;268,66;25,55;0;0,2;0;0;0;0;212,65;212,65
25/09/2026 08:30:09;25/09/2026;01/09/2026;25/09/2026;19;E;348;95;135869;90381,07;66666,49;1723,28;0;2722;2622;100;0;0;0;0;0;3461,41;63205,08;46,52;81;3695;46;39;48,15;0;M;69;GAMELEIRA;0;12;2;16,67;0;0;1098,9;163,55;0;163,55;14,88;0;32;2;0;2;6,25;0;0;-45487,93;-935,35;0;0;75,15;25,72;0;0;0;0;0;0;0;0
25/09/2026 08:30:09;25/09/2026;01/09/2026;25/09/2026;19;E;348;95;135869;90381,07;66666,49;1723,28;0;2722;2622;100;0;0;0;0;0;3461,41;63205,08;46,52;81;3695;46;39;48,15;0;M;82;ZICO;0;7;1;14,29;0;0;1000;170;0;170;17;0;6;1;0;1;16,67;0;0;-45487,93;-830;0;0;75,15;25,72;0;0;0;0;0;0;0;0
25/09/2026 08:30:09;25/09/2026;01/09/2026;25/09/2026;19;E;348;95;135869;90381,07;66666,49;1723,28;0;2722;2622;100;0;0;0;0;0;3461,41;63205,08;46,52;81;3695;46;39;48,15;0;M;72;FRANBA;0;12;;;0;0;1000;;0;0;0;0;11;;;;0;0;0;-45487,93;-1000;0;0;75,15;25,72;0;0;0;0;0;0;0;0
25/09/2026 08:30:09;25/09/2026;01/09/2026;25/09/2026;19;E;348;95;135869;90381,07;66666,49;1723,28;0;2722;2622;100;0;0;0;0;0;3461,41;63205,08;46,52;81;3695;46;39;48,15;0;M;18;SABORELLE - RACAO;0;12;4;33,33;0;0;1934,62;945,18;0;945,18;48,86;0;18;10;0;10;55,56;0;0;-45487,93;-989,44;0;0;75,15;25,72;0;0;0;0;0;0;0;0
25/09/2026 08:30:09;25/09/2026;01/09/2026;25/09/2026;19;E;348;95;135869;90381,07;66666,49;1723,28;0;2722;2622;100;0;0;0;0;0;3461,41;63205,08;46,52;81;3695;46;39;48,15;0;M;51;GUANABARA;0;15;;;0;0;254,94;;0;0;0;0;0;;;;;0;0;-45487,93;-254,94;0;0;75,15;25,72;0;0;0;0;0;0;0;0
25/09/2026 08:30:09;25/09/2026;01/09/2026;25/09/2026;19;E;348;95;135869;90381,07;66666,49;1723,28;0;2722;2622;100;0;0;0;0;0;3461,41;63205,08;46,52;81;3695;46;39;48,15;0;M;63;BRACELL;0;15;;;0;0;860,8;;0;0;0;0;48;;;;0;0;0;-45487,93;-860,8;0;0;75,15;25,72;0;0;0;0;0;0;0;0
25/09/2026 08:30:09;25/09/2026;01/09/2026;25/09/2026;13;E;364;52;103820;1900,64;1900,64;-57,25;0;110;-55;165;0;0;0;0;0;5081,07;-3180,43;-3,06;44;2086,01;1;1;2,27;0;M;2;MARILAN;0;35;1;2,86;0;0;33180,74;1737,14;4917,57;-3180,43;-9,59;0;608;35;90;-55;-9,05;0;0;-101919,36;-36361,17;0;0;0;0;0;0;0;0;0;0;0;0
25/09/2026 08:30:09;25/09/2026;01/09/2026;25/09/2026;13;E;364;52;103820;1900,64;1900,64;-57,25;0;110;-55;165;0;0;0;0;0;5081,07;-3180,43;-3,06;44;2086,01;1;1;2,27;0;M;44;JDE;0;32;1;3,13;0;0;11265,48;221,04;221,04;0;0;0;440;72;72;0;0;0;0;-101919,36;-11265,48;0;0;0;0;0;0;0;0;0;0;0;0
25/09/2026 08:30:09;25/09/2026;01/09/2026;25/09/2026;13;E;364;52;103820;1900,64;1900,64;-57,25;0;110;-55;165;0;0;0;0;0;5081,07;-3180,43;-3,06;44;2086,01;1;1;2,27;0;M;53;CASAKM;0;20;1;5;0;0;5616,6;163,5;163,5;0;0;0;100;3;3;0;0;0;0;-101919,36;-5616,6;0;0;0;0;0;0;0;0;0;0;0;0
25/09/2026 08:30:09;25/09/2026;01/09/2026;25/09/2026;13;E;364;52;103820;1900,64;1900,64;-57,25;0;110;-55;165;0;0;0;0;0;5081,07;-3180,43;-3,06;44;2086,01;1;1;2,27;0;M;1;JAV;0;65;;;0;0;39795,39;;0;0;0;0;1066;;;;0;0;0;-101919,36;-39795,39;0;0;0;0;0;0;0;0;0;0;0;0
25/09/2026 08:30:09;25/09/2026;01/09/2026;25/09/2026;13;E;364;52;103820;1900,64;1900,64;-57,25;0;110;-55;165;0;0;0;0;0;5081,07;-3180,43;-3,06;44;2086,01;1;1;2,27;0;M;18;SABORELLE - RACAO;0;10;;;0;0;1097,75;;0;0;0;0;8;;;;0;0;0;-101919,36;-1097,75;0;0;0;0;0;0;0;0;0;0;0;0
25/09/2026 08:30:09;25/09/2026;01/09/2026;25/09/2026;13;E;364;52;103820;1900,64;1900,64;-57,25;0;110;-55;165;0;0;0;0;0;5081,07;-3180,43;-3,06;44;2086,01;1;1;2,27;0;M;83;ROBINSON CRUSOE;0;10;;;0;0;1809,97;;0;0;0;0;9;;;;0;0;0;-101919,36;-1809,97;0;0;0;0;0;0;0;0;0;0;0;0
25/09/2026 08:30:09;25/09/2026;01/09/2026;25/09/2026;13;E;364;52;103820;1900,64;1900,64;-57,25;0;110;-55;165;0;0;0;0;0;5081,07;-3180,43;-3,06;44;2086,01;1;1;2,27;0;M;74;BRAVA;0;8;;;0;0;2000;;0;0;0;0;22;;;;0;0;0;-101919,36;-2000;0;0;0;0;0;0;0;0;0;0;0;0
25/09/2026 08:30:09;25/09/2026;01/09/2026;25/09/2026;13;E;364;52;103820;1900,64;1900,64;-57,25;0;110;-55;165;0;0;0;0;0;5081,07;-3180,43;-3,06;44;2086,01;1;1;2,27;0;M;51;GUANABARA;0;10;;;0;0;1300;;0;0;0;0;10;;;;0;0;0;-101919,36;-1300;0;0;0;0;0;0;0;0;0;0;0;0
25/09/2026 08:30:09;25/09/2026;01/09/2026;25/09/2026;13;E;364;52;103820;1900,64;1900,64;-57,25;0;110;-55;165;0;0;0;0;0;5081,07;-3180,43;-3,06;44;2086,01;1;1;2,27;0;M;63;BRACELL;0;10;;;0;0;2002,19;;0;0;0;0;50;;;;0;0;0;-101919,36;-2002,19;0;0;0;0;0;0;0;0;0;0;0;0
25/09/2026 08:30:09;25/09/2026;01/09/2026;25/09/2026;13;E;364;52;103820;1900,64;1900,64;-57,25;0;110;-55;165;0;0;0;0;0;5081,07;-3180,43;-3,06;44;2086,01;1;1;2,27;0;M;52;GREEN;0;10;;;0;0;2645,41;;0;0;0;0;20;;;;0;0;0;-101919,36;-2645,41;0;0;0;0;0;0;0;0;0;0;0;0
25/09/2026 08:30:09;25/09/2026;01/09/2026;25/09/2026;13;E;364;52;103820;1900,64;1900,64;-57,25;0;110;-55;165;0;0;0;0;0;5081,07;-3180,43;-3,06;44;2086,01;1;1;2,27;0;M;65;MATUTA;0;13;;;0;0;1228,92;;0;0;0;0;5;;;;0;0;0;-101919,36;-1228,92;0;0;0;0;0;0;0;0;0;0;0;0
25/09/2026 08:30:09;25/09/2026;01/09/2026;25/09/2026;13;E;364;52;103820;1900,64;1900,64;-57,25;0;110;-55;165;0;0;0;0;0;5081,07;-3180,43;-3,06;44;2086,01;1;1;2,27;0;M;72;FRANBA;0;10;;;0;0;1000;;0;0;0;0;3;;;;0;0;0;-101919,36;-1000;0;0;0;0;0;0;0;0;0;0;0;0
25/09/2026 08:30:09;25/09/2026;01/09/2026;25/09/2026;13;E;364;52;103820;1900,64;1900,64;-57,25;0;110;-55;165;0;0;0;0;0;5081,07;-3180,43;-3,06;44;2086,01;1;1;2,27;0;M;15;QUEIJOS LELO;0;10;;;0;0;1008,35;;0;0;0;0;6;;;;0;0;0;-101919,36;-1008,35;0;0;0;0;0;0;0;0;0;0;0;0
25/09/2026 08:30:09;25/09/2026;01/09/2026;25/09/2026;13;E;364;52;103820;1900,64;1900,64;-57,25;0;110;-55;165;0;0;0;0;0;5081,07;-3180,43;-3,06;44;2086,01;1;1;2,27;0;M;6;SOL BEBIDAS;0;7;;;0;0;1006,25;;0;0;0;0;10;;;;0;0;0;-101919,36;-1006,25;0;0;0;0;0;0;0;0;0;0;0;0
25/09/2026 08:30:09;25/09/2026;01/09/2026;25/09/2026;13;E;364;52;103820;1900,64;1900,64;-57,25;0;110;-55;165;0;0;0;0;0;5081,07;-3180,43;-3,06;44;2086,01;1;1;2,27;0;M;13;COPRA;0;20;;;0;0;3083,41;;0;0;0;0;77;;;;0;0;0;-101919,36;-3083,41;0;0;0;0;0;0;0;0;0;0;0;0
25/09/2026 08:30:09;25/09/2026;01/09/2026;25/09/2026;13;E;364;52;103820;1900,64;1900,64;-57,25;0;110;-55;165;0;0;0;0;0;5081,07;-3180,43;-3,06;44;2086,01;1;1;2,27;0;M;59;CASA SUICA;0;10;;;0;0;3000;;0;0;0;0;15;;;;0;0;0;-101919,36;-3000;0;0;0;0;0;0;0;0;0;0;0;0
25/09/2026 08:30:09;25/09/2026;01/09/2026;25/09/2026;13;E;364;52;103820;1900,64;1900,64;-57,25;0;110;-55;165;0;0;0;0;0;5081,07;-3180,43;-3,06;44;2086,01;1;1;2,27;0;M;60;RICLAN;0;10;;;0;0;2005,71;;0;0;0;0;50;;;;0;0;0;-101919,36;-2005,71;0;0;0;0;0;0;0;0;0;0;0;0
25/09/2026 08:30:09;25/09/2026;01/09/2026;25/09/2026;13;E;364;52;103820;1900,64;1900,64;-57,25;0;110;-55;165;0;0;0;0;0;5081,07;-3180,43;-3,06;44;2086,01;1;1;2,27;0;M;69;GAMELEIRA;0;15;;;0;0;1000;;0;0;0;0;5;;;;0;0;0;-101919,36;-1000;0;0;0;0;0;0;0;0;0;0;0;0
25/09/2026 08:30:09;25/09/2026;01/09/2026;25/09/2026;13;E;364;52;103820;1900,64;1900,64;-57,25;0;110;-55;165;0;0;0;0;0;5081,07;-3180,43;-3,06;44;2086,01;1;1;2,27;0;M;66;COCO SHOW;0;7;;;0;0;1039,36;;0;0;0;0;22;;;;0;0;0;-101919,36;-1039,36;0;0;0;0;0;0;0;0;0;0;0;0
25/09/2026 08:30:09;25/09/2026;01/09/2026;25/09/2026;20;E;365;48;65970;67857,1;64418,86;1978,48;64,42;2336;2336;0;0;0;0;0;0;0;64418,86;97,65;41;2186;32;29;70,73;0;M;74;BRAVA;0;8;2;25;0;0;1000,85;162,7;0;162,7;16,26;0;5,39233;3;0;3;55,63;0;0;1887,1;-838,15;64,42;0;383,86;189,9;0;0,2;0;0;0;0;128,84;128,84
25/09/2026 08:30:09;25/09/2026;01/09/2026;25/09/2026;20;E;365;48;65970;67857,1;64418,86;1978,48;64,42;2336;2336;0;0;0;0;0;0;0;64418,86;97,65;41;2186;32;29;70,73;0;M;13;COPRA;0;14;6;42,86;0;0;1500,43;1081,04;0;1081,04;72,05;0;73,757331;28;0;28;37,96;0;0;1887,1;-419,39;64,42;0;383,86;189,9;0;0,2;0;0;0;0;128,84;128,84
25/09/2026 08:30:09;25/09/2026;01/09/2026;25/09/2026;20;E;365;48;65970;67857,1;64418,86;1978,48;64,42;2336;2336;0;0;0;0;0;0;0;64418,86;97,65;41;2186;32;29;70,73;0;M;51;GUANABARA;0;12;1;8,33;0;0;1000,47;85,92;0;85,92;8,59;0;4,020968;1;0;1;24,87;0;0;1887,1;-914,55;64,42;0;383,86;189,9;0;0,2;0;0;0;0;128,84;128,84
25/09/2026 08:30:09;25/09/2026;01/09/2026;25/09/2026;20;E;365;48;65970;67857,1;64418,86;1978,48;64,42;2336;2336;0;0;0;0;0;0;0;64418,86;97,65;41;2186;32;29;70,73;0;M;1;JAV;0;38;24;63,16;0;0;37756,11;26461,93;0;26461,93;70,09;0;1441,529018;1246;0;1246;86,44;13,23;0;1887,1;-11294,18;64,42;0;383,86;189,9;0;0,2;0;0;0;0;128,84;128,84
25/09/2026 08:30:09;25/09/2026;01/09/2026;25/09/2026;20;E;365;48;65970;67857,1;64418,86;1978,48;64,42;2336;2336;0;0;0;0;0;0;0;64418,86;97,65;41;2186;32;29;70,73;0;M;83;ROBINSON CRUSOE;0;10;4;40;0;0;1000,1;1144,21;0;1144,21;114,41;0;19,5;10;0;10;51,28;0;12,59;1887,1;144,11;64,42;12,59;383,86;189,9;0;0,2;0;0;0;0;128,84;128,84
25/09/2026 08:30:09;25/09/2026;01/09/2026;25/09/2026;20;E;365;48;65970;67857,1;64418,86;1978,48;64,42;2336;2336;0;0;0;0;0;0;0;64418,86;97,65;41;2186;32;29;70,73;0;M;59;CASA SUICA;0;10;1;10;0;0;1000,38;0;0;0;0;0;15,12;1;0;1;6,61;0;0;1887,1;-1000,38;64,42;0;383,86;189,9;0;0,2;0;0;0;0;128,84;128,84
25/09/2026 08:30:09;25/09/2026;01/09/2026;25/09/2026;6;E;489;107;43500;38649,95;33028,12;1672,84;0;3111;2932;179;0;0;0;0;0;792,29;32235,83;74,11;91;762,01;47;39;42,86;0;M;72;FRANBA;0;10;3;30;0;0;1500;415,46;0;415,46;27,7;0;2,961818;4;0;4;135,05;1,58;0;-4850,05;-1084,54;0;0;441,31;246,13;0;0,3;0;0;0;0;96,71;96,71
25/09/2026 08:30:09;25/09/2026;01/09/2026;25/09/2026;6;E;489;107;43500;38649,95;33028,12;1672,84;0;3111;2932;179;0;0;0;0;0;792,29;32235,83;74,11;91;762,01;47;39;42,86;0;M;69;GAMELEIRA;0;11;6;54,55;0;0;2000;800,75;0;800,75;40,04;0;18,398141;12;0;12;65,22;0;0;-4850,05;-1199,25;0;0;441,31;246,13;0;0,3;0;0;0;0;96,71;96,71
25/09/2026 08:30:09;25/09/2026;01/09/2026;25/09/2026;6;E;489;107;43500;38649,95;33028,12;1672,84;0;3111;2932;179;0;0;0;0;0;792,29;32235,83;74,11;91;762,01;47;39;42,86;0;M;83;ROBINSON CRUSOE;0;10;4;40;0;0;2000;460,67;0;460,67;23,03;0;3,207273;4;0;4;124,72;1,75;0;-4850,05;-1539,33;0;0;441,31;246,13;0;0,3;0;0;0;0;96,71;96,71
25/09/2026 08:30:09;25/09/2026;01/09/2026;25/09/2026;6;E;489;107;43500;38649,95;33028,12;1672,84;0;3111;2932;179;0;0;0;0;0;792,29;32235,83;74,11;91;762,01;47;39;42,86;0;M;65;MATUTA;0;17;;;0;0;2000;;0;0;0;0;2,96129;;;;0;0;0;-4850,05;-2000;0;0;441,31;246,13;0;0,3;0;0;0;0;96,71;96,71
25/09/2026 08:30:09;25/09/2026;01/09/2026;25/09/2026;6;E;489;107;43500;38649,95;33028,12;1672,84;0;3111;2932;179;0;0;0;0;0;792,29;32235,83;74,11;91;762,01;47;39;42,86;0;M;66;COCO SHOW;0;12;12;100;13,7;0;2000;1712,78;0;1712,78;85,64;0;35,827004;83;0;83;231,67;5,31;4,45;-4850,05;-287,22;0;18,15;441,31;246,13;0;0,3;0;0;0;0;96,71;96,71
25/09/2026 08:30:09;25/09/2026;01/09/2026;25/09/2026;6;E;489;107;43500;38649,95;33028,12;1672,84;0;3111;2932;179;0;0;0;0;0;792,29;32235,83;74,11;91;762,01;47;39;42,86;0;M;61;DAVENE;0;10;;;0;0;1000;;0;0;0;0;11,295413;;;;0;0;0;-4850,05;-1000;0;0;441,31;246,13;0;0,3;0;0;0;0;96,71;96,71
25/09/2026 08:30:09;25/09/2026;01/09/2026;25/09/2026;26;E;492;71;21145;21753,08;23340,2;5631,42;70,02;3946;3946;0;0;0;0;0;0;0;23340,2;110,38;60;1000;17;20;33,33;0;M;66;COCO SHOW;0;11;6;54,55;0;0;5107,13;7382,49;0;7382,49;144,55;0;149;223;0;223;149,66;22,89;38,39;608,08;2275,36;70,02;38,39;1222,11;847,71;0,3;0,3;0;0;0;0;70,02;70,02
25/09/2026 08:30:09;25/09/2026;01/09/2026;25/09/2026;26;E;492;71;21145;21753,08;23340,2;5631,42;70,02;3946;3946;0;0;0;0;0;0;0;23340,2;110,38;60;1000;17;20;33,33;0;M;65;MATUTA;0;10;1;10;0;0;1077,77;475,72;0;475,72;44,14;0;36;6;0;6;16,67;0;0;608,08;-602,05;70,02;0;1222,11;847,71;0,3;0,3;0;0;0;0;70,02;70,02
25/09/2026 08:30:09;25/09/2026;01/09/2026;25/09/2026;26;E;492;71;21145;21753,08;23340,2;5631,42;70,02;3946;3946;0;0;0;0;0;0;0;23340,2;110,38;60;1000;17;20;33,33;0;M;52;GREEN;0;9;7;77,78;0;0;1968,74;2814,01;0;2814,01;142,93;0;36;55;0;55;152,78;10,69;18,29;608,08;845,27;70,02;18,29;1222,11;847,71;0,3;0,3;0;0;0;0;70,02;70,02
25/09/2026 08:30:09;25/09/2026;01/09/2026;25/09/2026;26;E;492;71;21145;21753,08;23340,2;5631,42;70,02;3946;3946;0;0;0;0;0;0;0;23340,2;110,38;60;1000;17;20;33,33;0;M;72;FRANBA;0;5;2;40;0;0;628,95;506,13;0;506,13;80,47;0;1;5;0;5;500;1,92;0;608,08;-122,82;70,02;0;1222,11;847,71;0,3;0,3;0;0;0;0;70,02;70,02
25/09/2026 08:30:09;25/09/2026;01/09/2026;25/09/2026;26;E;492;71;21145;21753,08;23340,2;5631,42;70,02;3946;3946;0;0;0;0;0;0;0;23340,2;110,38;60;1000;17;20;33,33;0;M;83;ROBINSON CRUSOE;0;5;2;40;0;0;518,58;380,9;0;380,9;73,45;0;4;5;0;5;125;1,45;0;608,08;-137,68;70,02;0;1222,11;847,71;0,3;0,3;0;0;0;0;70,02;70,02
25/09/2026 08:30:09;25/09/2026;01/09/2026;25/09/2026;26;E;492;71;21145;21753,08;23340,2;5631,42;70,02;3946;3946;0;0;0;0;0;0;0;23340,2;110,38;60;1000;17;20;33,33;0;M;69;GAMELEIRA;0;14;12;85,71;27,14;0;8898,36;5025,35;0;5025,35;56,48;0;124;97;0;97;78,23;0;0;608,08;-3873,01;70,02;27,14;1222,11;847,71;0,3;0,3;0;0;0;0;70,02;70,02
25/09/2026 08:30:09;25/09/2026;01/09/2026;25/09/2026;26;E;492;71;21145;21753,08;23340,2;5631,42;70,02;3946;3946;0;0;0;0;0;0;0;23340,2;110,38;60;1000;17;20;33,33;0;M;44;JDE;0;26;25;96,15;247,87;0;199781,03;413109,94;0;413109,94;206,78;0;2157;3446;0;3446;159,76;247,87;413,11;608,08;213328,91;70,02;660,98;1222,11;847,71;0,3;0,3;0;0;0;0;70,02;70,02
25/09/2026 08:30:09;25/09/2026;01/09/2026;25/09/2026;26;E;492;71;21145;21753,08;23340,2;5631,42;70,02;3946;3946;0;0;0;0;0;0;0;23340,2;110,38;60;1000;17;20;33,33;0;M;6;SOL BEBIDAS;0;5;3;60;0;0;416,86;630,63;0;630,63;151,28;0;7;18;0;18;257,14;2,4;4,1;608,08;213,77;70,02;4,1;1222,11;847,71;0,3;0,3;0;0;0;0;70,02;70,02
25/09/2026 08:30:09;25/09/2026;01/09/2026;25/09/2026;26;E;492;71;21145;21753,08;23340,2;5631,42;70,02;3946;3946;0;0;0;0;0;0;0;23340,2;110,38;60;1000;17;20;33,33;0;M;63;BRACELL;0;11;6;54,55;0;0;2528,72;5536,07;0;5536,07;218,93;0;40;71;0;71;177,5;17,16;28,79;608,08;3007,35;70,02;28,79;1222,11;847,71;0,3;0,3;0;0;0;0;70,02;70,02
25/09/2026 08:30:09;25/09/2026;01/09/2026;25/09/2026;19;E;497;27;55000;28373,12;33095,94;1485,48;0;1272;1263;9;0;0;0;0;0;391,87;32704,07;59,46;23;838;20;17;73,91;0;M;1;JAV;0;30;13;43,33;0;0;15000;9304,54;54;9250,54;61,67;0;305;319;1;318;104,26;11,1;0;-26626,88;-5749,46;0;0;247,23;87;0;0,3;0;0;0;0;98,11;98,11
25/09/2026 08:30:09;25/09/2026;01/09/2026;25/09/2026;19;E;497;27;55000;28373,12;33095,94;1485,48;0;1272;1263;9;0;0;0;0;0;391,87;32704,07;59,46;23;838;20;17;73,91;0;M;2;MARILAN;0;16;12;75;0;0;20000;15190,13;146,97;15043,16;75,22;0;175;394;2;392;224;18,05;0;-26626,88;-4956,84;0;0;247,23;87;0;0,3;0;0;0;0;98,11;98,11
25/09/2026 08:30:09;25/09/2026;01/09/2026;25/09/2026;19;E;497;27;55000;28373,12;33095,94;1485,48;0;1272;1263;9;0;0;0;0;0;391,87;32704,07;59,46;23;838;20;17;73,91;0;M;44;JDE;0;14;12;85,71;18,86;0;25000;32333,83;895,96;31437,87;125,75;0;258;327;4;323;125,19;18,86;31,44;-26626,88;6437,87;0;50,3;247,23;87;0;0,3;0;0;0;0;98,11;98,11
25/09/2026 08:30:09;25/09/2026;01/09/2026;25/09/2026;19;E;497;27;55000;28373,12;33095,94;1485,48;0;1272;1263;9;0;0;0;0;0;391,87;32704,07;59,46;23;838;20;17;73,91;0;M;53;CASAKM;0;15;1;6,67;0;0;2000;968,97;190,9;778,07;38,9;0;30;17;2;15;50;0;0;-26626,88;-1221,93;0;0;247,23;87;0;0,3;0;0;0;0;98,11;98,11
25/09/2026 08:30:09;25/09/2026;01/09/2026;25/09/2026;19;E;497;27;55000;28373,12;33095,94;1485,48;0;1272;1263;9;0;0;0;0;0;391,87;32704,07;59,46;23;838;20;17;73,91;0;M;66;COCO SHOW;0;12;1;8,33;0;0;2000;76,62;0;76,62;3,83;0;35;6;0;6;17,14;0;0;-26626,88;-1923,38;0;0;247,23;87;0;0,3;0;0;0;0;98,11;98,11
25/09/2026 08:30:09;25/09/2026;01/09/2026;25/09/2026;19;E;497;27;55000;28373,12;33095,94;1485,48;0;1272;1263;9;0;0;0;0;0;391,87;32704,07;59,46;23;838;20;17;73,91;0;M;72;FRANBA;0;10;;;0;0;500;;0;0;0;0;10;;;;0;0;0;-26626,88;-500;0;0;247,23;87;0;0,3;0;0;0;0;98,11;98,11
25/09/2026 08:30:09;25/09/2026;01/09/2026;25/09/2026;19;E;497;27;55000;28373,12;33095,94;1485,48;0;1272;1263;9;0;0;0;0;0;391,87;32704,07;59,46;23;838;20;17;73,91;0;M;13;COPRA;0;14;5;35,71;0;0;3000;1102,23;0;1102,23;36,74;0;63;57;0;57;90,48;1,43;0;-26626,88;-1897,77;0;0;247,23;87;0;0,3;0;0;0;0;98,11;98,11
25/09/2026 08:30:09;25/09/2026;01/09/2026;25/09/2026;19;E;497;27;55000;28373,12;33095,94;1485,48;0;1272;1263;9;0;0;0;0;0;391,87;32704,07;59,46;23;838;20;17;73,91;0;M;15;QUEIJOS LELO;0;20;;;0;0;1000;;0;0;0;0;0;;;;;0;0;-26626,88;-1000;0;0;247,23;87;0;0,3;0;0;0;0;98,11;98,11
25/09/2026 08:30:09;25/09/2026;01/09/2026;25/09/2026;19;E;497;27;55000;28373,12;33095,94;1485,48;0;1272;1263;9;0;0;0;0;0;391,87;32704,07;59,46;23;838;20;17;73,91;0;M;52;GREEN;0;10;4;40;0;0;1000;519,65;0;519,65;51,97;0;19;6;0;6;31,58;0;0;-26626,88;-480,35;0;0;247,23;87;0;0,3;0;0;0;0;98,11;98,11
25/09/2026 08:30:09;25/09/2026;01/09/2026;25/09/2026;19;E;497;27;55000;28373,12;33095,94;1485,48;0;1272;1263;9;0;0;0;0;0;391,87;32704,07;59,46;23;838;20;17;73,91;0;M;83;ROBINSON CRUSOE;0;10;2;20;0;0;1000;3336,14;0;3336,14;333,61;0;10;32;0;32;320;12,68;36,7;-26626,88;2336,14;0;36,7;247,23;87;0;0,3;0;0;0;0;98,11;98,11
25/09/2026 08:30:09;25/09/2026;01/09/2026;25/09/2026;19;E;497;27;55000;28373,12;33095,94;1485,48;0;1272;1263;9;0;0;0;0;0;391,87;32704,07;59,46;23;838;20;17;73,91;0;M;65;MATUTA;0;10;1;10;0;0;1000;592,33;0;592,33;59,23;0;10;8;0;8;80;0;0;-26626,88;-407,67;0;0;247,23;87;0;0,3;0;0;0;0;98,11;98,11
25/09/2026 08:30:09;25/09/2026;01/09/2026;25/09/2026;19;E;497;27;55000;28373,12;33095,94;1485,48;0;1272;1263;9;0;0;0;0;0;391,87;32704,07;59,46;23;838;20;17;73,91;0;M;51;GUANABARA;0;15;1;6,67;0;0;500;85,92;0;85,92;17,18;0;0;1;0;1;;0;0;-26626,88;-414,08;0;0;247,23;87;0;0,3;0;0;0;0;98,11;98,11
25/09/2026 08:30:09;25/09/2026;01/09/2026;25/09/2026;19;E;497;27;55000;28373,12;33095,94;1485,48;0;1272;1263;9;0;0;0;0;0;391,87;32704,07;59,46;23;838;20;17;73,91;0;M;18;SABORELLE - RACAO;0;5;1;20;0;0;1000;38,25;0;38,25;3,83;0;10;3;0;3;30;0;0;-26626,88;-961,75;0;0;247,23;87;0;0,3;0;0;0;0;98,11;98,11
25/09/2026 08:30:09;25/09/2026;01/09/2026;25/09/2026;19;E;497;27;55000;28373,12;33095,94;1485,48;0;1272;1263;9;0;0;0;0;0;391,87;32704,07;59,46;23;838;20;17;73,91;0;M;74;BRAVA;0;10;2;20;0;0;1000;163,9;0;163,9;16,39;0;14;3;0;3;21,43;0;0;-26626,88;-836,1;0;0;247,23;87;0;0,3;0;0;0;0;98,11;98,11
25/09/2026 08:30:09;25/09/2026;01/09/2026;25/09/2026;26;E;45;171;192043;118351,35;108839,97;2192,49;0;4668;4592;76;0;0;0;0;0;2514,7;106325,27;55,37;145;4241;134;120;82,76;0;M;63;BRACELL;0;20;17;85;15,91;0;5095,13;5009,97;189,48;4820,49;94,61;0;135;109;2;107;79,26;0;9,64;-73691,65;-274,64;0;25,55;268,66;25,55;0;0,2;0;0;0;0;212,65;212,65
25/09/2026 08:30:09;25/09/2026;01/09/2026;25/09/2026;26;E;45;171;192043;118351,35;108839,97;2192,49;0;4668;4592;76;0;0;0;0;0;2514,7;106325,27;55,37;145;4241;134;120;82,76;0;M;44;JDE;0;86;59;68,6;0;0;111909,44;33684,62;0;33684,62;30,1;0;1617;1265;0;1265;78,23;0;0;-73691,65;-78224,82;0;0;268,66;25,55;0;0,2;0;0;0;0;212,65;212,65
25/09/2026 08:30:09;25/09/2026;01/09/2026;25/09/2026;26;E;45;171;192043;118351,35;108839,97;2192,49;0;4668;4592;76;0;0;0;0;0;2514,7;106325,27;55,37;145;4241;134;120;82,76;0;M;15;QUEIJOS LELO;0;4;1;25;0;0;689,69;132,63;0;132,63;19,23;0;3;1;0;1;33,33;0;0;-73691,65;-557,06;0;0;268,66;25,55;0;0,2;0;0;0;0;212,65;212,65
25/09/2026 08:30:09;25/09/2026;01/09/2026;25/09/2026;26;E;45;171;192043;118351,35;108839,97;2192,49;0;4668;4592;76;0;0;0;0;0;2514,7;106325,27;55,37;145;4241;134;120;82,76;0;M;18;SABORELLE - RACAO;0;16;7;43,75;0;0;6371,28;1205,74;0;1205,74;18,92;0;32;9;0;9;28,13;0;0;-73691,65;-5165,54;0;0;268,66;25,55;0;0,2;0;0;0;0;212,65;212,65
25/09/2026 08:30:09;25/09/2026;01/09/2026;25/09/2026;26;E;45;171;192043;118351,35;108839,97;2192,49;0;4668;4592;76;0;0;0;0;0;2514,7;106325,27;55,37;145;4241;134;120;82,76;0;M;47;SOFFIE;0;10;;;0;0;1126,23;;0;0;0;0;20;;;;0;0;0;-73691,65;-1126,23;0;0;268,66;25,55;0;0,2;0;0;0;0;212,65;212,65
25/09/2026 08:30:09;25/09/2026;01/09/2026;25/09/2026;26;E;45;171;192043;118351,35;108839,97;2192,49;0;4668;4592;76;0;0;0;0;0;2514,7;106325,27;55,37;145;4241;134;120;82,76;0;M;82;ZICO;0;10;1;10;0;0;419,18;170;0;170;40,56;0;2;1;0;1;50;0;0;-73691,65;-249,18;0;0;268,66;25,55;0;0,2;0;0;0;0;212,65;212,65
25/09/2026 08:30:09;25/09/2026;01/09/2026;25/09/2026;26;E;45;171;192043;118351,35;108839,97;2192,49;0;4668;4592;76;0;0;0;0;0;2514,7;106325,27;55,37;145;4241;134;120;82,76;0;M;84;CAPRICHE;0;60;31;51,67;0;0;10053,61;1431,21;0;1431,21;14,24;0;423;78;0;78;18,44;0;0;-73691,65;-8622,4;0;0;268,66;25,55;0;0,2;0;0;0;0;212,65;212,65
25/09/2026 08:30:09;25/09/2026;01/09/2026;25/09/2026;26;E;45;171;192043;118351,35;108839,97;2192,49;0;4668;4592;76;0;0;0;0;0;2514,7;106325,27;55,37;145;4241;134;120;82,76;0;M;66;COCO SHOW;0;30;16;53,33;0;0;4613,75;1957,37;0;1957,37;42,42;0;153;90;0;90;58,82;0;0;-73691,65;-2656,38;0;0;268,66;25,55;0;0,2;0;0;0;0;212,65;212,65
25/09/2026 08:30:09;25/09/2026;01/09/2026;25/09/2026;26;E;45;171;192043;118351,35;108839,97;2192,49;0;4668;4592;76;0;0;0;0;0;2514,7;106325,27;55,37;145;4241;134;120;82,76;0;M;69;GAMELEIRA;0;10;1;10;0;0;2887,4;54,12;0;54,12;1,87;0;14;1;0;1;7,14;0;0;-73691,65;-2833,28;0;0;268,66;25,55;0;0,2;0;0;0;0;212,65;212,65
25/09/2026 08:30:09;25/09/2026;01/09/2026;25/09/2026;26;E;45;171;192043;118351,35;108839,97;2192,49;0;4668;4592;76;0;0;0;0;0;2514,7;106325,27;55,37;145;4241;134;120;82,76;0;M;74;BRAVA;0;8;;;0;0;1744,15;;0;0;0;0;15;;;;0;0;0;-73691,65;-1744,15;0;0;268,66;25,55;0;0,2;0;0;0;0;212,65;212,65
25/09/2026 08:30:09;25/09/2026;01/09/2026;25/09/2026;26;E;45;171;192043;118351,35;108839,97;2192,49;0;4668;4592;76;0;0;0;0;0;2514,7;106325,27;55,37;145;4241;134;120;82,76;0;M;61;DAVENE;0;11;1;9,09;0;0;568,11;57,9;0;57,9;10,19;0;30;6;0;6;20;0;0;-73691,65;-510,21;0;0;268,66;25,55;0;0,2;0;0;0;0;212,65;212,65
25/09/2026 08:30:09;25/09/2026;01/09/2026;25/09/2026;26;E;45;171;192043;118351,35;108839,97;2192,49;0;4668;4592;76;0;0;0;0;0;2514,7;106325,27;55,37;145;4241;134;120;82,76;0;M;65;MATUTA;0;10;1;10;0;0;1066,19;112,92;0;112,92;10,59;0;10;3;0;3;30;0;0;-73691,65;-953,27;0;0;268,66;25,55;0;0,2;0;0;0;0;212,65;212,65
25/09/2026 08:30:09;25/09/2026;01/09/2026;25/09/2026;26;E;45;171;192043;118351,35;108839,97;2192,49;0;4668;4592;76;0;0;0;0;0;2514,7;106325,27;55,37;145;4241;134;120;82,76;0;M;83;ROBINSON CRUSOE;0;19;5;26,32;0;0;4103,51;913,9;0;913,9;22,27;0;41;8;0;8;19,51;0;0;-73691,65;-3189,61;0;0;268,66;25,55;0;0,2;0;0;0;0;212,65;212,65
25/09/2026 08:30:09;25/09/2026;01/09/2026;25/09/2026;26;E;45;171;192043;118351,35;108839,97;2192,49;0;4668;4592;76;0;0;0;0;0;2514,7;106325,27;55,37;145;4241;134;120;82,76;0;M;72;FRANBA;0;8;3;37,5;0;0;771,77;267,95;0;267,95;34,72;0;4;3;0;3;75;0;0;-73691,65;-503,82;0;0;268,66;25,55;0;0,2;0;0;0;0;212,65;212,65
25/09/2026 08:30:09;25/09/2026;01/09/2026;25/09/2026;26;E;45;171;192043;118351,35;108839,97;2192,49;0;4668;4592;76;0;0;0;0;0;2514,7;106325,27;55,37;145;4241;134;120;82,76;0;M;13;COPRA;0;48;30;62,5;0;0;14624,57;7074,99;0;7074,99;48,38;0;264;152;0;152;57,58;0;0;-73691,65;-7549,58;0;0;268,66;25,55;0;0,2;0;0;0;0;212,65;212,65
25/09/2026 08:30:09;25/09/2026;01/09/2026;25/09/2026;19;B;70;114;237944;141273,45;136256,33;3730,74;0;7766;7757;9;0;0;0;0;0;0;136256,33;57,26;97;7087,01;85;80;82,47;0;M;44;JDE;0;88;65;73,86;0;0;248294,34;155631,18;2008,53;153622,65;61,87;0;4085;2852;9;2843;69,6;0;0;-96670,55;-94671,69;0;0;308,71;28,66;0;0,2;0;0;0;0;272,51;272,51
25/09/2026 08:30:09;25/09/2026;01/09/2026;25/09/2026;19;B;70;114;237944;141273,45;136256,33;3730,74;0;7766;7757;9;0;0;0;0;0;0;136256,33;57,26;97;7087,01;85;80;82,47;0;M;72;FRANBA;0;12;1;8,33;0;0;1078,33;82,55;0;82,55;7,66;0;12;1;0;1;8,33;0;0;-96670,55;-995,78;0;0;308,71;28,66;0;0,2;0;0;0;0;272,51;272,51
25/09/2026 08:30:09;25/09/2026;01/09/2026;25/09/2026;19;B;70;114;237944;141273,45;136256,33;3730,74;0;7766;7757;9;0;0;0;0;0;0;136256,33;57,26;97;7087,01;85;80;82,47;0;M;6;SOL BEBIDAS;0;13;9;69,23;0;0;1150,5;1314,02;0;1314,02;114,21;0;39;35;0;35;89,74;2,1;6,57;-96670,55;163,52;0;6,57;308,71;28,66;0;0,2;0;0;0;0;272,51;272,51
25/09/2026 08:30:09;25/09/2026;01/09/2026;25/09/2026;19;B;70;114;237944;141273,45;136256,33;3730,74;0;7766;7757;9;0;0;0;0;0;0;136256,33;57,26;97;7087,01;85;80;82,47;0;M;74;BRAVA;0;12;4;33,33;0;0;3631,83;337,96;0;337,96;9,31;0;128;7;0;7;5,47;0;0;-96670,55;-3293,87;0;0;308,71;28,66;0;0,2;0;0;0;0;272,51;272,51
25/09/2026 08:30:09;25/09/2026;01/09/2026;25/09/2026;19;B;70;114;237944;141273,45;136256,33;3730,74;0;7766;7757;9;0;0;0;0;0;0;136256,33;57,26;97;7087,01;85;80;82,47;0;M;69;GAMELEIRA;0;10;9;90;4,69;0;1009,97;867,83;0;867,83;85,93;0;25;15;0;15;60;0;2,17;-96670,55;-142,14;0;6,86;308,71;28,66;0;0,2;0;0;0;0;272,51;272,51
25/09/2026 08:30:09;25/09/2026;01/09/2026;25/09/2026;19;B;70;114;237944;141273,45;136256,33;3730,74;0;7766;7757;9;0;0;0;0;0;0;136256,33;57,26;97;7087,01;85;80;82,47;0;M;65;MATUTA;0;10;;;0;0;3563,56;;0;0;0;0;16;;;;0;0;0;-96670,55;-3563,56;0;0;308,71;28,66;0;0,2;0;0;0;0;272,51;272,51
25/09/2026 08:30:09;25/09/2026;01/09/2026;25/09/2026;19;B;70;114;237944;141273,45;136256,33;3730,74;0;7766;7757;9;0;0;0;0;0;0;136256,33;57,26;97;7087,01;85;80;82,47;0;M;66;COCO SHOW;0;25;17;68;0;0;9070,58;4183,48;0;4183,48;46,12;0;376;321;0;321;85,37;5,44;0;-96670,55;-4887,1;0;0;308,71;28,66;0;0,2;0;0;0;0;272,51;272,51
25/09/2026 08:30:09;25/09/2026;01/09/2026;25/09/2026;19;B;70;114;237944;141273,45;136256,33;3730,74;0;7766;7757;9;0;0;0;0;0;0;136256,33;57,26;97;7087,01;85;80;82,47;0;M;83;ROBINSON CRUSOE;0;15;8;53,33;0;0;6248,61;1872,18;0;1872,18;29,96;0;60;15;0;15;25;0;0;-96670,55;-4376,43;0;0;308,71;28,66;0;0,2;0;0;0;0;272,51;272,51
25/09/2026 08:30:09;25/09/2026;01/09/2026;25/09/2026;19;B;70;114;237944;141273,45;136256,33;3730,74;0;7766;7757;9;0;0;0;0;0;0;136256,33;57,26;97;7087,01;85;80;82,47;0;M;63;BRACELL;0;22;18;81,82;0;0;3054,36;2013,99;0;2013,99;65,94;0;55;34;0;34;61,82;0;0;-96670,55;-1040,37;0;0;308,71;28,66;0;0,2;0;0;0;0;272,51;272,51
25/09/2026 08:30:09;25/09/2026;01/09/2026;25/09/2026;19;B;70;114;237944;141273,45;136256,33;3730,74;0;7766;7757;9;0;0;0;0;0;0;136256,33;57,26;97;7087,01;85;80;82,47;0;M;82;ZICO;0;7;;;0;0;1000;;0;0;0;0;7;;;;0;0;0;-96670,55;-1000;0;0;308,71;28,66;0;0,2;0;0;0;0;272,51;272,51
25/09/2026 08:30:09;25/09/2026;01/09/2026;25/09/2026;19;B;70;114;237944;141273,45;136256,33;3730,74;0;7766;7757;9;0;0;0;0;0;0;136256,33;57,26;97;7087,01;85;80;82,47;0;M;61;DAVENE;0;11;;;0;0;3283,42;;0;0;0;0;33;;;;0;0;0;-96670,55;-3283,42;0;0;308,71;28,66;0;0,2;0;0;0;0;272,51;272,51
25/09/2026 08:30:09;25/09/2026;01/09/2026;25/09/2026;19;B;70;114;237944;141273,45;136256,33;3730,74;0;7766;7757;9;0;0;0;0;0;0;136256,33;57,26;97;7087,01;85;80;82,47;0;M;1;JAV;0;96;78;81,25;0;0;198165,85;119371,65;0;119371,65;60,24;0;6197;4386;0;4386;70,78;0;0;-96670,55;-78794,2;0;0;308,71;28,66;0;0,2;0;0;0;0;272,51;272,51
25/09/2026 08:30:09;25/09/2026;01/09/2026;25/09/2026;19;B;70;114;237944;141273,45;136256,33;3730,74;0;7766;7757;9;0;0;0;0;0;0;136256,33;57,26;97;7087,01;85;80;82,47;0;M;52;GREEN;0;37;22;59,46;0;0;6687,41;6093,83;0;6093,83;91,12;0;139;99;0;99;71,22;0;15,23;-96670,55;-593,58;0;15,23;308,71;28,66;0;0,2;0;0;0;0;272,51;272,51
25/09/2026 08:30:09;25/09/2026;01/09/2026;25/09/2026;20;E;365;48;65970;67857,1;64418,86;1978,48;64,42;2336;2336;0;0;0;0;0;0;0;64418,86;97,65;41;2186;32;29;70,73;0;M;61;DAVENE;0;10;;;0;0;1002,47;;0;0;0;0;4,55625;;;;0;0;0;1887,1;-1002,47;64,42;0;383,86;189,9;0;0,2;0;0;0;0;128,84;128,84
25/09/2026 08:30:09;25/09/2026;01/09/2026;25/09/2026;20;E;365;48;65970;67857,1;64418,86;1978,48;64,42;2336;2336;0;0;0;0;0;0;0;64418,86;97,65;41;2186;32;29;70,73;0;M;47;SOFFIE;0;7;;;0;0;1000;;0;0;0;0;0;;;;;0;0;1887,1;-1000;64,42;0;383,86;189,9;0;0,2;0;0;0;0;128,84;128,84
25/09/2026 08:30:09;25/09/2026;01/09/2026;25/09/2026;20;E;365;48;65970;67857,1;64418,86;1978,48;64,42;2336;2336;0;0;0;0;0;0;0;64418,86;97,65;41;2186;32;29;70,73;0;M;66;COCO SHOW;0;9;5;55,56;0;0;1100;673,79;0;673,79;61,25;0;62,573511;45;0;45;71,92;0;0;1887,1;-426,21;64,42;0;383,86;189,9;0;0,2;0;0;0;0;128,84;128,84
25/09/2026 08:30:09;25/09/2026;01/09/2026;25/09/2026;20;E;365;48;65970;67857,1;64418,86;1978,48;64,42;2336;2336;0;0;0;0;0;0;0;64418,86;97,65;41;2186;32;29;70,73;0;M;72;FRANBA;0;17;2;11,76;0;0;1000,85;282,58;0;282,58;28,23;0;8,571429;3;0;3;35;0;0;1887,1;-718,27;64,42;0;383,86;189,9;0;0,2;0;0;0;0;128,84;128,84
25/09/2026 08:30:09;25/09/2026;01/09/2026;25/09/2026;20;E;365;48;65970;67857,1;64418,86;1978,48;64,42;2336;2336;0;0;0;0;0;0;0;64418,86;97,65;41;2186;32;29;70,73;0;M;69;GAMELEIRA;0;10;6;60;0;0;1000,9;1078,57;0;1078,57;107,76;0;20,968085;21;0;21;100,15;4,1;7,01;1887,1;77,67;64,42;7,01;383,86;189,9;0;0,2;0;0;0;0;128,84;128,84
25/09/2026 08:30:09;25/09/2026;01/09/2026;25/09/2026;20;E;365;48;65970;67857,1;64418,86;1978,48;64,42;2336;2336;0;0;0;0;0;0;0;64418,86;97,65;41;2186;32;29;70,73;0;M;52;GREEN;0;6;2;33,33;0;0;1000,8;87,67;0;87,67;8,76;0;14,875;2;0;2;13,45;0;0;1887,1;-913,13;64,42;0;383,86;189,9;0;0,2;0;0;0;0;128,84;128,84
25/09/2026 08:30:09;25/09/2026;01/09/2026;25/09/2026;20;E;365;48;65970;67857,1;64418,86;1978,48;64,42;2336;2336;0;0;0;0;0;0;0;64418,86;97,65;41;2186;32;29;70,73;0;M;44;JDE;0;25;12;48;0;0;24253,22;4536,37;0;4536,37;18,7;0;301,138881;121;0;121;40,18;0;0;1887,1;-19716,85;64,42;0;383,86;189,9;0;0,2;0;0;0;0;128,84;128,84
25/09/2026 08:30:09;25/09/2026;01/09/2026;25/09/2026;20;E;365;48;65970;67857,1;64418,86;1978,48;64,42;2336;2336;0;0;0;0;0;0;0;64418,86;97,65;41;2186;32;29;70,73;0;M;6;SOL BEBIDAS;0;7;;;0;0;500,29;;0;0;0;0;0;;;;;0;0;1887,1;-500,29;64,42;0;383,86;189,9;0;0,2;0;0;0;0;128,84;128,84
25/09/2026 08:30:09;25/09/2026;01/09/2026;25/09/2026;20;E;365;48;65970;67857,1;64418,86;1978,48;64,42;2336;2336;0;0;0;0;0;0;0;64418,86;97,65;41;2186;32;29;70,73;0;M;53;CASAKM;0;10;2;20;0;0;1000,63;218;0;218;21,79;0;33,532777;4;0;4;11,93;0;0;1887,1;-782,63;64,42;0;383,86;189,9;0;0,2;0;0;0;0;128,84;128,84
25/09/2026 08:30:09;25/09/2026;01/09/2026;25/09/2026;20;E;365;48;65970;67857,1;64418,86;1978,48;64,42;2336;2336;0;0;0;0;0;0;0;64418,86;97,65;41;2186;32;29;70,73;0;M;2;MARILAN;0;15;7;46,67;0;0;8004,78;27527,68;0;27527,68;343,89;0;272,555759;634;0;634;232,61;33,03;55,06;1887,1;19522,9;64,42;55,06;383,86;189,9;0;0,2;0;0;0;0;128,84;128,84
25/09/2026 08:30:09;25/09/2026;01/09/2026;25/09/2026;20;E;365;48;65970;67857,1;64418,86;1978,48;64,42;2336;2336;0;0;0;0;0;0;0;64418,86;97,65;41;2186;32;29;70,73;0;M;63;BRACELL;0;11;12;109,09;26,07;0;2900,27;3258,26;0;3258,26;112,34;0;96,92179;115;0;115;118,65;10,1;16,94;1887,1;357,99;64,42;43,01;383,86;189,9;0;0,2;0;0;0;0;128,84;128,84
25/09/2026 08:30:09;25/09/2026;01/09/2026;25/09/2026;20;E;365;48;65970;67857,1;64418,86;1978,48;64,42;2336;2336;0;0;0;0;0;0;0;64418,86;97,65;41;2186;32;29;70,73;0;M;18;SABORELLE - RACAO;0;2;1;50;0;0;1000,37;1501,99;0;1501,99;150,14;0;9,5345;31;0;31;325,14;4,66;7,81;1887,1;501,62;64,42;7,81;383,86;189,9;0;0,2;0;0;0;0;128,84;128,84
25/09/2026 08:30:09;25/09/2026;01/09/2026;25/09/2026;20;E;365;48;65970;67857,1;64418,86;1978,48;64,42;2336;2336;0;0;0;0;0;0;0;64418,86;97,65;41;2186;32;29;70,73;0;M;60;RICLAN;0;12;9;75;0;0;2000,55;854,52;0;854,52;42,71;0;98,708907;71;0;71;71,93;0;0;1887,1;-1146,03;64,42;0;383,86;189,9;0;0,2;0;0;0;0;128,84;128,84
25/09/2026 08:30:09;25/09/2026;01/09/2026;25/09/2026;20;E;365;48;65970;67857,1;64418,86;1978,48;64,42;2336;2336;0;0;0;0;0;0;0;64418,86;97,65;41;2186;32;29;70,73;0;M;82;ZICO;0;7;;;0;0;1200;;0;0;0;0;4;;;;0;0;0;1887,1;-1200;64,42;0;383,86;189,9;0;0,2;0;0;0;0;128,84;128,84
25/09/2026 08:30:09;25/09/2026;01/09/2026;25/09/2026;27;E;366;83;140554;111447,18;110397,72;3854,1;0;5714;5669;45;0;0;0;0;0;2104,9;108292,82;77,05;71;4888;55;54;76,06;0;M;1;JAV;0;26;44;169,23;158,6;0;12434,64;53919,95;1053,44;52866,51;425,16;0;772;2211;30;2181;282,51;63,44;105,73;-29106,82;40431,87;0;264,33;872,76;429,65;0;0,3;0;0;0;0;324,88;324,88
25/09/2026 08:30:09;25/09/2026;01/09/2026;25/09/2026;27;E;366;83;140554;111447,18;110397,72;3854,1;0;5714;5669;45;0;0;0;0;0;2104,9;108292,82;77,05;71;4888;55;54;76,06;0;M;2;MARILAN;0;40;28;70;0;0;85820,16;31131,63;830,4;30301,23;35,31;0;2531;955;12;943;37,26;0;0;-29106,82;-55518,93;0;0;872,76;429,65;0;0,3;0;0;0;0;324,88;324,88
25/09/2026 08:30:09;25/09/2026;01/09/2026;25/09/2026;27;E;366;83;140554;111447,18;110397,72;3854,1;0;5714;5669;45;0;0;0;0;0;2104,9;108292,82;77,05;71;4888;55;54;76,06;0;M;53;CASAKM;0;13;9;69,23;0;0;3547,6;1599,72;221,06;1378,66;38,86;0;171;45;3;42;24,56;0;0;-29106,82;-2168,94;0;0;872,76;429,65;0;0,3;0;0;0;0;324,88;324,88
25/09/2026 08:30:09;25/09/2026;01/09/2026;25/09/2026;27;E;366;83;140554;111447,18;110397,72;3854,1;0;5714;5669;45;0;0;0;0;0;2104,9;108292,82;77,05;71;4888;55;54;76,06;0;M;72;FRANBA;0;10;1;10;0;0;1000;5160,65;0;5160,65;516,07;0;50;55;0;55;110;19,61;33,54;-29106,82;4160,65;0;33,54;872,76;429,65;0;0,3;0;0;0;0;324,88;324,88
25/09/2026 08:30:09;25/09/2026;01/09/2026;25/09/2026;27;E;366;83;140554;111447,18;110397,72;3854,1;0;5714;5669;45;0;0;0;0;0;2104,9;108292,82;77,05;71;4888;55;54;76,06;0;M;52;GREEN;0;16;4;25;0;0;1148,67;520,97;0;520,97;45,35;0;52;9;0;9;17,31;0;0;-29106,82;-627,7;0;0;872,76;429,65;0;0,3;0;0;0;0;324,88;324,88
25/09/2026 08:30:09;25/09/2026;01/09/2026;25/09/2026;27;E;366;83;140554;111447,18;110397,72;3854,1;0;5714;5669;45;0;0;0;0;0;2104,9;108292,82;77,05;71;4888;55;54;76,06;0;M;82;ZICO;0;10;;;0;0;1000;;0;0;0;0;50;;;;0;0;0;-29106,82;-1000;0;0;872,76;429,65;0;0,3;0;0;0;0;324,88;324,88
25/09/2026 08:30:09;25/09/2026;01/09/2026;25/09/2026;27;E;366;83;140554;111447,18;110397,72;3854,1;0;5714;5669;45;0;0;0;0;0;2104,9;108292,82;77,05;71;4888;55;54;76,06;0;M;13;COPRA;0;23;15;65,22;0;0;14505,09;6311,62;0;6311,62;43,51;0;345;236;0;236;68,41;0;0;-29106,82;-8193,47;0;0;872,76;429,65;0;0,3;0;0;0;0;324,88;324,88
25/09/2026 08:30:09;25/09/2026;01/09/2026;25/09/2026;27;E;366;83;140554;111447,18;110397,72;3854,1;0;5714;5669;45;0;0;0;0;0;2104,9;108292,82;77,05;71;4888;55;54;76,06;0;M;65;MATUTA;0;10;;;0;0;1000;;0;0;0;0;50;;;;0;0;0;-29106,82;-1000;0;0;872,76;429,65;0;0,3;0;0;0;0;324,88;324,88
25/09/2026 08:30:09;25/09/2026;01/09/2026;25/09/2026;27;E;366;83;140554;111447,18;110397,72;3854,1;0;5714;5669;45;0;0;0;0;0;2104,9;108292,82;77,05;71;4888;55;54;76,06;0;M;18;SABORELLE - RACAO;0;12;3;25;0;0;2956,3;584,48;0;584,48;19,77;0;65;11;0;11;16,92;0;0;-29106,82;-2371,82;0;0;872,76;429,65;0;0,3;0;0;0;0;324,88;324,88
25/09/2026 08:30:09;25/09/2026;01/09/2026;25/09/2026;27;E;366;83;140554;111447,18;110397,72;3854,1;0;5714;5669;45;0;0;0;0;0;2104,9;108292,82;77,05;71;4888;55;54;76,06;0;M;60;RICLAN;0;21;8;38,1;0;0;3251,04;834,94;0;834,94;25,68;0;211;41;0;41;19,43;0;0;-29106,82;-2416,1;0;0;872,76;429,65;0;0,3;0;0;0;0;324,88;324,88
25/09/2026 08:30:09;25/09/2026;01/09/2026;25/09/2026;27;E;366;83;140554;111447,18;110397,72;3854,1;0;5714;5669;45;0;0;0;0;0;2104,9;108292,82;77,05;71;4888;55;54;76,06;0;M;85;CUIDAX;0;9;;;0;0;800;;0;0;0;0;30;;;;0;0;0;-29106,82;-800;0;0;872,76;429,65;0;0,3;0;0;0;0;324,88;324,88
25/09/2026 08:30:09;25/09/2026;01/09/2026;25/09/2026;27;E;366;83;140554;111447,18;110397,72;3854,1;0;5714;5669;45;0;0;0;0;0;2104,9;108292,82;77,05;71;4888;55;54;76,06;0;M;83;ROBINSON CRUSOE;0;10;2;20;0;0;1000;386,7;0;386,7;38,67;0;20;3;0;3;15;0;0;-29106,82;-613,3;0;0;872,76;429,65;0;0,3;0;0;0;0;324,88;324,88
25/09/2026 08:30:09;25/09/2026;01/09/2026;25/09/2026;27;E;366;83;140554;111447,18;110397,72;3854,1;0;5714;5669;45;0;0;0;0;0;2104,9;108292,82;77,05;71;4888;55;54;76,06;0;M;59;CASA SUICA;0;10;2;20;0;0;3313,48;6328,32;0;6328,32;190,99;0;162;282;0;282;174,07;7,59;12,66;-29106,82;3014,84;0;12,66;872,76;429,65;0;0,3;0;0;0;0;324,88;324,88
25/09/2026 08:30:09;25/09/2026;01/09/2026;25/09/2026;27;E;366;83;140554;111447,18;110397,72;3854,1;0;5714;5669;45;0;0;0;0;0;2104,9;108292,82;77,05;71;4888;55;54;76,06;0;M;63;BRACELL;0;10;6;60;0;0;1824,98;1604,21;0;1604,21;87,9;0;64;46;0;46;71,88;0;4,17;-29106,82;-220,77;0;4,17;872,76;429,65;0;0,3;0;0;0;0;324,88;324,88
25/09/2026 08:30:09;25/09/2026;01/09/2026;25/09/2026;27;E;366;83;140554;111447,18;110397,72;3854,1;0;5714;5669;45;0;0;0;0;0;2104,9;108292,82;77,05;71;4888;55;54;76,06;0;M;6;SOL BEBIDAS;0;10;4;40;0;0;1032,5;633,8;0;633,8;61,38;0;50;16;0;16;32;0;0;-29106,82;-398,7;0;0;872,76;429,65;0;0,3;0;0;0;0;324,88;324,88
25/09/2026 08:30:09;25/09/2026;01/09/2026;25/09/2026;19;E;497;27;55000;28373,12;33095,94;1485,48;0;1272;1263;9;0;0;0;0;0;391,87;32704,07;59,46;23;838;20;17;73,91;0;M;47;SOFFIE;0;5;;;0;0;500;;0;0;0;0;10;;;;0;0;0;-26626,88;-500;0;0;247,23;87;0;0,3;0;0;0;0;98,11;98,11
25/09/2026 08:30:09;25/09/2026;01/09/2026;25/09/2026;19;E;497;27;55000;28373,12;33095,94;1485,48;0;1272;1263;9;0;0;0;0;0;391,87;32704,07;59,46;23;838;20;17;73,91;0;M;69;GAMELEIRA;0;10;1;10;0;0;1000;395,12;0;395,12;39,51;0;20;7;0;7;35;0;0;-26626,88;-604,88;0;0;247,23;87;0;0,3;0;0;0;0;98,11;98,11
25/09/2026 08:30:09;25/09/2026;01/09/2026;25/09/2026;19;E;497;27;55000;28373,12;33095,94;1485,48;0;1272;1263;9;0;0;0;0;0;391,87;32704,07;59,46;23;838;20;17;73,91;0;M;6;SOL BEBIDAS;0;5;2;40;0;0;1000;315,28;0;315,28;31,53;0;15;7;0;7;46,67;0;0;-26626,88;-684,72;0;0;247,23;87;0;0,3;0;0;0;0;98,11;98,11
25/09/2026 08:30:09;25/09/2026;01/09/2026;25/09/2026;19;E;497;27;55000;28373,12;33095,94;1485,48;0;1272;1263;9;0;0;0;0;0;391,87;32704,07;59,46;23;838;20;17;73,91;0;M;60;RICLAN;0;10;3;30;0;0;1000;724,78;0;724,78;72,48;0;81;33;0;33;40,74;0;0;-26626,88;-275,22;0;0;247,23;87;0;0,3;0;0;0;0;98,11;98,11
25/09/2026 08:30:09;25/09/2026;01/09/2026;25/09/2026;19;E;497;27;55000;28373,12;33095,94;1485,48;0;1272;1263;9;0;0;0;0;0;391,87;32704,07;59,46;23;838;20;17;73,91;0;M;63;BRACELL;0;10;1;10;0;0;2000;58,19;0;58,19;2,91;0;20;1;0;1;5;0;0;-26626,88;-1941,81;0;0;247,23;87;0;0,3;0;0;0;0;98,11;98,11
25/09/2026 08:30:09;25/09/2026;01/09/2026;25/09/2026;19;E;497;27;55000;28373,12;33095,94;1485,48;0;1272;1263;9;0;0;0;0;0;391,87;32704,07;59,46;23;838;20;17;73,91;0;M;59;CASA SUICA;0;10;;;0;0;500;;0;0;0;0;11;;;;0;0;0;-26626,88;-500;0;0;247,23;87;0;0,3;0;0;0;0;98,11;98,11
25/09/2026 08:30:09;25/09/2026;01/09/2026;25/09/2026;20;E;498;96;55500;35406,7;30318,68;1050,14;0;731;731;0;0;0;0;0;0;0;30318,68;54,63;82;572,19;42;35;42,68;0;M;60;RICLAN;0;24;11;45,83;0;0;2000;1274,54;0;1274,54;63,73;0;43,692967;94;0;94;215,14;4,84;0;-20093,3;-725,46;0;0;157,86;0;0;0,3;0;0;0;0;90,96;90,96
25/09/2026 08:30:09;25/09/2026;01/09/2026;25/09/2026;20;E;498;96;55500;35406,7;30318,68;1050,14;0;731;731;0;0;0;0;0;0;0;30318,68;54,63;82;572,19;42;35;42,68;0;M;53;CASAKM;0;30;13;43,33;0;0;14000;8733,42;0;8733,42;62,38;0;185,203378;191;0;191;103,13;27,07;0;-20093,3;-5266,58;0;0;157,86;0;0;0,3;0;0;0;0;90,96;90,96
25/09/2026 08:30:09;25/09/2026;01/09/2026;25/09/2026;20;E;498;96;55500;35406,7;30318,68;1050,14;0;731;731;0;0;0;0;0;0;0;30318,68;54,63;82;572,19;42;35;42,68;0;M;15;QUEIJOS LELO;0;10;3;30;0;0;1000;535,07;0;535,07;53,51;0;5,529412;4;0;4;72,34;0;0;-20093,3;-464,93;0;0;157,86;0;0;0,3;0;0;0;0;90,96;90,96
25/09/2026 08:30:09;25/09/2026;01/09/2026;25/09/2026;20;E;498;96;55500;35406,7;30318,68;1050,14;0;731;731;0;0;0;0;0;0;0;30318,68;54,63;82;572,19;42;35;42,68;0;M;2;MARILAN;0;40;19;47,5;0;0;25000;13152,82;0;13152,82;52,61;0;213,861639;306;0;306;143,08;15,78;0;-20093,3;-11847,18;0;0;157,86;0;0;0,3;0;0;0;0;90,96;90,96
25/09/2026 08:30:09;25/09/2026;01/09/2026;25/09/2026;20;E;498;96;55500;35406,7;30318,68;1050,14;0;731;731;0;0;0;0;0;0;0;30318,68;54,63;82;572,19;42;35;42,68;0;M;13;COPRA;0;32;18;56,25;0;0;10000;5232,83;0;5232,83;52,33;0;106,846041;109;0;109;102,02;16,22;0;-20093,3;-4767,17;0;0;157,86;0;0;0,3;0;0;0;0;90,96;90,96
25/09/2026 08:30:09;25/09/2026;01/09/2026;25/09/2026;20;E;498;96;55500;35406,7;30318,68;1050,14;0;731;731;0;0;0;0;0;0;0;30318,68;54,63;82;572,19;42;35;42,68;0;M;47;SOFFIE;0;7;;;0;0;500;;0;0;0;0;1,876829;;;;0;0;0;-20093,3;-500;0;0;157,86;0;0;0,3;0;0;0;0;90,96;90,96
25/09/2026 08:30:09;25/09/2026;01/09/2026;25/09/2026;20;E;498;96;55500;35406,7;30318,68;1050,14;0;731;731;0;0;0;0;0;0;0;30318,68;54,63;82;572,19;42;35;42,68;0;M;59;CASA SUICA;0;7;;;0;0;1000;;0;0;0;0;0;;;;;0;0;-20093,3;-1000;0;0;157,86;0;0;0,3;0;0;0;0;90,96;90,96
25/09/2026 08:30:09;25/09/2026;01/09/2026;25/09/2026;20;E;498;96;55500;35406,7;30318,68;1050,14;0;731;731;0;0;0;0;0;0;0;30318,68;54,63;82;572,19;42;35;42,68;0;M;6;SOL BEBIDAS;0;0;;;0;0;500;;0;0;0;0;0;;;;;0;0;-20093,3;-500;0;0;157,86;0;0;0,3;0;0;0;0;90,96;90,96
25/09/2026 08:30:09;25/09/2026;01/09/2026;25/09/2026;20;E;498;96;55500;35406,7;30318,68;1050,14;0;731;731;0;0;0;0;0;0;0;30318,68;54,63;82;572,19;42;35;42,68;0;M;18;SABORELLE - RACAO;0;9;3;33,33;0;0;1500;965,54;0;965,54;64,37;0;15,7415;24;0;24;152,46;2,99;0;-20093,3;-534,46;0;0;157,86;0;0;0,3;0;0;0;0;90,96;90,96
25/09/2026 08:30:09;25/09/2026;01/09/2026;25/09/2026;27;E;500;43;33021;35932,89;39810,46;1106,23;32,42;1727;1538;189;0;0;0;0;0;7390,85;32419,61;98,18;37;1154;19;18;48,65;0;M;1;JAV;0;16;17;106,25;39,96;0;10871,76;16262,29;2940,79;13321,5;122,53;0;298;821;75;746;250,34;15,99;26,64;2911,89;2449,74;32,42;66,6;295,85;172,94;0;0,3;0;0;0;0;97,26;97,26
25/09/2026 08:30:09;25/09/2026;01/09/2026;25/09/2026;27;E;500;43;33021;35932,89;39810,46;1106,23;32,42;1727;1538;189;0;0;0;0;0;7390,85;32419,61;98,18;37;1154;19;18;48,65;0;M;13;COPRA;0;6;8;133,33;11,62;0;5012,84;1529,12;77,04;1452,08;28,97;0;50;64;1;63;126;4,5;0;2911,89;-3560,76;32,42;11,62;295,85;172,94;0;0,3;0;0;0;0;97,26;97,26
25/09/2026 08:30:09;25/09/2026;01/09/2026;25/09/2026;27;E;500;43;33021;35932,89;39810,46;1106,23;32,42;1727;1538;189;0;0;0;0;0;7390,85;32419,61;98,18;37;1154;19;18;48,65;0;M;44;JDE;0;10;12;120;12,9;0;10326,29;11576,42;2973,56;8602,86;83,31;0;124;420;30;390;314,52;5,16;0;2911,89;-1723,43;32,42;12,9;295,85;172,94;0;0,3;0;0;0;0;97,26;97,26
25/09/2026 08:30:09;25/09/2026;01/09/2026;25/09/2026;27;E;500;43;33021;35932,89;39810,46;1106,23;32,42;1727;1538;189;0;0;0;0;0;7390,85;32419,61;98,18;37;1154;19;18;48,65;0;M;53;CASAKM;0;8;10;125;29,94;0;1811,16;3868,04;125,5;3742,54;206,64;0;105;88;2;86;81,9;0;19,46;2911,89;1931,38;32,42;49,4;295,85;172,94;0;0,3;0;0;0;0;97,26;97,26
25/09/2026 08:30:09;25/09/2026;01/09/2026;25/09/2026;27;E;500;43;33021;35932,89;39810,46;1106,23;32,42;1727;1538;189;0;0;0;0;0;7390,85;32419,61;98,18;37;1154;19;18;48,65;0;M;60;RICLAN;0;11;1;9,09;0;0;1013,38;145,9;80,28;65,62;6,48;0;51;9;10;-1;-1,96;0;0;2911,89;-947,76;32,42;0;295,85;172,94;0;0,3;0;0;0;0;97,26;97,26
25/09/2026 08:30:09;25/09/2026;01/09/2026;25/09/2026;27;E;500;43;33021;35932,89;39810,46;1106,23;32,42;1727;1538;189;0;0;0;0;0;7390,85;32419,61;98,18;37;1154;19;18;48,65;0;M;15;QUEIJOS LELO;0;10;;;0;0;1000;;0;0;0;0;50;;;;0;0;0;2911,89;-1000;32,42;0;295,85;172,94;0;0,3;0;0;0;0;97,26;97,26
25/09/2026 08:30:09;25/09/2026;01/09/2026;25/09/2026;27;E;500;43;33021;35932,89;39810,46;1106,23;32,42;1727;1538;189;0;0;0;0;0;7390,85;32419,61;98,18;37;1154;19;18;48,65;0;M;85;CUIDAX;0;8;;;0;0;800;;0;0;0;0;30;;;;0;0;0;2911,89;-800;32,42;0;295,85;172,94;0;0,3;0;0;0;0;97,26;97,26
25/09/2026 08:30:09;25/09/2026;01/09/2026;25/09/2026;27;E;500;43;33021;35932,89;39810,46;1106,23;32,42;1727;1538;189;0;0;0;0;0;7390,85;32419,61;98,18;37;1154;19;18;48,65;0;M;52;GREEN;0;10;2;20;0;0;1000;0;0;0;0;0;50;3;0;3;6;0;0;2911,89;-1000;32,42;0;295,85;172,94;0;0,3;0;0;0;0;97,26;97,26
25/09/2026 08:30:09;25/09/2026;01/09/2026;25/09/2026;27;E;500;43;33021;35932,89;39810,46;1106,23;32,42;1727;1538;189;0;0;0;0;0;7390,85;32419,61;98,18;37;1154;19;18;48,65;0;M;82;ZICO;0;10;;;0;0;1000;;0;0;0;0;50;;;;0;0;0;2911,89;-1000;32,42;0;295,85;172,94;0;0,3;0;0;0;0;97,26;97,26
25/09/2026 08:30:09;25/09/2026;01/09/2026;25/09/2026;27;E;500;43;33021;35932,89;39810,46;1106,23;32,42;1727;1538;189;0;0;0;0;0;7390,85;32419,61;98,18;37;1154;19;18;48,65;0;M;59;CASA SUICA;0;10;;;0;0;1000;;0;0;0;0;50;;;;0;0;0;2911,89;-1000;32,42;0;295,85;172,94;0;0,3;0;0;0;0;97,26;97,26
25/09/2026 08:30:09;25/09/2026;01/09/2026;25/09/2026;27;E;500;43;33021;35932,89;39810,46;1106,23;32,42;1727;1538;189;0;0;0;0;0;7390,85;32419,61;98,18;37;1154;19;18;48,65;0;M;74;BRAVA;0;10;1;10;0;0;1000;168;0;168;16,8;0;50;3;0;3;6;0;0;2911,89;-832;32,42;0;295,85;172,94;0;0,3;0;0;0;0;97,26;97,26
25/09/2026 08:30:09;25/09/2026;01/09/2026;25/09/2026;27;E;500;43;33021;35932,89;39810,46;1106,23;32,42;1727;1538;189;0;0;0;0;0;7390,85;32419,61;98,18;37;1154;19;18;48,65;0;M;63;BRACELL;0;10;;;0;0;1500;;0;0;0;0;50;;;;0;0;0;2911,89;-1500;32,42;0;295,85;172,94;0;0,3;0;0;0;0;97,26;97,26
25/09/2026 08:30:09;25/09/2026;01/09/2026;25/09/2026;27;E;500;43;33021;35932,89;39810,46;1106,23;32,42;1727;1538;189;0;0;0;0;0;7390,85;32419,61;98,18;37;1154;19;18;48,65;0;M;69;GAMELEIRA;0;10;;;0;0;1000;;0;0;0;0;50;;;;0;0;0;2911,89;-1000;32,42;0;295,85;172,94;0;0,3;0;0;0;0;97,26;97,26
25/09/2026 08:30:09;25/09/2026;01/09/2026;25/09/2026;27;E;500;43;33021;35932,89;39810,46;1106,23;32,42;1727;1538;189;0;0;0;0;0;7390,85;32419,61;98,18;37;1154;19;18;48,65;0;M;6;SOL BEBIDAS;0;10;1;10;0;0;1012,26;33,06;0;33,06;3,27;0;50;2;0;2;4;0;0;2911,89;-979,2;32,42;0;295,85;172,94;0;0,3;0;0;0;0;97,26;97,26
25/09/2026 08:30:09;25/09/2026;01/09/2026;25/09/2026;27;E;500;43;33021;35932,89;39810,46;1106,23;32,42;1727;1538;189;0;0;0;0;0;7390,85;32419,61;98,18;37;1154;19;18;48,65;0;M;65;MATUTA;0;10;;;0;0;1000;;0;0;0;0;50;;;;0;0;0;2911,89;-1000;32,42;0;295,85;172,94;0;0,3;0;0;0;0;97,26;97,26
25/09/2026 08:30:09;25/09/2026;01/09/2026;25/09/2026;13;E;76;158;264118;237538,43;226899,33;7091,49;0;9505;9318;187;0;0;0;0;0;6437,3;220462,03;83,47;134;9430,01;117;107;79,85;0;M;1;JAV;0;129;93;72,09;0;0;138146,4;119314,34;2813,78;116500,56;84,33;0;6024;4408;78;4330;71,88;0;0;-26579,57;-21645,84;0;0;543,18;249,09;0;0,1;0;0;0;0;220,46;220,46
25/09/2026 08:30:09;25/09/2026;01/09/2026;25/09/2026;13;E;76;158;264118;237538,43;226899,33;7091,49;0;9505;9318;187;0;0;0;0;0;6437,3;220462,03;83,47;134;9430,01;117;107;79,85;0;M;2;MARILAN;0;48;35;72,92;0;0;40239,05;46914,94;3141,28;43773,66;108,78;0;960;1184;93;1091;113,65;52,53;87,55;-26579,57;3534,61;0;87,55;543,18;249,09;0;0,1;0;0;0;0;220,46;220,46
25/09/2026 08:30:09;25/09/2026;01/09/2026;25/09/2026;13;E;76;158;264118;237538,43;226899,33;7091,49;0;9505;9318;187;0;0;0;0;0;6437,3;220462,03;83,47;134;9430,01;117;107;79,85;0;M;13;COPRA;0;70;39;55,71;0;0;26000;12506,69;125,66;12381,03;47,62;0;504;296;2;294;58,33;0;0;-26579,57;-13618,97;0;0;543,18;249,09;0;0,1;0;0;0;0;220,46;220,46
25/09/2026 08:30:09;25/09/2026;01/09/2026;25/09/2026;13;E;76;158;264118;237538,43;226899,33;7091,49;0;9505;9318;187;0;0;0;0;0;6437,3;220462,03;83,47;134;9430,01;117;107;79,85;0;M;44;JDE;0;88;57;64,77;0;0;79606,21;51691,61;100,39;51591,22;64,81;0;2907;2377;1;2376;81,73;0;0;-26579,57;-28014,99;0;0;543,18;249,09;0;0,1;0;0;0;0;220,46;220,46
25/09/2026 08:30:09;25/09/2026;01/09/2026;25/09/2026;13;E;76;158;264118;237538,43;226899,33;7091,49;0;9505;9318;187;0;0;0;0;0;6437,3;220462,03;83,47;134;9430,01;117;107;79,85;0;M;53;CASAKM;0;63;39;61,9;0;0;13043,71;15052,54;356,58;14695,96;112,67;0;526;319;13;306;58,17;0;76,42;-26579,57;1652,25;0;76,42;543,18;249,09;0;0,1;0;0;0;0;220,46;220,46
25/09/2026 08:30:09;25/09/2026;01/09/2026;25/09/2026;13;E;76;158;264118;237538,43;226899,33;7091,49;0;9505;9318;187;0;0;0;0;0;6437,3;220462,03;83,47;134;9430,01;117;107;79,85;0;M;83;ROBINSON CRUSOE;0;20;5;25;0;0;3644,88;1494,08;0;1494,08;40,99;0;26;12;0;12;46,15;0;0;-26579,57;-2150,8;0;0;543,18;249,09;0;0,1;0;0;0;0;220,46;220,46
25/09/2026 08:30:09;25/09/2026;01/09/2026;25/09/2026;13;E;76;158;264118;237538,43;226899,33;7091,49;0;9505;9318;187;0;0;0;0;0;6437,3;220462,03;83,47;134;9430,01;117;107;79,85;0;M;59;CASA SUICA;0;10;2;20;0;0;3003,52;761,2;0;761,2;25,34;0;20;40;0;40;200;0,91;0;-26579,57;-2242,32;0;0;543,18;249,09;0;0,1;0;0;0;0;220,46;220,46
25/09/2026 08:30:09;25/09/2026;01/09/2026;25/09/2026;13;E;76;158;264118;237538,43;226899,33;7091,49;0;9505;9318;187;0;0;0;0;0;6437,3;220462,03;83,47;134;9430,01;117;107;79,85;0;M;6;SOL BEBIDAS;0;12;3;25;0;0;1022,19;344,45;0;344,45;33,7;0;11;6;0;6;54,55;0;0;-26579,57;-677,74;0;0;543,18;249,09;0;0,1;0;0;0;0;220,46;220,46
25/09/2026 08:30:09;25/09/2026;01/09/2026;25/09/2026;13;E;76;158;264118;237538,43;226899,33;7091,49;0;9505;9318;187;0;0;0;0;0;6437,3;220462,03;83,47;134;9430,01;117;107;79,85;0;M;69;GAMELEIRA;0;20;14;70;0;0;1000;1407,4;0;1407,4;140,74;0;20;31;0;31;155;5,35;9,15;-26579,57;407,4;0;9,15;543,18;249,09;0;0,1;0;0;0;0;220,46;220,46
25/09/2026 08:30:09;25/09/2026;01/09/2026;25/09/2026;13;E;76;158;264118;237538,43;226899,33;7091,49;0;9505;9318;187;0;0;0;0;0;6437,3;220462,03;83,47;134;9430,01;117;107;79,85;0;M;65;MATUTA;0;13;1;7,69;0;0;1000;665,4;0;665,4;66,54;0;14;15;0;15;107,14;2,53;0;-26579,57;-334,6;0;0;543,18;249,09;0;0,1;0;0;0;0;220,46;220,46
25/09/2026 08:30:09;25/09/2026;01/09/2026;25/09/2026;13;E;76;158;264118;237538,43;226899,33;7091,49;0;9505;9318;187;0;0;0;0;0;6437,3;220462,03;83,47;134;9430,01;117;107;79,85;0;M;66;COCO SHOW;0;21;15;71,43;0;0;2102,76;1873,72;0;1873,72;89,11;0;290;113;0;113;38,97;0;4,87;-26579,57;-229,04;0;4,87;543,18;249,09;0;0,1;0;0;0;0;220,46;220,46
25/09/2026 08:30:09;25/09/2026;01/09/2026;25/09/2026;13;E;76;158;264118;237538,43;226899,33;7091,49;0;9505;9318;187;0;0;0;0;0;6437,3;220462,03;83,47;134;9430,01;117;107;79,85;0;M;63;BRACELL;0;37;25;67,57;0;0;7048,61;7589,15;0;7589,15;107,67;0;300;232;0;232;77,33;0;39,46;-26579,57;540,54;0;39,46;543,18;249,09;0;0,1;0;0;0;0;220,46;220,46
25/09/2026 08:30:09;25/09/2026;01/09/2026;25/09/2026;13;E;76;158;264118;237538,43;226899,33;7091,49;0;9505;9318;187;0;0;0;0;0;6437,3;220462,03;83,47;134;9430,01;117;107;79,85;0;M;52;GREEN;0;10;2;20;0;0;3028,31;366,32;0;366,32;12,1;0;35;6;0;6;17,14;0;0;-26579,57;-2661,99;0;0;543,18;249,09;0;0,1;0;0;0;0;220,46;220,46
25/09/2026 08:30:09;25/09/2026;01/09/2026;25/09/2026;13;E;76;158;264118;237538,43;226899,33;7091,49;0;9505;9318;187;0;0;0;0;0;6437,3;220462,03;83,47;134;9430,01;117;107;79,85;0;M;72;FRANBA;0;15;7;46,67;0;0;1223,75;1059,62;0;1059,62;86,59;0;17;12;0;12;70,59;0;3,5;-26579,57;-164,13;0;3,5;543,18;249,09;0;0,1;0;0;0;0;220,46;220,46
25/09/2026 08:30:09;25/09/2026;01/09/2026;25/09/2026;13;E;76;158;264118;237538,43;226899,33;7091,49;0;9505;9318;187;0;0;0;0;0;6437,3;220462,03;83,47;134;9430,01;117;107;79,85;0;M;51;GUANABARA;0;29;6;20,69;0;0;3458,54;3239,27;0;3239,27;93,66;0;25;25;0;25;100;12,31;10,69;-26579,57;-219,27;0;10,69;543,18;249,09;0;0,1;0;0;0;0;220,46;220,46
25/09/2026 08:30:09;25/09/2026;01/09/2026;25/09/2026;13;E;76;158;264118;237538,43;226899,33;7091,49;0;9505;9318;187;0;0;0;0;0;6437,3;220462,03;83,47;134;9430,01;117;107;79,85;0;M;60;RICLAN;0;33;25;75,76;0;0;6000;5288,18;0;5288,18;88,14;0;466;371;0;371;79,61;0;17,45;-26579,57;-711,82;0;17,45;543,18;249,09;0;0,1;0;0;0;0;220,46;220,46
25/09/2026 08:30:09;25/09/2026;01/09/2026;25/09/2026;13;E;76;158;264118;237538,43;226899,33;7091,49;0;9505;9318;187;0;0;0;0;0;6437,3;220462,03;83,47;134;9430,01;117;107;79,85;0;M;74;BRAVA;0;15;3;20;0;0;3092,33;268,4;0;268,4;8,68;0;127;5;0;5;3,94;0;0;-26579,57;-2823,93;0;0;543,18;249,09;0;0,1;0;0;0;0;220,46;220,46
25/09/2026 08:30:09;25/09/2026;01/09/2026;25/09/2026;13;E;76;158;264118;237538,43;226899,33;7091,49;0;9505;9318;187;0;0;0;0;0;6437,3;220462,03;83,47;134;9430,01;117;107;79,85;0;M;18;SABORELLE - RACAO;0;31;13;41,94;0;0;10056,23;5967,26;0;5967,26;59,34;0;59;36;0;36;61,02;0;0;-26579,57;-4088,97;0;0;543,18;249,09;0;0,1;0;0;0;0;220,46;220,46
25/09/2026 08:30:09;25/09/2026;01/09/2026;25/09/2026;13;E;76;158;264118;237538,43;226899,33;7091,49;0;9505;9318;187;0;0;0;0;0;6437,3;220462,03;83,47;134;9430,01;117;107;79,85;0;M;15;QUEIJOS LELO;0;10;;;0;0;1008,35;;0;0;0;0;6;;;;0;0;0;-26579,57;-1008,35;0;0;543,18;249,09;0;0,1;0;0;0;0;220,46;220,46
25/09/2026 08:30:09;25/09/2026;01/09/2026;25/09/2026;20;E;85;150;121725;80714,02;70832,53;1802,28;0;3489;3440;49;0;0;0;0;0;700,68;70131,85;57,61;128;3245;113;114;89,06;0;M;1;JAV;0;135;114;84,44;0;0;92345,52;58180,55;665,75;57514,8;62,28;0;2770,900076;2210;18;2192;79,11;0;0;-41010,98;-34830,72;0;0;193,68;42,83;0;0,2;0;0;0;0;140,26;140,26
25/09/2026 08:30:09;25/09/2026;01/09/2026;25/09/2026;20;E;85;150;121725;80714,02;70832,53;1802,28;0;3489;3440;49;0;0;0;0;0;700,68;70131,85;57,61;128;3245;113;114;89,06;0;M;44;JDE;0;100;87;87;36,57;0;300008;61667,01;715,83;60951,18;20,32;0;2296,860463;969;27;942;41,01;0;0;-41010,98;-239056,82;0;36,57;193,68;42,83;0;0,2;0;0;0;0;140,26;140,26
25/09/2026 08:30:09;25/09/2026;01/09/2026;25/09/2026;20;E;85;150;121725;80714,02;70832,53;1802,28;0;3489;3440;49;0;0;0;0;0;700,68;70131,85;57,61;128;3245;113;114;89,06;0;M;66;COCO SHOW;0;26;8;30,77;0;0;3541,29;3156,9;28;3128,9;88,35;0;161,857308;158;4;154;95,15;4,07;6,26;-41010,98;-412,39;0;6,26;193,68;42,83;0;0,2;0;0;0;0;140,26;140,26
25/09/2026 08:30:09;25/09/2026;01/09/2026;25/09/2026;20;E;85;150;121725;80714,02;70832,53;1802,28;0;3489;3440;49;0;0;0;0;0;700,68;70131,85;57,61;128;3245;113;114;89,06;0;M;72;FRANBA;0;5;2;40;0;0;1000,54;247,65;0;247,65;24,75;0;2,857143;3;0;3;105;0,94;0;-41010,98;-752,89;0;0;193,68;42,83;0;0,2;0;0;0;0;140,26;140,26
25/09/2026 08:30:09;25/09/2026;01/09/2026;25/09/2026;20;E;85;150;121725;80714,02;70832,53;1802,28;0;3489;3440;49;0;0;0;0;0;700,68;70131,85;57,61;128;3245;113;114;89,06;0;M;69;GAMELEIRA;0;15;6;40;0;0;2500,95;927,1;0;927,1;37,07;0;40,538298;15;0;15;37;0;0;-41010,98;-1573,85;0;0;193,68;42,83;0;0,2;0;0;0;0;140,26;140,26
25/09/2026 08:30:09;25/09/2026;01/09/2026;25/09/2026;20;E;85;150;121725;80714,02;70832,53;1802,28;0;3489;3440;49;0;0;0;0;0;700,68;70131,85;57,61;128;3245;113;114;89,06;0;M;6;SOL BEBIDAS;0;22;4;18,18;0;0;1500,25;323,63;0;323,63;21,57;0;17,368421;6;0;6;34,55;0;0;-41010,98;-1176,62;0;0;193,68;42,83;0;0,2;0;0;0;0;140,26;140,26
25/09/2026 08:30:09;25/09/2026;01/09/2026;25/09/2026;20;E;85;150;121725;80714,02;70832,53;1802,28;0;3489;3440;49;0;0;0;0;0;700,68;70131,85;57,61;128;3245;113;114;89,06;0;M;61;DAVENE;0;16;;;0;0;1300,99;;0;0;0;0;27,3375;;;;0;0;0;-41010,98;-1300,99;0;0;193,68;42,83;0;0,2;0;0;0;0;140,26;140,26
25/09/2026 08:30:09;25/09/2026;01/09/2026;25/09/2026;20;E;85;150;121725;80714,02;70832,53;1802,28;0;3489;3440;49;0;0;0;0;0;700,68;70131,85;57,61;128;3245;113;114;89,06;0;M;65;MATUTA;0;42;3;7,14;0;0;2394,01;309,63;0;309,63;12,93;0;33,75;7;0;7;20,74;0;0;-41010,98;-2084,38;0;0;193,68;42,83;0;0,2;0;0;0;0;140,26;140,26
25/09/2026 08:30:09;25/09/2026;01/09/2026;25/09/2026;27;E;366;83;140554;111447,18;110397,72;3854,1;0;5714;5669;45;0;0;0;0;0;2104,9;108292,82;77,05;71;4888;55;54;76,06;0;M;69;GAMELEIRA;0;10;;;0;0;1007,91;;0;0;0;0;50;;;;0;0;0;-29106,82;-1007,91;0;0;872,76;429,65;0;0,3;0;0;0;0;324,88;324,88
25/09/2026 08:30:09;25/09/2026;01/09/2026;25/09/2026;27;E;366;83;140554;111447,18;110397,72;3854,1;0;5714;5669;45;0;0;0;0;0;2104,9;108292,82;77,05;71;4888;55;54;76,06;0;M;15;QUEIJOS LELO;0;10;1;10;0;0;1806,4;274,36;0;274,36;15,19;0;56;2;0;2;3,57;0;0;-29106,82;-1532,04;0;0;872,76;429,65;0;0,3;0;0;0;0;324,88;324,88
25/09/2026 08:30:09;25/09/2026;01/09/2026;25/09/2026;27;E;366;83;140554;111447,18;110397,72;3854,1;0;5714;5669;45;0;0;0;0;0;2104,9;108292,82;77,05;71;4888;55;54;76,06;0;M;51;GUANABARA;0;10;;;0;0;1000;;0;0;0;0;50;;;;0;0;0;-29106,82;-1000;0;0;872,76;429,65;0;0,3;0;0;0;0;324,88;324,88
25/09/2026 08:30:09;25/09/2026;01/09/2026;25/09/2026;27;E;366;83;140554;111447,18;110397,72;3854,1;0;5714;5669;45;0;0;0;0;0;2104,9;108292,82;77,05;71;4888;55;54;76,06;0;M;44;JDE;0;17;34;200;68,97;0;15930,69;45981;0;45981;288,63;0;284;1721;0;1721;605,99;27,59;45,98;-29106,82;30050,31;0;114,95;872,76;429,65;0;0,3;0;0;0;0;324,88;324,88
25/09/2026 08:30:09;25/09/2026;01/09/2026;25/09/2026;27;E;366;83;140554;111447,18;110397,72;3854,1;0;5714;5669;45;0;0;0;0;0;2104,9;108292,82;77,05;71;4888;55;54;76,06;0;M;66;COCO SHOW;0;12;3;25;0;0;1095,53;608,31;0;608,31;55,53;0;59;27;0;27;45,76;0;0;-29106,82;-487,22;0;0;872,76;429,65;0;0,3;0;0;0;0;324,88;324,88
25/09/2026 08:30:09;25/09/2026;01/09/2026;25/09/2026;27;E;366;83;140554;111447,18;110397,72;3854,1;0;5714;5669;45;0;0;0;0;0;2104,9;108292,82;77,05;71;4888;55;54;76,06;0;M;74;BRAVA;0;10;;;0;0;1009,83;;0;0;0;0;50;;;;0;0;0;-29106,82;-1009,83;0;0;872,76;429,65;0;0,3;0;0;0;0;324,88;324,88
25/09/2026 08:30:09;25/09/2026;01/09/2026;25/09/2026;13;E;367;119;161317;140674,6;100274,04;3467,7;0;3583;3519;64;0;0;0;0;0;886,38;99387,66;61,61;101;4166;55;49;48,51;0;M;2;MARILAN;0;70;38;54,29;0;0;94988,05;57013,37;414,66;56598,71;59,59;0;2393;2121;44;2077;86,79;28,3;0;-20642,4;-38389,34;0;0;65,32;23,14;0;0;0;0;0;0;0;0
25/09/2026 08:30:09;25/09/2026;01/09/2026;25/09/2026;13;E;367;119;161317;140674,6;100274,04;3467,7;0;3583;3519;64;0;0;0;0;0;886,38;99387,66;61,61;101;4166;55;49;48,51;0;M;53;CASAKM;0;50;26;52;0;0;34496,43;19544,76;471,72;19073,04;55,29;0;833;507;20;487;58,46;0;0;-20642,4;-15423,39;0;0;65,32;23,14;0;0;0;0;0;0;0;0
25/09/2026 08:30:09;25/09/2026;01/09/2026;25/09/2026;13;E;367;119;161317;140674,6;100274,04;3467,7;0;3583;3519;64;0;0;0;0;0;886,38;99387,66;61,61;101;4166;55;49;48,51;0;M;13;COPRA;0;54;23;42,59;0;0;18450,87;10026,11;0;10026,11;54,34;0;591;338;0;338;57,19;0;0;-20642,4;-8424,76;0;0;65,32;23,14;0;0;0;0;0;0;0;0
25/09/2026 08:30:09;25/09/2026;01/09/2026;25/09/2026;13;E;367;119;161317;140674,6;100274,04;3467,7;0;3583;3519;64;0;0;0;0;0;886,38;99387,66;61,61;101;4166;55;49;48,51;0;M;18;SABORELLE - RACAO;0;10;;;0;0;2182,96;;0;0;0;0;18;;;;0;0;0;-20642,4;-2182,96;0;0;65,32;23,14;0;0;0;0;0;0;0;0
25/09/2026 08:30:09;25/09/2026;01/09/2026;25/09/2026;13;E;367;119;161317;140674,6;100274,04;3467,7;0;3583;3519;64;0;0;0;0;0;886,38;99387,66;61,61;101;4166;55;49;48,51;0;M;51;GUANABARA;0;10;;;0;0;1010,8;;0;0;0;0;10;;;;0;0;0;-20642,4;-1010,8;0;0;65,32;23,14;0;0;0;0;0;0;0;0
25/09/2026 08:30:09;25/09/2026;01/09/2026;25/09/2026;13;E;367;119;161317;140674,6;100274,04;3467,7;0;3583;3519;64;0;0;0;0;0;886,38;99387,66;61,61;101;4166;55;49;48,51;0;M;59;CASA SUICA;0;11;9;81,82;0;0;3092,79;11568,9;0;11568,9;374,06;0;14;540;0;540;3857,14;13,88;23,14;-20642,4;8476,11;0;23,14;65,32;23,14;0;0;0;0;0;0;0;0
25/09/2026 08:30:09;25/09/2026;01/09/2026;25/09/2026;13;E;367;119;161317;140674,6;100274,04;3467,7;0;3583;3519;64;0;0;0;0;0;886,38;99387,66;61,61;101;4166;55;49;48,51;0;M;15;QUEIJOS LELO;0;10;3;30;0;0;1103,44;813,98;0;813,98;73,77;0;9;6;0;6;66,67;0;0;-20642,4;-289,46;0;0;65,32;23,14;0;0;0;0;0;0;0;0
25/09/2026 08:30:09;25/09/2026;01/09/2026;25/09/2026;13;E;367;119;161317;140674,6;100274,04;3467,7;0;3583;3519;64;0;0;0;0;0;886,38;99387,66;61,61;101;4166;55;49;48,51;0;M;74;BRAVA;0;10;1;10;0;0;2076,36;106,4;0;106,4;5,12;0;102;2;0;2;1,96;0;0;-20642,4;-1969,96;0;0;65,32;23,14;0;0;0;0;0;0;0;0
25/09/2026 08:30:09;25/09/2026;01/09/2026;25/09/2026;13;E;367;119;161317;140674,6;100274,04;3467,7;0;3583;3519;64;0;0;0;0;0;886,38;99387,66;61,61;101;4166;55;49;48,51;0;M;60;RICLAN;0;22;4;18,18;0;0;3915,38;659,92;0;659,92;16,85;0;196;45;0;45;22,96;0;0;-20642,4;-3255,46;0;0;65,32;23,14;0;0;0;0;0;0;0;0
25/09/2026 08:30:09;25/09/2026;01/09/2026;25/09/2026;20;E;368;76;77005;99506,02;98700,27;3348,39;289,6;2954;2798;156;0;0;0;0;0;2167,32;96532,95;125,36;65;2081;42;41;63,08;0;M;2;MARILAN;0;41;29;70,73;0;0;43000,15;66112,94;1938,96;64173,98;149,24;0;909,98117;2017;144;1873;205,83;77,01;128,35;22501,02;21173,83;289,6;128,35;937,45;540,48;0,3;0,3;0;0;0;0;289,6;289,6
25/09/2026 08:30:09;25/09/2026;01/09/2026;25/09/2026;20;E;368;76;77005;99506,02;98700,27;3348,39;289,6;2954;2798;156;0;0;0;0;0;2167,32;96532,95;125,36;65;2081;42;41;63,08;0;M;53;CASAKM;0;27;18;66,67;0;0;13000,88;17273,68;228,36;17045,32;131,11;0;383,522791;362;12;350;91,26;22,16;88,64;22501,02;4044,44;289,6;88,64;937,45;540,48;0,3;0,3;0;0;0;0;289,6;289,6
25/09/2026 08:30:09;25/09/2026;01/09/2026;25/09/2026;20;E;368;76;77005;99506,02;98700,27;3348,39;289,6;2954;2798;156;0;0;0;0;0;2167,32;96532,95;125,36;65;2081;42;41;63,08;0;M;47;SOFFIE;0;10;;;0;0;1000,02;;0;0;0;0;9,384146;;;;0;0;0;22501,02;-1000,02;289,6;0;937,45;540,48;0,3;0,3;0;0;0;0;289,6;289,6
25/09/2026 08:30:09;25/09/2026;01/09/2026;25/09/2026;20;E;368;76;77005;99506,02;98700,27;3348,39;289,6;2954;2798;156;0;0;0;0;0;2167,32;96532,95;125,36;65;2081;42;41;63,08;0;M;15;QUEIJOS LELO;0;10;3;30;0;0;1500,9;809,43;0;809,43;53,93;0;13,647059;6;0;6;43,97;0;0;22501,02;-691,47;289,6;0;937,45;540,48;0,3;0,3;0;0;0;0;289,6;289,6
25/09/2026 08:30:09;25/09/2026;01/09/2026;25/09/2026;20;E;368;76;77005;99506,02;98700,27;3348,39;289,6;2954;2798;156;0;0;0;0;0;2167,32;96532,95;125,36;65;2081;42;41;63,08;0;M;51;GUANABARA;0;13;;;0;0;1000,3;;0;0;0;0;8,041935;;;;0;0;0;22501,02;-1000,3;289,6;0;937,45;540,48;0,3;0,3;0;0;0;0;289,6;289,6
25/09/2026 08:30:09;25/09/2026;01/09/2026;25/09/2026;20;E;368;76;77005;99506,02;98700,27;3348,39;289,6;2954;2798;156;0;0;0;0;0;2167,32;96532,95;125,36;65;2081;42;41;63,08;0;M;13;COPRA;0;24;8;33,33;0;0;7500,67;2471,72;0;2471,72;32,95;0;240,869502;98;0;98;40,69;0;0;22501,02;-5028,95;289,6;0;937,45;540,48;0,3;0,3;0;0;0;0;289,6;289,6
25/09/2026 08:30:09;25/09/2026;01/09/2026;25/09/2026;20;E;368;76;77005;99506,02;98700,27;3348,39;289,6;2954;2798;156;0;0;0;0;0;2167,32;96532,95;125,36;65;2081;42;41;63,08;0;M;18;SABORELLE - RACAO;0;10;4;40;0;0;4500,58;1532,33;0;1532,33;34,05;0;28,552;9;0;9;31,52;0;0;22501,02;-2968,25;289,6;0;937,45;540,48;0,3;0,3;0;0;0;0;289,6;289,6
25/09/2026 08:30:09;25/09/2026;01/09/2026;25/09/2026;20;E;368;76;77005;99506,02;98700,27;3348,39;289,6;2954;2798;156;0;0;0;0;0;2167,32;96532,95;125,36;65;2081;42;41;63,08;0;M;74;BRAVA;0;7;3;42,86;0;0;1500,3;554,2;0;554,2;36,94;0;32,353977;10;0;10;30,91;0;0;22501,02;-946,1;289,6;0;937,45;540,48;0,3;0,3;0;0;0;0;289,6;289,6
25/09/2026 08:30:09;25/09/2026;01/09/2026;25/09/2026;20;E;368;76;77005;99506,02;98700,27;3348,39;289,6;2954;2798;156;0;0;0;0;0;2167,32;96532,95;125,36;65;2081;42;41;63,08;0;M;59;CASA SUICA;0;30;9;30;0;0;2000,75;6835,1;0;6835,1;341,63;0;64,8;287;0;287;442,9;8,2;13,67;22501,02;4834,35;289,6;13,67;937,45;540,48;0,3;0,3;0;0;0;0;289,6;289,6
25/09/2026 08:30:09;25/09/2026;01/09/2026;25/09/2026;20;E;368;76;77005;99506,02;98700,27;3348,39;289,6;2954;2798;156;0;0;0;0;0;2167,32;96532,95;125,36;65;2081;42;41;63,08;0;M;60;RICLAN;0;26;13;50;0;0;2000,45;3110,87;0;3110,87;155,51;0;389,993028;165;0;165;42,31;0;20,22;22501,02;1110,42;289,6;20,22;937,45;540,48;0,3;0,3;0;0;0;0;289,6;289,6
25/09/2026 08:30:09;25/09/2026;01/09/2026;25/09/2026;27;E;388;94;140423;25876,53;25876,53;899,22;0;822;822;0;0;0;0;0;0;0;25876,53;18,43;80;5047,01;19;19;23,75;0;M;59;CASA SUICA;0;10;;;0;0;1026,92;;0;0;0;0;50;;;;0;0;0;-114546,47;-1026,92;0;0;0;0;0;0;0;0;0;0;0;0
25/09/2026 08:30:09;25/09/2026;01/09/2026;25/09/2026;27;E;388;94;140423;25876,53;25876,53;899,22;0;822;822;0;0;0;0;0;0;0;25876,53;18,43;80;5047,01;19;19;23,75;0;M;66;COCO SHOW;0;6;;;0;0;1145,03;;0;0;0;0;59;;;;0;0;0;-114546,47;-1145,03;0;0;0;0;0;0;0;0;0;0;0;0
25/09/2026 08:30:09;25/09/2026;01/09/2026;25/09/2026;27;E;388;94;140423;25876,53;25876,53;899,22;0;822;822;0;0;0;0;0;0;0;25876,53;18,43;80;5047,01;19;19;23,75;0;M;13;COPRA;0;35;11;31,43;0;0;10398,01;5486,91;0;5486,91;52,77;0;320;175;0;175;54,69;0;0;-114546,47;-4911,1;0;0;0;0;0;0;0;0;0;0;0;0
25/09/2026 08:30:09;25/09/2026;01/09/2026;25/09/2026;27;E;500;43;33021;35932,89;39810,46;1106,23;32,42;1727;1538;189;0;0;0;0;0;7390,85;32419,61;98,18;37;1154;19;18;48,65;0;M;51;GUANABARA;0;10;;;0;0;1000;;0;0;0;0;50;;;;0;0;0;2911,89;-1000;32,42;0;295,85;172,94;0;0,3;0;0;0;0;97,26;97,26
25/09/2026 08:30:09;25/09/2026;01/09/2026;25/09/2026;27;E;500;43;33021;35932,89;39810,46;1106,23;32,42;1727;1538;189;0;0;0;0;0;7390,85;32419,61;98,18;37;1154;19;18;48,65;0;M;72;FRANBA;0;10;;;0;0;1000;;0;0;0;0;50;;;;0;0;0;2911,89;-1000;32,42;0;295,85;172,94;0;0,3;0;0;0;0;97,26;97,26
25/09/2026 08:30:09;25/09/2026;01/09/2026;25/09/2026;27;E;500;43;33021;35932,89;39810,46;1106,23;32,42;1727;1538;189;0;0;0;0;0;7390,85;32419,61;98,18;37;1154;19;18;48,65;0;M;83;ROBINSON CRUSOE;0;10;;;0;0;1000;;0;0;0;0;20;;;;0;0;0;2911,89;-1000;32,42;0;295,85;172,94;0;0,3;0;0;0;0;97,26;97,26
25/09/2026 08:30:09;25/09/2026;01/09/2026;25/09/2026;27;E;500;43;33021;35932,89;39810,46;1106,23;32,42;1727;1538;189;0;0;0;0;0;7390,85;32419,61;98,18;37;1154;19;18;48,65;0;M;66;COCO SHOW;0;5;4;80;0;0;1000;184,22;0;184,22;18,42;0;50;14;0;14;28;0;0;2911,89;-815,78;32,42;0;295,85;172,94;0;0,3;0;0;0;0;97,26;97,26
25/09/2026 08:30:09;25/09/2026;01/09/2026;25/09/2026;27;E;501;38;19385;1853,54;1853,54;64,86;0;81;81;0;0;0;0;0;0;0;1853,54;9,56;32;676,01;3;3;9,38;0;M;15;QUEIJOS LELO;0;10;;;0;0;1000;;0;0;0;0;50;;;;0;0;0;-17531,46;-1000;0;0;0,53;0;0;0;0;0;0;0;0;0
25/09/2026 08:30:09;25/09/2026;01/09/2026;25/09/2026;27;E;501;38;19385;1853,54;1853,54;64,86;0;81;81;0;0;0;0;0;0;0;1853,54;9,56;32;676,01;3;3;9,38;0;M;51;GUANABARA;0;10;;;0;0;1000;;0;0;0;0;50;;;;0;0;0;-17531,46;-1000;0;0;0,53;0;0;0;0;0;0;0;0;0
25/09/2026 08:30:09;25/09/2026;01/09/2026;25/09/2026;27;E;501;38;19385;1853,54;1853,54;64,86;0;81;81;0;0;0;0;0;0;0;1853,54;9,56;32;676,01;3;3;9,38;0;M;60;RICLAN;0;10;1;10;0;0;1000;330,66;0;330,66;33,07;0;50;45;0;45;90;0,53;0;-17531,46;-669,34;0;0;0,53;0;0;0;0;0;0;0;0;0
25/09/2026 08:30:09;25/09/2026;01/09/2026;25/09/2026;27;E;501;38;19385;1853,54;1853,54;64,86;0;81;81;0;0;0;0;0;0;0;1853,54;9,56;32;676,01;3;3;9,38;0;M;53;CASAKM;0;9;1;11,11;0;0;1670,32;399,06;0;399,06;23,89;0;102;3;0;3;2,94;0;0;-17531,46;-1271,26;0;0;0,53;0;0;0;0;0;0;0;0;0
25/09/2026 08:30:09;25/09/2026;01/09/2026;25/09/2026;27;E;501;38;19385;1853,54;1853,54;64,86;0;81;81;0;0;0;0;0;0;0;1853,54;9,56;32;676,01;3;3;9,38;0;M;85;CUIDAX;0;8;;;0;0;800;;0;0;0;0;30;;;;0;0;0;-17531,46;-800;0;0;0,53;0;0;0;0;0;0;0;0;0
25/09/2026 08:30:09;25/09/2026;01/09/2026;25/09/2026;27;E;501;38;19385;1853,54;1853,54;64,86;0;81;81;0;0;0;0;0;0;0;1853,54;9,56;32;676,01;3;3;9,38;0;M;74;BRAVA;0;10;;;0;0;1000;;0;0;0;0;50;;;;0;0;0;-17531,46;-1000;0;0;0,53;0;0;0;0;0;0;0;0;0
25/09/2026 08:30:09;25/09/2026;01/09/2026;25/09/2026;27;E;501;38;19385;1853,54;1853,54;64,86;0;81;81;0;0;0;0;0;0;0;1853,54;9,56;32;676,01;3;3;9,38;0;M;2;MARILAN;0;11;2;18,18;0;0;4758,74;1123,82;0;1123,82;23,62;0;143;33;0;33;23,08;0;0;-17531,46;-3634,92;0;0;0,53;0;0;0;0;0;0;0;0;0
25/09/2026 08:30:09;25/09/2026;01/09/2026;25/09/2026;27;E;501;38;19385;1853,54;1853,54;64,86;0;81;81;0;0;0;0;0;0;0;1853,54;9,56;32;676,01;3;3;9,38;0;M;59;CASA SUICA;0;10;;;0;0;1000;;0;0;0;0;50;;;;0;0;0;-17531,46;-1000;0;0;0,53;0;0;0;0;0;0;0;0;0
25/09/2026 08:30:09;25/09/2026;01/09/2026;25/09/2026;27;E;501;38;19385;1853,54;1853,54;64,86;0;81;81;0;0;0;0;0;0;0;1853,54;9,56;32;676,01;3;3;9,38;0;M;13;COPRA;0;8;;;0;0;5056,04;;0;0;0;0;51;;;;0;0;0;-17531,46;-5056,04;0;0;0,53;0;0;0;0;0;0;0;0;0
25/09/2026 08:30:09;25/09/2026;01/09/2026;25/09/2026;27;E;501;38;19385;1853,54;1853,54;64,86;0;81;81;0;0;0;0;0;0;0;1853,54;9,56;32;676,01;3;3;9,38;0;M;82;ZICO;0;10;;;0;0;1000;;0;0;0;0;50;;;;0;0;0;-17531,46;-1000;0;0;0,53;0;0;0;0;0;0;0;0;0
25/09/2026 08:30:09;25/09/2026;01/09/2026;25/09/2026;27;E;501;38;19385;1853,54;1853,54;64,86;0;81;81;0;0;0;0;0;0;0;1853,54;9,56;32;676,01;3;3;9,38;0;M;18;SABORELLE - RACAO;0;10;;;0;0;1100;;0;0;0;0;50;;;;0;0;0;-17531,46;-1100;0;0;0,53;0;0;0;0;0;0;0;0;0
25/09/2026 08:30:09;25/09/2026;01/09/2026;25/09/2026;27;E;502;70;29561;25122,79;22348,99;504,52;0;794;609;185;0;0;0;0;0;8980,51;13368,48;45,22;60;976;9;8;13,33;0;M;1;JAV;0;20;8;40;0;0;10894,36;4806,93;1038,73;3768,2;34,59;0;276;139;24;115;41,67;0;0;-4438,21;-7126,16;0;0;2,62;0;0;0;0;0;0;0;0;0
25/09/2026 08:30:09;25/09/2026;01/09/2026;25/09/2026;27;E;502;70;29561;25122,79;22348,99;504,52;0;794;609;185;0;0;0;0;0;8980,51;13368,48;45,22;60;976;9;8;13,33;0;M;44;JDE;0;10;6;60;0;0;10043,84;5618,94;1256,38;4362,56;43,44;0;104;302;4;298;286,54;2,62;0;-4438,21;-5681,28;0;0;2,62;0;0;0;0;0;0;0;0;0
25/09/2026 08:30:09;25/09/2026;01/09/2026;25/09/2026;27;E;502;70;29561;25122,79;22348,99;504,52;0;794;609;185;0;0;0;0;0;8980,51;13368,48;45,22;60;976;9;8;13,33;0;M;72;FRANBA;0;10;1;10;0;0;1000;98,79;0;98,79;9,88;0;50;1;0;1;2;0;0;-4438,21;-901,21;0;0;2,62;0;0;0;0;0;0;0;0;0
25/09/2026 08:30:09;25/09/2026;01/09/2026;25/09/2026;27;E;502;70;29561;25122,79;22348,99;504,52;0;794;609;185;0;0;0;0;0;8980,51;13368,48;45,22;60;976;9;8;13,33;0;M;15;QUEIJOS LELO;0;10;;;0;0;1000;;0;0;0;0;50;;;;0;0;0;-4438,21;-1000;0;0;2,62;0;0;0;0;0;0;0;0;0
25/09/2026 08:30:09;25/09/2026;01/09/2026;25/09/2026;27;E;502;70;29561;25122,79;22348,99;504,52;0;794;609;185;0;0;0;0;0;8980,51;13368,48;45,22;60;976;9;8;13,33;0;M;85;CUIDAX;0;8;;;0;0;800;;0;0;0;0;30;;;;0;0;0;-4438,21;-800;0;0;2,62;0;0;0;0;0;0;0;0;0
25/09/2026 08:30:09;25/09/2026;01/09/2026;25/09/2026;27;E;502;70;29561;25122,79;22348,99;504,52;0;794;609;185;0;0;0;0;0;8980,51;13368,48;45,22;60;976;9;8;13,33;0;M;60;RICLAN;0;10;;;0;0;500;;0;0;0;0;50;;;;0;0;0;-4438,21;-500;0;0;2,62;0;0;0;0;0;0;0;0;0
25/09/2026 08:30:09;25/09/2026;01/09/2026;25/09/2026;27;E;502;70;29561;25122,79;22348,99;504,52;0;794;609;185;0;0;0;0;0;8980,51;13368,48;45,22;60;976;9;8;13,33;0;M;65;MATUTA;0;10;;;0;0;1000;;0;0;0;0;50;;;;0;0;0;-4438,21;-1000;0;0;2,62;0;0;0;0;0;0;0;0;0
25/09/2026 08:30:09;25/09/2026;01/09/2026;25/09/2026;27;E;502;70;29561;25122,79;22348,99;504,52;0;794;609;185;0;0;0;0;0;8980,51;13368,48;45,22;60;976;9;8;13,33;0;M;74;BRAVA;0;10;;;0;0;1000;;0;0;0;0;50;;;;0;0;0;-4438,21;-1000;0;0;2,62;0;0;0;0;0;0;0;0;0
25/09/2026 08:30:09;25/09/2026;01/09/2026;25/09/2026;27;E;502;70;29561;25122,79;22348,99;504,52;0;794;609;185;0;0;0;0;0;8980,51;13368,48;45,22;60;976;9;8;13,33;0;M;69;GAMELEIRA;0;10;;;0;0;1000;;0;0;0;0;50;;;;0;0;0;-4438,21;-1000;0;0;2,62;0;0;0;0;0;0;0;0;0
25/09/2026 08:30:09;25/09/2026;01/09/2026;25/09/2026;27;E;502;70;29561;25122,79;22348,99;504,52;0;794;609;185;0;0;0;0;0;8980,51;13368,48;45,22;60;976;9;8;13,33;0;M;59;CASA SUICA;0;10;;;0;0;1000;;0;0;0;0;50;;;;0;0;0;-4438,21;-1000;0;0;2,62;0;0;0;0;0;0;0;0;0
25/09/2026 08:30:09;25/09/2026;01/09/2026;25/09/2026;27;E;502;70;29561;25122,79;22348,99;504,52;0;794;609;185;0;0;0;0;0;8980,51;13368,48;45,22;60;976;9;8;13,33;0;M;51;GUANABARA;0;10;;;0;0;1000;;0;0;0;0;50;;;;0;0;0;-4438,21;-1000;0;0;2,62;0;0;0;0;0;0;0;0;0
25/09/2026 08:30:09;25/09/2026;01/09/2026;25/09/2026;27;E;502;70;29561;25122,79;22348,99;504,52;0;794;609;185;0;0;0;0;0;8980,51;13368,48;45,22;60;976;9;8;13,33;0;M;83;ROBINSON CRUSOE;0;10;1;10;0;0;1000;76,18;0;76,18;7,62;0;20;1;0;1;5;0;0;-4438,21;-923,82;0;0;2,62;0;0;0;0;0;0;0;0;0
25/09/2026 08:30:09;25/09/2026;01/09/2026;25/09/2026;27;E;502;70;29561;25122,79;22348,99;504,52;0;794;609;185;0;0;0;0;0;8980,51;13368,48;45,22;60;976;9;8;13,33;0;M;6;SOL BEBIDAS;0;10;;;0;0;1000;;0;0;0;0;50;;;;0;0;0;-4438,21;-1000;0;0;2,62;0;0;0;0;0;0;0;0;0
25/09/2026 08:30:09;25/09/2026;01/09/2026;25/09/2026;27;E;502;70;29561;25122,79;22348,99;504,52;0;794;609;185;0;0;0;0;0;8980,51;13368,48;45,22;60;976;9;8;13,33;0;M;63;BRACELL;0;10;1;10;0;0;1225,58;91,87;0;91,87;7,5;0;50;1;0;1;2;0;0;-4438,21;-1133,71;0;0;2,62;0;0;0;0;0;0;0;0;0
25/09/2026 08:30:09;25/09/2026;01/09/2026;25/09/2026;27;E;502;70;29561;25122,79;22348,99;504,52;0;794;609;185;0;0;0;0;0;8980,51;13368,48;45,22;60;976;9;8;13,33;0;M;82;ZICO;0;10;;;0;0;1141,67;;0;0;0;0;50;;;;0;0;0;-4438,21;-1141,67;0;0;2,62;0;0;0;0;0;0;0;0;0
25/09/2026 08:30:09;25/09/2026;01/09/2026;25/09/2026;27;E;502;70;29561;25122,79;22348,99;504,52;0;794;609;185;0;0;0;0;0;8980,51;13368,48;45,22;60;976;9;8;13,33;0;M;52;GREEN;0;10;;;0;0;1000;;0;0;0;0;50;;;;0;0;0;-4438,21;-1000;0;0;2,62;0;0;0;0;0;0;0;0;0
25/09/2026 08:30:09;25/09/2026;01/09/2026;25/09/2026;27;E;502;70;29561;25122,79;22348,99;504,52;0;794;609;185;0;0;0;0;0;8980,51;13368,48;45,22;60;976;9;8;13,33;0;M;13;COPRA;0;0;1;;0;0;4000;62,98;0;62,98;1,57;0;0;1;0;1;;0;0;-4438,21;-3937,02;0;0;2,62;0;0;0;0;0;0;0;0;0
25/09/2026 08:30:09;25/09/2026;01/09/2026;25/09/2026;20;E;85;150;121725;80714,02;70832,53;1802,28;0;3489;3440;49;0;0;0;0;0;700,68;70131,85;57,61;128;3245;113;114;89,06;0;M;63;BRACELL;0;29;22;75,86;0;0;8000,84;3996,37;0;3996,37;49,95;0;130,671578;76;0;76;58,16;0;0;-41010,98;-4004,47;0;0;193,68;42,83;0;0,2;0;0;0;0;140,26;140,26
25/09/2026 08:30:09;25/09/2026;01/09/2026;25/09/2026;20;E;85;150;121725;80714,02;70832,53;1802,28;0;3489;3440;49;0;0;0;0;0;700,68;70131,85;57,61;128;3245;113;114;89,06;0;M;74;BRAVA;0;7;2;28,57;0;0;1500,44;72,9;0;72,9;4,86;0;8,987216;4;0;4;44,51;0;0;-41010,98;-1427,54;0;0;193,68;42,83;0;0,2;0;0;0;0;140,26;140,26
25/09/2026 08:30:09;25/09/2026;01/09/2026;25/09/2026;20;E;85;150;121725;80714,02;70832,53;1802,28;0;3489;3440;49;0;0;0;0;0;700,68;70131,85;57,61;128;3245;113;114;89,06;0;M;52;GREEN;0;14;8;57,14;0;0;4440,4;3489,8;0;3489,8;78,59;0;41,125;40;0;40;97,26;5,58;0;-41010,98;-950,6;0;0;193,68;42,83;0;0,2;0;0;0;0;140,26;140,26
25/09/2026 08:30:09;25/09/2026;01/09/2026;25/09/2026;20;E;85;150;121725;80714,02;70832,53;1802,28;0;3489;3440;49;0;0;0;0;0;700,68;70131,85;57,61;128;3245;113;114;89,06;0;M;82;ZICO;0;10;;;0;0;1200;;0;0;0;0;3;;;;0;0;0;-41010,98;-1200;0;0;193,68;42,83;0;0,2;0;0;0;0;140,26;140,26
25/09/2026 08:30:09;25/09/2026;01/09/2026;25/09/2026;20;E;85;150;121725;80714,02;70832,53;1802,28;0;3489;3440;49;0;0;0;0;0;700,68;70131,85;57,61;128;3245;113;114;89,06;0;M;83;ROBINSON CRUSOE;0;10;;;0;0;2000,69;;0;0;0;0;7,5;;;;0;0;0;-41010,98;-2000,69;0;0;193,68;42,83;0;0,2;0;0;0;0;140,26;140,26
25/09/2026 08:30:09;25/09/2026;01/09/2026;25/09/2026;6;E;107;83;110212;95175,39;74434,41;2870,91;0;3887;3887;0;0;0;0;0;0;0;74434,41;67,54;71;4525;66;59;83,1;0;M;72;FRANBA;0;22;3;13,64;0;0;4791,46;1019,77;0;1019,77;21,28;0;32,58;11;0;11;33,76;0;0;-15036,61;-3771,69;0;0;99,24;86,17;0;0;0;0;0;0;0;0
25/09/2026 08:30:09;25/09/2026;01/09/2026;25/09/2026;6;E;107;83;110212;95175,39;74434,41;2870,91;0;3887;3887;0;0;0;0;0;0;0;74434,41;67,54;71;4525;66;59;83,1;0;M;6;SOL BEBIDAS;0;10;4;40;0;0;542,37;845,58;0;845,58;155,9;0;19,412069;15;0;15;77,27;0;5,5;-15036,61;303,21;0;5,5;99,24;86,17;0;0;0;0;0;0;0;0
25/09/2026 08:30:09;25/09/2026;01/09/2026;25/09/2026;6;E;107;83;110212;95175,39;74434,41;2870,91;0;3887;3887;0;0;0;0;0;0;0;74434,41;67,54;71;4525;66;59;83,1;0;M;52;GREEN;0;10;4;40;0;0;1821,54;1019,06;0;1019,06;55,94;0;47,087328;18;0;18;38,23;0;0;-15036,61;-802,48;0;0;99,24;86,17;0;0;0;0;0;0;0;0
25/09/2026 08:30:09;25/09/2026;01/09/2026;25/09/2026;6;E;107;83;110212;95175,39;74434,41;2870,91;0;3887;3887;0;0;0;0;0;0;0;74434,41;67,54;71;4525;66;59;83,1;0;M;83;ROBINSON CRUSOE;0;16;7;43,75;0;0;5608,65;1364,64;0;1364,64;24,33;0;44,901818;11;0;11;24,5;0;0;-15036,61;-4244,01;0;0;99,24;86,17;0;0;0;0;0;0;0;0
25/09/2026 08:30:09;25/09/2026;01/09/2026;25/09/2026;6;E;107;83;110212;95175,39;74434,41;2870,91;0;3887;3887;0;0;0;0;0;0;0;74434,41;67,54;71;4525;66;59;83,1;0;M;61;DAVENE;0;10;;;0;0;1089,16;;0;0;0;0;31,062385;;;;0;0;0;-15036,61;-1089,16;0;0;99,24;86,17;0;0;0;0;0;0;0;0
25/09/2026 08:30:09;25/09/2026;01/09/2026;25/09/2026;6;E;107;83;110212;95175,39;74434,41;2870,91;0;3887;3887;0;0;0;0;0;0;0;74434,41;67,54;71;4525;66;59;83,1;0;M;63;BRACELL;0;21;23;109,52;48,89;0;4678,92;6111,39;0;6111,39;130,62;0;144,900389;142;0;142;98;7,94;31,78;-15036,61;1432,47;0;80,67;99,24;86,17;0;0;0;0;0;0;0;0
25/09/2026 08:30:09;25/09/2026;01/09/2026;25/09/2026;6;E;107;83;110212;95175,39;74434,41;2870,91;0;3887;3887;0;0;0;0;0;0;0;74434,41;67,54;71;4525;66;59;83,1;0;M;44;JDE;0;63;41;65,08;0;0;182643,46;116831,54;0;116831,54;63,97;0;3178,556416;1050;0;1050;33,03;0;0;-15036,61;-65811,92;0;0;99,24;86,17;0;0;0;0;0;0;0;0
25/09/2026 08:30:09;25/09/2026;01/09/2026;25/09/2026;6;E;107;83;110212;95175,39;74434,41;2870,91;0;3887;3887;0;0;0;0;0;0;0;74434,41;67,54;71;4525;66;59;83,1;0;M;66;COCO SHOW;0;13;4;30,77;0;0;4252,29;1844,48;0;1844,48;43,38;0;175,296414;104;0;104;59,33;0;0;-15036,61;-2407,81;0;0;99,24;86,17;0;0;0;0;0;0;0;0
25/09/2026 08:30:09;25/09/2026;01/09/2026;25/09/2026;6;E;107;83;110212;95175,39;74434,41;2870,91;0;3887;3887;0;0;0;0;0;0;0;74434,41;67,54;71;4525;66;59;83,1;0;M;1;JAV;0;80;55;68,75;0;0;81557,79;56941,24;0;56941,24;69,82;0;3996,115031;2460;0;2460;61,56;0;0;-15036,61;-24616,55;0;0;99,24;86,17;0;0;0;0;0;0;0;0
25/09/2026 08:30:09;25/09/2026;01/09/2026;25/09/2026;6;E;107;83;110212;95175,39;74434,41;2870,91;0;3887;3887;0;0;0;0;0;0;0;74434,41;67,54;71;4525;66;59;83,1;0;M;74;BRAVA;0;7;3;42,86;0;0;1956,88;168,9;0;168,9;8,63;0;18,353795;4;0;4;21,79;0;0;-15036,61;-1787,98;0;0;99,24;86,17;0;0;0;0;0;0;0;0
25/09/2026 08:30:09;25/09/2026;01/09/2026;25/09/2026;6;E;107;83;110212;95175,39;74434,41;2870,91;0;3887;3887;0;0;0;0;0;0;0;74434,41;67,54;71;4525;66;59;83,1;0;M;69;GAMELEIRA;0;10;8;80;0;0;2302,8;740,14;0;740,14;32,14;0;12,737175;14;0;14;109,91;2,81;0;-15036,61;-1562,66;0;0;99,24;86,17;0;0;0;0;0;0;0;0
25/09/2026 08:30:09;25/09/2026;01/09/2026;25/09/2026;6;E;107;83;110212;95175,39;74434,41;2870,91;0;3887;3887;0;0;0;0;0;0;0;74434,41;67,54;71;4525;66;59;83,1;0;M;65;MATUTA;0;10;2;20;0;0;1610,41;609,85;0;609,85;37,87;0;2,96129;11;0;11;371,46;2,32;0;-15036,61;-1000,56;0;0;99,24;86,17;0;0;0;0;0;0;0;0
25/09/2026 08:30:09;25/09/2026;01/09/2026;25/09/2026;6;E;113;75;133417;117850,92;117645,38;11701,05;0;6621;6608;13;0;0;0;0;0;157,86;117487,52;88,06;64;5134;43;42;65,63;0;M;1;JAV;0;40;37;92,5;96,47;0;87620,35;74245,93;38,1;74207,83;84,69;0;3813,649543;2391;2;2389;62,64;0;0;-15566,08;-13412,52;0;96,47;1611,13;1182,51;0;0,3;0;0;0;0;352,46;352,46
25/09/2026 08:30:09;25/09/2026;01/09/2026;25/09/2026;6;E;113;75;133417;117850,92;117645,38;11701,05;0;6621;6608;13;0;0;0;0;0;157,86;117487,52;88,06;64;5134;43;42;65,63;0;M;44;JDE;0;35;37;105,71;709,38;0;573044,9;475169,39;2250,1;472919,29;82,53;0;4051,166372;3446;10;3436;84,82;0;0;-15566,08;-100125,61;0;709,38;1611,13;1182,51;0;0,3;0;0;0;0;352,46;352,46
25/09/2026 08:30:09;25/09/2026;01/09/2026;25/09/2026;6;E;113;75;133417;117850,92;117645,38;11701,05;0;6621;6608;13;0;0;0;0;0;157,86;117487,52;88,06;64;5134;43;42;65,63;0;M;52;GREEN;0;24;19;79,17;0;0;9745,5;3760,85;119,76;3641,09;37,36;0;171,730255;37;1;36;20,96;0;0;-15566,08;-6104,41;0;0;1611,13;1182,51;0;0,3;0;0;0;0;352,46;352,46
25/09/2026 08:30:09;25/09/2026;01/09/2026;25/09/2026;6;E;113;75;133417;117850,92;117645,38;11701,05;0;6621;6608;13;0;0;0;0;0;157,86;117487,52;88,06;64;5134;43;42;65,63;0;M;83;ROBINSON CRUSOE;0;10;9;90;37,97;0;6018,39;7909,63;0;7909,63;131,42;0;43,298182;69;0;69;159,36;30,06;87,01;-15566,08;1891,24;0;124,98;1611,13;1182,51;0;0,3;0;0;0;0;352,46;352,46
25/09/2026 08:30:09;25/09/2026;01/09/2026;25/09/2026;6;E;113;75;133417;117850,92;117645,38;11701,05;0;6621;6608;13;0;0;0;0;0;157,86;117487,52;88,06;64;5134;43;42;65,63;0;M;65;MATUTA;0;10;1;10;0;0;2000;624,44;0;624,44;31,22;0;11,845161;8;0;8;67,54;0;0;-15566,08;-1375,56;0;0;1611,13;1182,51;0;0,3;0;0;0;0;352,46;352,46
25/09/2026 08:30:09;25/09/2026;01/09/2026;25/09/2026;6;E;113;75;133417;117850,92;117645,38;11701,05;0;6621;6608;13;0;0;0;0;0;157,86;117487,52;88,06;64;5134;43;42;65,63;0;M;72;FRANBA;0;13;7;53,85;0;0;2361,42;2743,72;0;2743,72;116,19;0;25,175455;34;0;34;135,05;10,43;17,83;-15566,08;382,3;0;17,83;1611,13;1182,51;0;0,3;0;0;0;0;352,46;352,46
25/09/2026 08:30:09;25/09/2026;01/09/2026;25/09/2026;6;E;113;75;133417;117850,92;117645,38;11701,05;0;6621;6608;13;0;0;0;0;0;157,86;117487,52;88,06;64;5134;43;42;65,63;0;M;6;SOL BEBIDAS;0;12;6;50;0;0;1626;598,16;0;598,16;36,79;0;42,059483;15;0;15;35,66;0;0;-15566,08;-1027,84;0;0;1611,13;1182,51;0;0,3;0;0;0;0;352,46;352,46
25/09/2026 08:30:09;25/09/2026;01/09/2026;25/09/2026;6;E;113;75;133417;117850,92;117645,38;11701,05;0;6621;6608;13;0;0;0;0;0;157,86;117487,52;88,06;64;5134;43;42;65,63;0;M;66;COCO SHOW;0;15;14;93,33;3,18;0;2128,24;963,75;0;963,75;45,28;0;142,028481;58;0;58;40,84;0;0;-15566,08;-1164,49;0;3,18;1611,13;1182,51;0;0,3;0;0;0;0;352,46;352,46
25/09/2026 08:30:09;25/09/2026;01/09/2026;25/09/2026;6;E;113;75;133417;117850,92;117645,38;11701,05;0;6621;6608;13;0;0;0;0;0;157,86;117487,52;88,06;64;5134;43;42;65,63;0;M;61;DAVENE;0;14;;;0;0;1002,81;;0;0;0;0;9,883486;;;;0;0;0;-15566,08;-1002,81;0;0;1611,13;1182,51;0;0,3;0;0;0;0;352,46;352,46
25/09/2026 08:30:09;25/09/2026;01/09/2026;25/09/2026;6;E;113;75;133417;117850,92;117645,38;11701,05;0;6621;6608;13;0;0;0;0;0;157,86;117487,52;88,06;64;5134;43;42;65,63;0;M;74;BRAVA;0;14;11;78,57;0;0;2555,23;7326,08;0;7326,08;286,71;0;382,606027;172;0;172;44,95;0;47,62;-15566,08;4770,85;0;47,62;1611,13;1182,51;0;0,3;0;0;0;0;352,46;352,46
25/09/2026 08:30:09;25/09/2026;01/09/2026;25/09/2026;6;E;113;75;133417;117850,92;117645,38;11701,05;0;6621;6608;13;0;0;0;0;0;157,86;117487,52;88,06;64;5134;43;42;65,63;0;M;63;BRACELL;0;22;18;81,82;0;0;13097,76;5540,84;0;5540,84;42,3;0;292,34289;74;0;74;25,31;0;0;-15566,08;-7556,92;0;0;1611,13;1182,51;0;0,3;0;0;0;0;352,46;352,46
25/09/2026 08:30:09;25/09/2026;01/09/2026;25/09/2026;27;E;388;94;140423;25876,53;25876,53;899,22;0;822;822;0;0;0;0;0;0;0;25876,53;18,43;80;5047,01;19;19;23,75;0;M;18;SABORELLE - RACAO;0;16;3;18,75;0;0;2620,77;1289,64;0;1289,64;49,21;0;64;10;0;10;15,63;0;0;-114546,47;-1331,13;0;0;0;0;0;0;0;0;0;0;0;0
25/09/2026 08:30:09;25/09/2026;01/09/2026;25/09/2026;27;E;388;94;140423;25876,53;25876,53;899,22;0;822;822;0;0;0;0;0;0;0;25876,53;18,43;80;5047,01;19;19;23,75;0;M;65;MATUTA;0;11;;;0;0;1083,91;;0;0;0;0;52;;;;0;0;0;-114546,47;-1083,91;0;0;0;0;0;0;0;0;0;0;0;0
25/09/2026 08:30:09;25/09/2026;01/09/2026;25/09/2026;27;E;388;94;140423;25876,53;25876,53;899,22;0;822;822;0;0;0;0;0;0;0;25876,53;18,43;80;5047,01;19;19;23,75;0;M;51;GUANABARA;0;11;;;0;0;1058,29;;0;0;0;0;50;;;;0;0;0;-114546,47;-1058,29;0;0;0;0;0;0;0;0;0;0;0;0
25/09/2026 08:30:09;25/09/2026;01/09/2026;25/09/2026;27;E;388;94;140423;25876,53;25876,53;899,22;0;822;822;0;0;0;0;0;0;0;25876,53;18,43;80;5047,01;19;19;23,75;0;M;44;JDE;0;31;;;0;0;24284,09;;0;0;0;0;1017;;;;0;0;0;-114546,47;-24284,09;0;0;0;0;0;0;0;0;0;0;0;0
25/09/2026 08:30:09;25/09/2026;01/09/2026;25/09/2026;27;E;388;94;140423;25876,53;25876,53;899,22;0;822;822;0;0;0;0;0;0;0;25876,53;18,43;80;5047,01;19;19;23,75;0;M;83;ROBINSON CRUSOE;0;10;;;0;0;2032,89;;0;0;0;0;29;;;;0;0;0;-114546,47;-2032,89;0;0;0;0;0;0;0;0;0;0;0;0
25/09/2026 08:30:09;25/09/2026;01/09/2026;25/09/2026;27;E;388;94;140423;25876,53;25876,53;899,22;0;822;822;0;0;0;0;0;0;0;25876,53;18,43;80;5047,01;19;19;23,75;0;M;53;CASAKM;0;30;6;20;0;0;8236,86;1974,79;0;1974,79;23,98;0;221;66;0;66;29,86;0;0;-114546,47;-6262,07;0;0;0;0;0;0;0;0;0;0;0;0
25/09/2026 08:30:09;25/09/2026;01/09/2026;25/09/2026;27;E;388;94;140423;25876,53;25876,53;899,22;0;822;822;0;0;0;0;0;0;0;25876,53;18,43;80;5047,01;19;19;23,75;0;M;72;FRANBA;0;11;;;0;0;1017,14;;0;0;0;0;50;;;;0;0;0;-114546,47;-1017,14;0;0;0;0;0;0;0;0;0;0;0;0
25/09/2026 08:30:09;25/09/2026;01/09/2026;25/09/2026;27;E;388;94;140423;25876,53;25876,53;899,22;0;822;822;0;0;0;0;0;0;0;25876,53;18,43;80;5047,01;19;19;23,75;0;M;85;CUIDAX;0;8;;;0;0;800;;0;0;0;0;30;;;;0;0;0;-114546,47;-800;0;0;0;0;0;0;0;0;0;0;0;0
25/09/2026 08:30:09;25/09/2026;01/09/2026;25/09/2026;27;E;388;94;140423;25876,53;25876,53;899,22;0;822;822;0;0;0;0;0;0;0;25876,53;18,43;80;5047,01;19;19;23,75;0;M;52;GREEN;0;12;;;0;0;1436,94;;0;0;0;0;58;;;;0;0;0;-114546,47;-1436,94;0;0;0;0;0;0;0;0;0;0;0;0
25/09/2026 08:30:09;25/09/2026;01/09/2026;25/09/2026;27;E;388;94;140423;25876,53;25876,53;899,22;0;822;822;0;0;0;0;0;0;0;25876,53;18,43;80;5047,01;19;19;23,75;0;M;2;MARILAN;0;45;14;31,11;0;0;76728,17;15636,99;0;15636,99;20,38;0;2655;491;0;491;18,49;0;0;-114546,47;-61091,18;0;0;0;0;0;0;0;0;0;0;0;0
25/09/2026 08:30:09;25/09/2026;01/09/2026;25/09/2026;27;E;388;94;140423;25876,53;25876,53;899,22;0;822;822;0;0;0;0;0;0;0;25876,53;18,43;80;5047,01;19;19;23,75;0;M;82;ZICO;0;10;2;20;0;0;1278,93;680;0;680;53,17;0;55;4;0;4;7,27;0;0;-114546,47;-598,93;0;0;0;0;0;0;0;0;0;0;0;0
25/09/2026 08:30:09;25/09/2026;01/09/2026;25/09/2026;27;E;388;94;140423;25876,53;25876,53;899,22;0;822;822;0;0;0;0;0;0;0;25876,53;18,43;80;5047,01;19;19;23,75;0;M;63;BRACELL;0;10;;;0;0;1671,46;;0;0;0;0;75;;;;0;0;0;-114546,47;-1671,46;0;0;0;0;0;0;0;0;0;0;0;0
25/09/2026 08:30:09;25/09/2026;01/09/2026;25/09/2026;27;E;388;94;140423;25876,53;25876,53;899,22;0;822;822;0;0;0;0;0;0;0;25876,53;18,43;80;5047,01;19;19;23,75;0;M;69;GAMELEIRA;0;10;;;0;0;1132,18;;0;0;0;0;52;;;;0;0;0;-114546,47;-1132,18;0;0;0;0;0;0;0;0;0;0;0;0
25/09/2026 08:30:09;25/09/2026;01/09/2026;25/09/2026;27;E;388;94;140423;25876,53;25876,53;899,22;0;822;822;0;0;0;0;0;0;0;25876,53;18,43;80;5047,01;19;19;23,75;0;M;15;QUEIJOS LELO;0;10;;;0;0;1000;;0;0;0;0;50;;;;0;0;0;-114546,47;-1000;0;0;0;0;0;0;0;0;0;0;0;0
25/09/2026 08:30:09;25/09/2026;01/09/2026;25/09/2026;27;E;388;94;140423;25876,53;25876,53;899,22;0;822;822;0;0;0;0;0;0;0;25876,53;18,43;80;5047,01;19;19;23,75;0;M;60;RICLAN;0;33;6;18,18;0;0;3975,76;808,2;0;808,2;20,33;0;162;76;0;76;46,91;0;0;-114546,47;-3167,56;0;0;0;0;0;0;0;0;0;0;0;0
25/09/2026 08:30:09;25/09/2026;01/09/2026;25/09/2026;27;E;388;94;140423;25876,53;25876,53;899,22;0;822;822;0;0;0;0;0;0;0;25876,53;18,43;80;5047,01;19;19;23,75;0;M;74;BRAVA;0;10;;;0;0;1248,63;;0;0;0;0;56;;;;0;0;0;-114546,47;-1248,63;0;0;0;0;0;0;0;0;0;0;0;0
25/09/2026 08:30:09;25/09/2026;01/09/2026;25/09/2026;27;E;388;94;140423;25876,53;25876,53;899,22;0;822;822;0;0;0;0;0;0;0;25876,53;18,43;80;5047,01;19;19;23,75;0;M;6;SOL BEBIDAS;0;10;;;0;0;1072,96;;0;0;0;0;65;;;;0;0;0;-114546,47;-1072,96;0;0;0;0;0;0;0;0;0;0;0;0
25/09/2026 08:30:09;25/09/2026;01/09/2026;25/09/2026;27;E;388;94;140423;25876,53;25876,53;899,22;0;822;822;0;0;0;0;0;0;0;25876,53;18,43;80;5047,01;19;19;23,75;0;M;1;JAV;0;47;;;0;0;21459,03;;0;0;0;0;894;;;;0;0;0;-114546,47;-21459,03;0;0;0;0;0;0;0;0;0;0;0;0
25/09/2026 08:30:09;25/09/2026;01/09/2026;25/09/2026;26;E;402;120;145771;82677,09;81771,8;2311,02;0;3345;3331;14;0;0;0;0;0;890,74;80881,06;55,49;102;3506;81;82;80,39;0;M;1;JAV;0;86;77;89,53;79,19;0;95246,78;61015,23;96,22;60919,01;63,96;0;2494;1671;3;1668;66,88;0;0;-63093,91;-34327,77;0;79,19;210,6;115,46;0;0,1;0;0;0;0;80,88;80,88
25/09/2026 08:30:09;25/09/2026;01/09/2026;25/09/2026;26;E;402;120;145771;82677,09;81771,8;2311,02;0;3345;3331;14;0;0;0;0;0;890,74;80881,06;55,49;102;3506;81;82;80,39;0;M;6;SOL BEBIDAS;0;7;4;57,14;0;0;1098,02;563,86;47,52;516,34;47,02;0;24;15;1;14;58,33;0;0;-63093,91;-581,68;0;0;210,6;115,46;0;0,1;0;0;0;0;80,88;80,88
25/09/2026 08:30:09;25/09/2026;01/09/2026;25/09/2026;26;E;402;120;145771;82677,09;81771,8;2311,02;0;3345;3331;14;0;0;0;0;0;890,74;80881,06;55,49;102;3506;81;82;80,39;0;M;53;CASAKM;0;19;9;47,37;0;0;9680,31;3493,02;569,52;2923,5;30,2;0;116;43;5;38;32,76;0;0;-63093,91;-6756,81;0;0;210,6;115,46;0;0,1;0;0;0;0;80,88;80,88
25/09/2026 08:30:09;25/09/2026;01/09/2026;25/09/2026;26;E;402;120;145771;82677,09;81771,8;2311,02;0;3345;3331;14;0;0;0;0;0;890,74;80881,06;55,49;102;3506;81;82;80,39;0;M;84;CAPRICHE;0;24;18;75;0;0;2628,31;1159,17;177,48;981,69;37,35;0;133;53;5;48;36,09;0;0;-63093,91;-1646,62;0;0;210,6;115,46;0;0,1;0;0;0;0;80,88;80,88
25/09/2026 08:30:09;25/09/2026;01/09/2026;25/09/2026;26;E;402;120;145771;82677,09;81771,8;2311,02;0;3345;3331;14;0;0;0;0;0;890,74;80881,06;55,49;102;3506;81;82;80,39;0;M;44;JDE;0;54;40;74,07;0;0;34241,02;16223,12;0;16223,12;47,38;0;1754;1094;0;1094;62,37;0;0;-63093,91;-18017,9;0;0;210,6;115,46;0;0,1;0;0;0;0;80,88;80,88
25/09/2026 08:30:09;25/09/2026;01/09/2026;25/09/2026;26;E;402;120;145771;82677,09;81771,8;2311,02;0;3345;3331;14;0;0;0;0;0;890,74;80881,06;55,49;102;3506;81;82;80,39;0;M;82;ZICO;0;11;1;9,09;0;0;406,9;170;0;170;41,78;0;2;1;0;1;50;0;0;-63093,91;-236,9;0;0;210,6;115,46;0;0,1;0;0;0;0;80,88;80,88
25/09/2026 08:30:09;25/09/2026;01/09/2026;25/09/2026;26;E;402;120;145771;82677,09;81771,8;2311,02;0;3345;3331;14;0;0;0;0;0;890,74;80881,06;55,49;102;3506;81;82;80,39;0;M;15;QUEIJOS LELO;0;11;5;45,45;0;0;2178,17;1070,14;0;1070,14;49,13;0;11;8;0;8;72,73;0;0;-63093,91;-1108,03;0;0;210,6;115,46;0;0,1;0;0;0;0;80,88;80,88
25/09/2026 08:30:09;25/09/2026;01/09/2026;25/09/2026;26;E;402;120;145771;82677,09;81771,8;2311,02;0;3345;3331;14;0;0;0;0;0;890,74;80881,06;55,49;102;3506;81;82;80,39;0;M;66;COCO SHOW;0;10;9;90;3,39;0;2049,02;1026,16;0;1026,16;50,08;0;69;64;0;64;92,75;1,33;0;-63093,91;-1022,86;0;3,39;210,6;115,46;0;0,1;0;0;0;0;80,88;80,88
25/09/2026 08:30:09;25/09/2026;01/09/2026;25/09/2026;26;E;402;120;145771;82677,09;81771,8;2311,02;0;3345;3331;14;0;0;0;0;0;890,74;80881,06;55,49;102;3506;81;82;80,39;0;M;47;SOFFIE;0;10;;;0;0;316,8;;0;0;0;0;4;;;;0;0;0;-63093,91;-316,8;0;0;210,6;115,46;0;0,1;0;0;0;0;80,88;80,88
25/09/2026 08:30:09;25/09/2026;01/09/2026;25/09/2026;26;E;402;120;145771;82677,09;81771,8;2311,02;0;3345;3331;14;0;0;0;0;0;890,74;80881,06;55,49;102;3506;81;82;80,39;0;M;65;MATUTA;0;10;;;0;0;1000;;0;0;0;0;0;;;;;0;0;-63093,91;-1000;0;0;210,6;115,46;0;0,1;0;0;0;0;80,88;80,88
25/09/2026 08:30:09;25/09/2026;01/09/2026;25/09/2026;26;E;402;120;145771;82677,09;81771,8;2311,02;0;3345;3331;14;0;0;0;0;0;890,74;80881,06;55,49;102;3506;81;82;80,39;0;M;63;BRACELL;0;18;13;72,22;0;0;5210,74;2632,99;0;2632,99;50,53;0;133;60;0;60;45,11;0;0;-63093,91;-2577,75;0;0;210,6;115,46;0;0,1;0;0;0;0;80,88;80,88
25/09/2026 08:30:09;25/09/2026;01/09/2026;25/09/2026;26;E;402;120;145771;82677,09;81771,8;2311,02;0;3345;3331;14;0;0;0;0;0;890,74;80881,06;55,49;102;3506;81;82;80,39;0;M;72;FRANBA;0;7;3;42,86;0;0;799,14;247,65;0;247,65;30,99;0;4;3;0;3;75;0;0;-63093,91;-551,49;0;0;210,6;115,46;0;0,1;0;0;0;0;80,88;80,88
25/09/2026 08:30:09;25/09/2026;01/09/2026;25/09/2026;26;E;402;120;145771;82677,09;81771,8;2311,02;0;3345;3331;14;0;0;0;0;0;890,74;80881,06;55,49;102;3506;81;82;80,39;0;M;61;DAVENE;0;10;;;0;0;306,03;;0;0;0;0;4;;;;0;0;0;-63093,91;-306,03;0;0;210,6;115,46;0;0,1;0;0;0;0;80,88;80,88
25/09/2026 08:30:09;25/09/2026;01/09/2026;25/09/2026;27;E;502;70;29561;25122,79;22348,99;504,52;0;794;609;185;0;0;0;0;0;8980,51;13368,48;45,22;60;976;9;8;13,33;0;M;66;COCO SHOW;0;6;;;0;0;1000;;0;0;0;0;50;;;;0;0;0;-4438,21;-1000;0;0;2,62;0;0;0;0;0;0;0;0;0
25/09/2026 08:30:09;25/09/2026;01/09/2026;25/09/2026;27;E;505;26;23300;36076,07;35179,76;1042,7;93,04;1225;1102;123;0;0;0;0;0;4166,43;31013,33;133,1;22;850,01;21;20;90,91;0;M;1;JAV;0;12;7;58,33;0;0;10000;3950,53;231,59;3718,94;37,19;0;250;150;13;137;54,8;0;0;12776,07;-6281,06;93,04;0;186,69;93,04;0,3;0,3;0;0;0;0;93,04;93,04
25/09/2026 08:30:09;25/09/2026;01/09/2026;25/09/2026;27;E;505;26;23300;36076,07;35179,76;1042,7;93,04;1225;1102;123;0;0;0;0;0;4166,43;31013,33;133,1;22;850,01;21;20;90,91;0;M;44;JDE;0;10;6;60;0;0;10000;1036,32;21,18;1015,14;10,15;0;100;109;6;103;103;0,61;0;12776,07;-8984,86;93,04;0;186,69;93,04;0,3;0,3;0;0;0;0;93,04;93,04
25/09/2026 08:30:09;25/09/2026;01/09/2026;25/09/2026;27;E;505;26;23300;36076,07;35179,76;1042,7;93,04;1225;1102;123;0;0;0;0;0;4166,43;31013,33;133,1;22;850,01;21;20;90,91;0;M;69;GAMELEIRA;0;10;1;10;0;0;1000;111,48;111,48;0;0;0;50;2;2;0;0;0;0;12776,07;-1000;93,04;0;186,69;93,04;0,3;0,3;0;0;0;0;93,04;93,04
25/09/2026 08:30:09;25/09/2026;01/09/2026;25/09/2026;27;E;505;26;23300;36076,07;35179,76;1042,7;93,04;1225;1102;123;0;0;0;0;0;4166,43;31013,33;133,1;22;850,01;21;20;90,91;0;M;59;CASA SUICA;0;10;;;0;0;1000;;0;0;0;0;50;;;;0;0;0;12776,07;-1000;93,04;0;186,69;93,04;0,3;0,3;0;0;0;0;93,04;93,04
25/09/2026 08:30:09;25/09/2026;01/09/2026;25/09/2026;27;E;505;26;23300;36076,07;35179,76;1042,7;93,04;1225;1102;123;0;0;0;0;0;4166,43;31013,33;133,1;22;850,01;21;20;90,91;0;M;65;MATUTA;0;10;;;0;0;1000;;0;0;0;0;50;;;;0;0;0;12776,07;-1000;93,04;0;186,69;93,04;0,3;0,3;0;0;0;0;93,04;93,04
25/09/2026 08:30:09;25/09/2026;01/09/2026;25/09/2026;27;E;505;26;23300;36076,07;35179,76;1042,7;93,04;1225;1102;123;0;0;0;0;0;4166,43;31013,33;133,1;22;850,01;21;20;90,91;0;M;85;CUIDAX;0;8;;;0;0;800;;0;0;0;0;30;;;;0;0;0;12776,07;-800;93,04;0;186,69;93,04;0,3;0,3;0;0;0;0;93,04;93,04
25/09/2026 08:30:09;25/09/2026;01/09/2026;25/09/2026;27;E;505;26;23300;36076,07;35179,76;1042,7;93,04;1225;1102;123;0;0;0;0;0;4166,43;31013,33;133,1;22;850,01;21;20;90,91;0;M;82;ZICO;0;10;;;0;0;1000;;0;0;0;0;50;;;;0;0;0;12776,07;-1000;93,04;0;186,69;93,04;0,3;0,3;0;0;0;0;93,04;93,04
25/09/2026 08:30:09;25/09/2026;01/09/2026;25/09/2026;27;E;505;26;23300;36076,07;35179,76;1042,7;93,04;1225;1102;123;0;0;0;0;0;4166,43;31013,33;133,1;22;850,01;21;20;90,91;0;M;66;COCO SHOW;0;5;1;20;0;0;1000;27,94;0;27,94;2,79;0;50;2;0;2;4;0;0;12776,07;-972,06;93,04;0;186,69;93,04;0,3;0,3;0;0;0;0;93,04;93,04
25/09/2026 08:30:09;25/09/2026;01/09/2026;25/09/2026;27;E;505;26;23300;36076,07;35179,76;1042,7;93,04;1225;1102;123;0;0;0;0;0;4166,43;31013,33;133,1;22;850,01;21;20;90,91;0;M;83;ROBINSON CRUSOE;0;10;;;0;0;1000;;0;0;0;0;20;;;;0;0;0;12776,07;-1000;93,04;0;186,69;93,04;0,3;0,3;0;0;0;0;93,04;93,04
25/09/2026 08:30:09;25/09/2026;01/09/2026;25/09/2026;27;E;505;26;23300;36076,07;35179,76;1042,7;93,04;1225;1102;123;0;0;0;0;0;4166,43;31013,33;133,1;22;850,01;21;20;90,91;0;M;72;FRANBA;0;10;;;0;0;1000;;0;0;0;0;50;;;;0;0;0;12776,07;-1000;93,04;0;186,69;93,04;0,3;0,3;0;0;0;0;93,04;93,04
25/09/2026 08:30:09;25/09/2026;01/09/2026;25/09/2026;27;E;505;26;23300;36076,07;35179,76;1042,7;93,04;1225;1102;123;0;0;0;0;0;4166,43;31013,33;133,1;22;850,01;21;20;90,91;0;M;52;GREEN;0;10;;;0;0;1000;;0;0;0;0;50;;;;0;0;0;12776,07;-1000;93,04;0;186,69;93,04;0,3;0,3;0;0;0;0;93,04;93,04
25/09/2026 08:30:09;25/09/2026;01/09/2026;25/09/2026;27;E;505;26;23300;36076,07;35179,76;1042,7;93,04;1225;1102;123;0;0;0;0;0;4166,43;31013,33;133,1;22;850,01;21;20;90,91;0;M;74;BRAVA;0;10;1;10;0;0;1000;23,6;0;23,6;2,36;0;50;1;0;1;2;0;0;12776,07;-976,4;93,04;0;186,69;93,04;0,3;0,3;0;0;0;0;93,04;93,04
25/09/2026 08:30:09;25/09/2026;01/09/2026;25/09/2026;27;E;505;26;23300;36076,07;35179,76;1042,7;93,04;1225;1102;123;0;0;0;0;0;4166,43;31013,33;133,1;22;850,01;21;20;90,91;0;M;63;BRACELL;0;10;;;0;0;1500;;0;0;0;0;50;;;;0;0;0;12776,07;-1500;93,04;0;186,69;93,04;0,3;0,3;0;0;0;0;93,04;93,04
25/09/2026 08:30:09;25/09/2026;01/09/2026;25/09/2026;27;E;505;26;23300;36076,07;35179,76;1042,7;93,04;1225;1102;123;0;0;0;0;0;4166,43;31013,33;133,1;22;850,01;21;20;90,91;0;M;6;SOL BEBIDAS;0;10;5;50;0;0;1000;337,66;0;337,66;33,77;0;50;7;0;7;14;0;0;12776,07;-662,34;93,04;0;186,69;93,04;0,3;0,3;0;0;0;0;93,04;93,04
25/09/2026 08:30:09;25/09/2026;01/09/2026;25/09/2026;27;E;505;26;23300;36076,07;35179,76;1042,7;93,04;1225;1102;123;0;0;0;0;0;4166,43;31013,33;133,1;22;850,01;21;20;90,91;0;M;51;GUANABARA;0;10;;;0;0;1000;;0;0;0;0;50;;;;0;0;0;12776,07;-1000;93,04;0;186,69;93,04;0,3;0,3;0;0;0;0;93,04;93,04
25/09/2026 08:30:09;25/09/2026;01/09/2026;25/09/2026;13;E;507;56;68500;15754,98;12652,96;381,78;0;954;954;0;0;0;0;0;0;0;12652,96;18,47;48;1075;15;12;25;0;M;1;JAV;0;40;12;30;0;0;55000;12228,02;0;12228,02;22,23;0;1000;579;0;579;57,9;0;0;-52745,02;-42771,98;0;0;1,34;0;0;0;0;0;0;0;0;0
25/09/2026 08:30:09;25/09/2026;01/09/2026;25/09/2026;13;E;507;56;68500;15754,98;12652,96;381,78;0;954;954;0;0;0;0;0;0;0;12652,96;18,47;48;1075;15;12;25;0;M;83;ROBINSON CRUSOE;0;10;1;10;0;0;2000;237,74;0;237,74;11,89;0;10;2;0;2;20;0;0;-52745,02;-1762,26;0;0;1,34;0;0;0;0;0;0;0;0;0
25/09/2026 08:30:09;25/09/2026;01/09/2026;25/09/2026;13;E;507;56;68500;15754,98;12652,96;381,78;0;954;954;0;0;0;0;0;0;0;12652,96;18,47;48;1075;15;12;25;0;M;44;JDE;0;35;9;25,71;0;0;31000;4452,21;0;4452,21;14,36;0;400;369;0;369;92,25;1,34;0;-52745,02;-26547,79;0;0;1,34;0;0;0;0;0;0;0;0;0
25/09/2026 08:30:09;25/09/2026;01/09/2026;25/09/2026;13;E;507;56;68500;15754,98;12652,96;381,78;0;954;954;0;0;0;0;0;0;0;12652,96;18,47;48;1075;15;12;25;0;M;66;COCO SHOW;0;0;;;0;0;2000;;0;0;0;0;20;;;;0;0;0;-52745,02;-2000;0;0;1,34;0;0;0;0;0;0;0;0;0
25/09/2026 08:30:09;25/09/2026;01/09/2026;25/09/2026;13;E;507;56;68500;15754,98;12652,96;381,78;0;954;954;0;0;0;0;0;0;0;12652,96;18,47;48;1075;15;12;25;0;M;6;SOL BEBIDAS;0;7;;;0;0;1000;;0;0;0;0;10;;;;0;0;0;-52745,02;-1000;0;0;1,34;0;0;0;0;0;0;0;0;0
25/09/2026 08:30:09;25/09/2026;01/09/2026;25/09/2026;13;E;507;56;68500;15754,98;12652,96;381,78;0;954;954;0;0;0;0;0;0;0;12652,96;18,47;48;1075;15;12;25;0;M;72;FRANBA;0;10;;;0;0;1500;;0;0;0;0;3;;;;0;0;0;-52745,02;-1500;0;0;1,34;0;0;0;0;0;0;0;0;0
25/09/2026 08:30:09;25/09/2026;01/09/2026;25/09/2026;13;E;507;56;68500;15754,98;12652,96;381,78;0;954;954;0;0;0;0;0;0;0;12652,96;18,47;48;1075;15;12;25;0;M;65;MATUTA;0;5;;;0;0;1000;;0;0;0;0;10;;;;0;0;0;-52745,02;-1000;0;0;1,34;0;0;0;0;0;0;0;0;0
25/09/2026 08:30:09;25/09/2026;01/09/2026;25/09/2026;13;E;507;56;68500;15754,98;12652,96;381,78;0;954;954;0;0;0;0;0;0;0;12652,96;18,47;48;1075;15;12;25;0;M;63;BRACELL;0;10;1;10;0;0;2000;187,2;0;187,2;9,36;0;0;4;0;4;;0;0;-52745,02;-1812,8;0;0;1,34;0;0;0;0;0;0;0;0;0
25/09/2026 08:30:09;25/09/2026;01/09/2026;25/09/2026;13;E;507;56;68500;15754,98;12652,96;381,78;0;954;954;0;0;0;0;0;0;0;12652,96;18,47;48;1075;15;12;25;0;M;52;GREEN;0;10;;;0;0;3000;;0;0;0;0;17;;;;0;0;0;-52745,02;-3000;0;0;1,34;0;0;0;0;0;0;0;0;0
25/09/2026 08:30:09;25/09/2026;01/09/2026;25/09/2026;13;E;507;56;68500;15754,98;12652,96;381,78;0;954;954;0;0;0;0;0;0;0;12652,96;18,47;48;1075;15;12;25;0;M;69;GAMELEIRA;0;10;;;0;0;1000;;0;0;0;0;5;;;;0;0;0;-52745,02;-1000;0;0;1,34;0;0;0;0;0;0;0;0;0
25/09/2026 08:30:09;25/09/2026;01/09/2026;25/09/2026;13;E;508;57;127500;64985,52;51676,33;1466,86;0;2270;2221;49;0;0;0;0;0;2594,84;49081,49;38,5;48;2444;43;35;72,92;0;M;1;JAV;0;35;28;80;0;0;45000;29205,09;292,09;28913;64,25;0;1000;1065;10;1055;105,5;34,7;0;-62514,48;-16087;0;0;104,77;0;0;0,1;0;0;0;0;49,08;49,08
25/09/2026 08:30:09;25/09/2026;01/09/2026;25/09/2026;13;E;508;57;127500;64985,52;51676,33;1466,86;0;2270;2221;49;0;0;0;0;0;2594,84;49081,49;38,5;48;2444;43;35;72,92;0;M;2;MARILAN;0;35;12;34,29;0;0;40000;3349,65;507;2842,65;7,11;0;720;67;9;58;8,06;0;0;-62514,48;-37157,35;0;0;104,77;0;0;0,1;0;0;0;0;49,08;49,08
25/09/2026 08:30:09;25/09/2026;01/09/2026;25/09/2026;13;E;508;57;127500;64985,52;51676,33;1466,86;0;2270;2221;49;0;0;0;0;0;2594,84;49081,49;38,5;48;2444;43;35;72,92;0;M;13;COPRA;0;15;12;80;0;0;5000;5052,42;936,3;4116,12;82,32;0;145;176;15;161;111,03;12,76;0;-62514,48;-883,88;0;0;104,77;0;0;0,1;0;0;0;0;49,08;49,08
25/09/2026 08:30:09;25/09/2026;01/09/2026;25/09/2026;13;E;508;57;127500;64985,52;51676,33;1466,86;0;2270;2221;49;0;0;0;0;0;2594,84;49081,49;38,5;48;2444;43;35;72,92;0;M;52;GREEN;0;10;1;10;0;0;2000;839,64;699,7;139,94;7;0;10;12;10;2;20;0;0;-62514,48;-1860,06;0;0;104,77;0;0;0,1;0;0;0;0;49,08;49,08
25/09/2026 08:30:09;25/09/2026;01/09/2026;25/09/2026;6;E;113;75;133417;117850,92;117645,38;11701,05;0;6621;6608;13;0;0;0;0;0;157,86;117487,52;88,06;64;5134;43;42;65,63;0;M;69;GAMELEIRA;0;11;12;109,09;122,03;0;5261,62;9387,24;0;9387,24;178,41;0;199,549071;230;0;230;115,26;35,67;61,02;-15566,08;4125,62;0;183,05;1611,13;1182,51;0;0,3;0;0;0;0;352,46;352,46
25/09/2026 08:30:09;25/09/2026;01/09/2026;25/09/2026;6;E;115;86;134956;86469,4;88729,17;3131,44;0;5062;4939;123;0;0;0;0;0;647,71;88081,46;65,27;73;4264,01;50;52;71,23;0;M;1;JAV;0;68;49;72,06;0;0;101946,8;70451,51;550,06;69901,45;68,57;0;3255,377651;2359;16;2343;71,97;0;0;-48486,6;-32045,35;0;0;326,99;62,75;0;0,3;0;0;0;0;264,24;264,24
25/09/2026 08:30:09;25/09/2026;01/09/2026;25/09/2026;6;E;115;86;134956;86469,4;88729,17;3131,44;0;5062;4939;123;0;0;0;0;0;647,71;88081,46;65,27;73;4264,01;50;52;71,23;0;M;6;SOL BEBIDAS;0;15;6;40;0;0;2231,3;1166,57;97,65;1068,92;47,91;0;72,795259;30;3;27;37,09;0;0;-48486,6;-1162,38;0;0;326,99;62,75;0;0,3;0;0;0;0;264,24;264,24
25/09/2026 08:30:09;25/09/2026;01/09/2026;25/09/2026;6;E;115;86;134956;86469,4;88729,17;3131,44;0;5062;4939;123;0;0;0;0;0;647,71;88081,46;65,27;73;4264,01;50;52;71,23;0;M;44;JDE;0;45;38;84,44;0;0;158410,39;130525,16;28438,79;102086,37;64,44;0;3521,406969;2295;104;2191;62,22;0;0;-48486,6;-56324,02;0;0;326,99;62,75;0;0,3;0;0;0;0;264,24;264,24
25/09/2026 08:30:09;25/09/2026;01/09/2026;25/09/2026;6;E;115;86;134956;86469,4;88729,17;3131,44;0;5062;4939;123;0;0;0;0;0;647,71;88081,46;65,27;73;4264,01;50;52;71,23;0;M;66;COCO SHOW;0;12;6;50;0;0;1305,37;1219,85;0;1219,85;93,45;0;121,555907;84;0;84;69,1;0;3,17;-48486,6;-85,52;0;3,17;326,99;62,75;0;0,3;0;0;0;0;264,24;264,24
25/09/2026 08:30:09;25/09/2026;01/09/2026;25/09/2026;6;E;115;86;134956;86469,4;88729,17;3131,44;0;5062;4939;123;0;0;0;0;0;647,71;88081,46;65,27;73;4264,01;50;52;71,23;0;M;63;BRACELL;0;10;4;40;0;0;4490,98;1618,86;0;1618,86;36,05;0;96,600259;43;0;43;44,51;0;0;-48486,6;-2872,12;0;0;326,99;62,75;0;0,3;0;0;0;0;264,24;264,24
25/09/2026 08:30:09;25/09/2026;01/09/2026;25/09/2026;6;E;115;86;134956;86469,4;88729,17;3131,44;0;5062;4939;123;0;0;0;0;0;647,71;88081,46;65,27;73;4264,01;50;52;71,23;0;M;74;BRAVA;0;17;5;29,41;0;0;1653,31;6951,02;0;6951,02;420,43;0;396,72433;148;0;148;37,31;0;45,18;-48486,6;5297,71;0;45,18;326,99;62,75;0;0,3;0;0;0;0;264,24;264,24
25/09/2026 08:30:09;25/09/2026;01/09/2026;25/09/2026;6;E;115;86;134956;86469,4;88729,17;3131,44;0;5062;4939;123;0;0;0;0;0;647,71;88081,46;65,27;73;4264,01;50;52;71,23;0;M;83;ROBINSON CRUSOE;0;5;3;60;0;0;2236,78;634,7;0;634,7;28,38;0;19,243636;5;0;5;25,98;0;0;-48486,6;-1602,08;0;0;326,99;62,75;0;0,3;0;0;0;0;264,24;264,24
25/09/2026 08:30:09;25/09/2026;01/09/2026;25/09/2026;6;E;115;86;134956;86469,4;88729,17;3131,44;0;5062;4939;123;0;0;0;0;0;647,71;88081,46;65,27;73;4264,01;50;52;71,23;0;M;52;GREEN;0;15;9;60;0;0;12130,69;5496,3;0;5496,3;45,31;0;167,575491;79;0;79;47,14;0;0;-48486,6;-6634,39;0;0;326,99;62,75;0;0,3;0;0;0;0;264,24;264,24
25/09/2026 08:30:09;25/09/2026;01/09/2026;25/09/2026;6;E;115;86;134956;86469,4;88729,17;3131,44;0;5062;4939;123;0;0;0;0;0;647,71;88081,46;65,27;73;4264,01;50;52;71,23;0;M;65;MATUTA;0;5;;;0;0;2000;;0;0;0;0;10,403226;;;;0;0;0;-48486,6;-2000;0;0;326,99;62,75;0;0,3;0;0;0;0;264,24;264,24
25/09/2026 08:30:09;25/09/2026;01/09/2026;25/09/2026;6;E;115;86;134956;86469,4;88729,17;3131,44;0;5062;4939;123;0;0;0;0;0;647,71;88081,46;65,27;73;4264,01;50;52;71,23;0;M;61;DAVENE;0;13;;;0;0;1090,78;;0;0;0;0;77,655963;;;;0;0;0;-48486,6;-1090,78;0;0;326,99;62,75;0;0,3;0;0;0;0;264,24;264,24
25/09/2026 08:30:09;25/09/2026;01/09/2026;25/09/2026;6;E;115;86;134956;86469,4;88729,17;3131,44;0;5062;4939;123;0;0;0;0;0;647,71;88081,46;65,27;73;4264,01;50;52;71,23;0;M;69;GAMELEIRA;0;5;6;120;14,4;0;3824,67;1107,81;0;1107,81;28,96;0;41,042007;18;0;18;43,86;0;0;-48486,6;-2716,86;0;14,4;326,99;62,75;0;0,3;0;0;0;0;264,24;264,24
25/09/2026 08:30:09;25/09/2026;01/09/2026;25/09/2026;6;E;115;86;134956;86469,4;88729,17;3131,44;0;5062;4939;123;0;0;0;0;0;647,71;88081,46;65,27;73;4264,01;50;52;71,23;0;M;72;FRANBA;0;7;1;14,29;0;0;2045,58;82,55;0;82,55;4,04;0;5,923636;1;0;1;16,88;0;0;-48486,6;-1963,03;0;0;326,99;62,75;0;0,3;0;0;0;0;264,24;264,24
25/09/2026 08:30:09;25/09/2026;01/09/2026;25/09/2026;20;E;123;122;163869;132170,12;142642,4;4193,72;0;7183;7066;117;0;0;0;0;0;1639,6;141002,8;86,05;104;6085;97;101;97,12;0;M;1;JAV;0;101;99;98,02;162,43;0;138859,59;125222,28;273,76;124948,52;89,98;0;5612,035106;4979;18;4961;88,4;62,47;124,95;-31698,88;-13911,07;0;287,38;1028,56;542,87;0;0,3;0;0;0;0;423,01;423,01
25/09/2026 08:30:09;25/09/2026;01/09/2026;25/09/2026;20;E;123;122;163869;132170,12;142642,4;4193,72;0;7183;7066;117;0;0;0;0;0;1639,6;141002,8;86,05;104;6085;97;101;97,12;0;M;44;JDE;0;81;81;100;141,42;0;143608,87;95243,65;963,55;94280,1;65,65;0;2332,537986;1766;27;1739;74,55;0;0;-31698,88;-49328,77;0;141,42;1028,56;542,87;0;0,3;0;0;0;0;423,01;423,01
25/09/2026 08:30:09;25/09/2026;01/09/2026;25/09/2026;20;E;123;122;163869;132170,12;142642,4;4193,72;0;7183;7066;117;0;0;0;0;0;1639,6;141002,8;86,05;104;6085;97;101;97,12;0;M;66;COCO SHOW;0;11;6;54,55;0;0;1500,13;2554,04;1365,84;1188,2;79,21;0;115,380369;164;72;92;79,74;0;0;-31698,88;-311,93;0;0;1028,56;542,87;0;0,3;0;0;0;0;423,01;423,01
25/09/2026 08:30:09;25/09/2026;01/09/2026;25/09/2026;20;E;123;122;163869;132170,12;142642,4;4193,72;0;7183;7066;117;0;0;0;0;0;1639,6;141002,8;86,05;104;6085;97;101;97,12;0;M;69;GAMELEIRA;0;11;5;45,45;0;0;1000,67;818,18;0;818,18;81,76;0;18,17234;12;0;12;66,03;0;0;-31698,88;-182,49;0;0;1028,56;542,87;0;0,3;0;0;0;0;423,01;423,01
25/09/2026 08:30:09;25/09/2026;01/09/2026;25/09/2026;20;E;123;122;163869;132170,12;142642,4;4193,72;0;7183;7066;117;0;0;0;0;0;1639,6;141002,8;86,05;104;6085;97;101;97,12;0;M;82;ZICO;0;8;;;0;0;1200;;0;0;0;0;3;;;;0;0;0;-31698,88;-1200;0;0;1028,56;542,87;0;0,3;0;0;0;0;423,01;423,01
25/09/2026 08:30:09;25/09/2026;01/09/2026;25/09/2026;20;E;123;122;163869;132170,12;142642,4;4193,72;0;7183;7066;117;0;0;0;0;0;1639,6;141002,8;86,05;104;6085;97;101;97,12;0;M;74;BRAVA;0;6;3;50;0;0;1200,78;52,6;0;52,6;4,38;0;17,974432;3;0;3;16,69;0;0;-31698,88;-1148,18;0;0;1028,56;542,87;0;0,3;0;0;0;0;423,01;423,01
25/09/2026 08:30:09;25/09/2026;01/09/2026;25/09/2026;20;E;123;122;163869;132170,12;142642,4;4193,72;0;7183;7066;117;0;0;0;0;0;1639,6;141002,8;86,05;104;6085;97;101;97,12;0;M;83;ROBINSON CRUSOE;0;10;7;70;0;0;3500,05;1531,42;0;1531,42;43,75;0;18,75;12;0;12;64;0;0;-31698,88;-1968,63;0;0;1028,56;542,87;0;0,3;0;0;0;0;423,01;423,01
25/09/2026 08:30:09;25/09/2026;01/09/2026;25/09/2026;20;E;123;122;163869;132170,12;142642,4;4193,72;0;7183;7066;117;0;0;0;0;0;1639,6;141002,8;86,05;104;6085;97;101;97,12;0;M;6;SOL BEBIDAS;0;7;1;14,29;0;0;500,55;133,29;0;133,29;26,63;0;3,157895;3;0;3;95;0,21;0;-31698,88;-367,26;0;0;1028,56;542,87;0;0,3;0;0;0;0;423,01;423,01
25/09/2026 08:30:09;25/09/2026;01/09/2026;25/09/2026;20;E;123;122;163869;132170,12;142642,4;4193,72;0;7183;7066;117;0;0;0;0;0;1639,6;141002,8;86,05;104;6085;97;101;97,12;0;M;52;GREEN;0;12;11;91,67;2,12;0;2000,03;392,94;0;392,94;19,65;0;32,75;15;0;15;45,8;0;0;-31698,88;-1607,09;0;2,12;1028,56;542,87;0;0,3;0;0;0;0;423,01;423,01
25/09/2026 08:30:09;25/09/2026;01/09/2026;25/09/2026;20;E;123;122;163869;132170,12;142642,4;4193,72;0;7183;7066;117;0;0;0;0;0;1639,6;141002,8;86,05;104;6085;97;101;97,12;0;M;61;DAVENE;0;10;;;0;0;1400,31;;0;0;0;0;18,225;;;;0;0;0;-31698,88;-1400,31;0;0;1028,56;542,87;0;0,3;0;0;0;0;423,01;423,01
25/09/2026 08:30:09;25/09/2026;01/09/2026;25/09/2026;20;E;123;122;163869;132170,12;142642,4;4193,72;0;7183;7066;117;0;0;0;0;0;1639,6;141002,8;86,05;104;6085;97;101;97,12;0;M;72;FRANBA;0;19;6;31,58;0;0;1000,92;727,44;0;727,44;72,68;0;17,142857;8;0;8;46,67;0;0;-31698,88;-273,48;0;0;1028,56;542,87;0;0,3;0;0;0;0;423,01;423,01
25/09/2026 08:30:09;25/09/2026;01/09/2026;25/09/2026;20;E;123;122;163869;132170,12;142642,4;4193,72;0;7183;7066;117;0;0;0;0;0;1639,6;141002,8;86,05;104;6085;97;101;97,12;0;M;65;MATUTA;0;29;1;3,45;0;0;3605,99;112,92;0;112,92;3,13;0;26,25;3;0;3;11,43;0;0;-31698,88;-3493,07;0;0;1028,56;542,87;0;0,3;0;0;0;0;423,01;423,01
25/09/2026 08:30:09;25/09/2026;01/09/2026;25/09/2026;20;E;123;122;163869;132170,12;142642,4;4193,72;0;7183;7066;117;0;0;0;0;0;1639,6;141002,8;86,05;104;6085;97;101;97,12;0;M;63;BRACELL;0;27;32;118,52;67,85;0;8100,57;8480,79;0;8480,79;104,69;0;202,826295;138;0;138;68,04;0;44,1;-31698,88;380,22;0;111,95;1028,56;542,87;0;0,3;0;0;0;0;423,01;423,01
25/09/2026 08:30:09;25/09/2026;01/09/2026;25/09/2026;6;E;130;112;72017;;957,3;9,21;0;28;24;4;0;0;0;0;0;551,97;405,33;0,56;95;2791;;1;1,05;0;M;2;MARILAN;0;56;;;0;0;31336,28;;42,4;-42,4;-0,14;0;1853,604045;0;1;-1;-0,05;0;0;;-31378,68;0;0;0;0;0;0;0;0;0;0;0;0
25/09/2026 08:30:09;25/09/2026;01/09/2026;25/09/2026;6;E;130;112;72017;;957,3;9,21;0;28;24;4;0;0;0;0;0;551,97;405,33;0,56;95;2791;;1;1,05;0;M;18;SABORELLE - RACAO;0;14;;;0;0;7912,79;;509,57;-509,57;-6,44;0;35,755752;0;3;-3;-8,39;0;0;;-8422,36;0;0;0;0;0;0;0;0;0;0;0;0
25/09/2026 08:30:09;25/09/2026;01/09/2026;25/09/2026;26;E;402;120;145771;82677,09;81771,8;2311,02;0;3345;3331;14;0;0;0;0;0;890,74;80881,06;55,49;102;3506;81;82;80,39;0;M;51;GUANABARA;0;3;;;0;0;231,98;;0;0;0;0;0;;;;;0;0;-63093,91;-231,98;0;0;210,6;115,46;0;0,1;0;0;0;0;80,88;80,88
25/09/2026 08:30:09;25/09/2026;01/09/2026;25/09/2026;26;E;402;120;145771;82677,09;81771,8;2311,02;0;3345;3331;14;0;0;0;0;0;890,74;80881,06;55,49;102;3506;81;82;80,39;0;M;69;GAMELEIRA;0;7;3;42,86;0;0;1489,57;306,7;0;306,7;20,59;0;8;6;0;6;75;0;0;-63093,91;-1182,87;0;0;210,6;115,46;0;0,1;0;0;0;0;80,88;80,88
25/09/2026 08:30:09;25/09/2026;01/09/2026;25/09/2026;26;E;402;120;145771;82677,09;81771,8;2311,02;0;3345;3331;14;0;0;0;0;0;890,74;80881,06;55,49;102;3506;81;82;80,39;0;M;83;ROBINSON CRUSOE;0;14;10;71,43;0;0;2766,28;2989,32;0;2989,32;108,06;0;26;24;0;24;92,31;4,78;32,88;-63093,91;223,04;0;32,88;210,6;115,46;0;0,1;0;0;0;0;80,88;80,88
25/09/2026 08:30:09;25/09/2026;01/09/2026;25/09/2026;26;E;402;120;145771;82677,09;81771,8;2311,02;0;3345;3331;14;0;0;0;0;0;890,74;80881,06;55,49;102;3506;81;82;80,39;0;M;13;COPRA;0;34;22;64,71;0;0;12010,36;4451,11;0;4451,11;37,06;0;290;152;0;152;52,41;0;0;-63093,91;-7559,25;0;0;210,6;115,46;0;0,1;0;0;0;0;80,88;80,88
25/09/2026 08:30:09;25/09/2026;01/09/2026;25/09/2026;26;E;402;120;145771;82677,09;81771,8;2311,02;0;3345;3331;14;0;0;0;0;0;890,74;80881,06;55,49;102;3506;81;82;80,39;0;M;74;BRAVA;0;7;1;14,29;0;0;1837,17;50,2;0;50,2;2,73;0;13;1;0;1;7,69;0;0;-63093,91;-1786,97;0;0;210,6;115,46;0;0,1;0;0;0;0;80,88;80,88
25/09/2026 08:30:09;25/09/2026;01/09/2026;25/09/2026;26;E;402;120;145771;82677,09;81771,8;2311,02;0;3345;3331;14;0;0;0;0;0;890,74;80881,06;55,49;102;3506;81;82;80,39;0;M;18;SABORELLE - RACAO;0;6;1;16,67;0;0;1150,91;203,93;0;203,93;17,72;0;5;1;0;1;20;0;0;-63093,91;-946,98;0;0;210,6;115,46;0;0,1;0;0;0;0;80,88;80,88
25/09/2026 08:30:09;25/09/2026;01/09/2026;25/09/2026;26;E;402;120;145771;82677,09;81771,8;2311,02;0;3345;3331;14;0;0;0;0;0;890,74;80881,06;55,49;102;3506;81;82;80,39;0;M;52;GREEN;0;15;4;26,67;0;0;2152,59;248,59;0;248,59;11,55;0;30;4;0;4;13,33;0;0;-63093,91;-1904;0;0;210,6;115,46;0;0,1;0;0;0;0;80,88;80,88
25/09/2026 08:30:09;25/09/2026;01/09/2026;25/09/2026;26;E;402;120;145771;82677,09;81771,8;2311,02;0;3345;3331;14;0;0;0;0;0;890,74;80881,06;55,49;102;3506;81;82;80,39;0;M;60;RICLAN;0;29;23;79,31;0;0;3212,8;2143,73;0;2143,73;66,72;0;140;145;0;145;103,57;8,15;0;-63093,91;-1069,07;0;0;210,6;115,46;0;0,1;0;0;0;0;80,88;80,88
25/09/2026 08:30:09;25/09/2026;01/09/2026;25/09/2026;26;E;407;95;166915;100209,2;80196,68;2333,15;0;2830;2722;108;0;0;0;0;0;1424,86;78771,82;47,19;81;3232,01;53;51;62,96;0;M;1;JAV;0;48;47;97,92;52,48;0;64322,45;41537,27;1167,23;40370,04;62,76;0;1273;1109;31;1078;84,68;0;0;-66705,8;-23952,41;0;52,48;240,75;214,89;0;0;0;0;0;0;0;0
25/09/2026 08:30:09;25/09/2026;01/09/2026;25/09/2026;26;E;407;95;166915;100209,2;80196,68;2333,15;0;2830;2722;108;0;0;0;0;0;1424,86;78771,82;47,19;81;3232,01;53;51;62,96;0;M;44;JDE;0;23;17;73,91;0;0;11539,88;5982,66;777,03;5205,63;45,11;0;1075;651;75;576;53,58;0;0;-66705,8;-6334,25;0;0;240,75;214,89;0;0;0;0;0;0;0;0
25/09/2026 08:30:09;25/09/2026;01/09/2026;25/09/2026;26;E;407;95;166915;100209,2;80196,68;2333,15;0;2830;2722;108;0;0;0;0;0;1424,86;78771,82;47,19;81;3232,01;53;51;62,96;0;M;83;ROBINSON CRUSOE;0;8;8;100;54,05;0;2835,17;4761,46;257,63;4503,83;158,86;0;30;56;2;54;180;17,11;49,54;-66705,8;1668,66;0;103,59;240,75;214,89;0;0;0;0;0;0;0;0
25/09/2026 08:30:09;25/09/2026;01/09/2026;25/09/2026;26;E;407;95;166915;100209,2;80196,68;2333,15;0;2830;2722;108;0;0;0;0;0;1424,86;78771,82;47,19;81;3232,01;53;51;62,96;0;M;6;SOL BEBIDAS;0;17;9;52,94;0;0;2807,82;1595,72;0;1595,72;56,83;0;49;30;0;30;61,22;0;0;-66705,8;-1212,1;0;0;240,75;214,89;0;0;0;0;0;0;0;0
25/09/2026 08:30:09;25/09/2026;01/09/2026;25/09/2026;26;E;407;95;166915;100209,2;80196,68;2333,15;0;2830;2722;108;0;0;0;0;0;1424,86;78771,82;47,19;81;3232,01;53;51;62,96;0;M;13;COPRA;0;28;23;82,14;0;0;26702,27;7895,67;0;7895,67;29,57;0;619;365;0;365;58,97;0;0;-66705,8;-18806,6;0;0;240,75;214,89;0;0;0;0;0;0;0;0
25/09/2026 08:30:09;25/09/2026;01/09/2026;25/09/2026;26;E;407;95;166915;100209,2;80196,68;2333,15;0;2830;2722;108;0;0;0;0;0;1424,86;78771,82;47,19;81;3232,01;53;51;62,96;0;M;52;GREEN;0;8;7;87,5;9,71;0;4060,57;1797,63;0;1797,63;44,27;0;45;27;0;27;60;0;0;-66705,8;-2262,94;0;9,71;240,75;214,89;0;0;0;0;0;0;0;0
25/09/2026 08:30:09;25/09/2026;01/09/2026;25/09/2026;26;E;407;95;166915;100209,2;80196,68;2333,15;0;2830;2722;108;0;0;0;0;0;1424,86;78771,82;47,19;81;3232,01;53;51;62,96;0;M;69;GAMELEIRA;0;9;7;77,78;0;0;7349,31;2661,56;0;2661,56;36,22;0;74;30;0;30;40,54;0;0;-66705,8;-4687,75;0;0;240,75;214,89;0;0;0;0;0;0;0;0
25/09/2026 08:30:09;25/09/2026;01/09/2026;25/09/2026;26;E;407;95;166915;100209,2;80196,68;2333,15;0;2830;2722;108;0;0;0;0;0;1424,86;78771,82;47,19;81;3232,01;53;51;62,96;0;M;84;CAPRICHE;0;24;28;116,67;;0;6900,62;2096,77;0;2096,77;30,39;0;241;62;0;62;25,73;0;0;-66705,8;-4803,85;0;;240,75;214,89;0;0;0;0;0;0;0;0
25/09/2026 08:30:09;25/09/2026;01/09/2026;25/09/2026;26;E;407;95;166915;100209,2;80196,68;2333,15;0;2830;2722;108;0;0;0;0;0;1424,86;78771,82;47,19;81;3232,01;53;51;62,96;0;M;82;ZICO;0;11;;;0;0;125,02;;0;0;0;0;0;;;;;0;0;-66705,8;-125,02;0;0;240,75;214,89;0;0;0;0;0;0;0;0
25/09/2026 08:30:09;25/09/2026;01/09/2026;25/09/2026;26;E;407;95;166915;100209,2;80196,68;2333,15;0;2830;2722;108;0;0;0;0;0;1424,86;78771,82;47,19;81;3232,01;53;51;62,96;0;M;66;COCO SHOW;0;13;6;46,15;0;0;4685,53;541,59;0;541,59;11,56;0;120;37;0;37;30,83;0;0;-66705,8;-4143,94;0;0;240,75;214,89;0;0;0;0;0;0;0;0
25/09/2026 08:30:09;25/09/2026;01/09/2026;25/09/2026;26;E;407;95;166915;100209,2;80196,68;2333,15;0;2830;2722;108;0;0;0;0;0;1424,86;78771,82;47,19;81;3232,01;53;51;62,96;0;M;15;QUEIJOS LELO;0;13;7;53,85;0;0;2354,79;1477,13;0;1477,13;62,73;0;12;11;0;11;91,67;2,36;0;-66705,8;-877,66;0;0;240,75;214,89;0;0;0;0;0;0;0;0
25/09/2026 08:30:09;25/09/2026;01/09/2026;25/09/2026;26;E;407;95;166915;100209,2;80196,68;2333,15;0;2830;2722;108;0;0;0;0;0;1424,86;78771,82;47,19;81;3232,01;53;51;62,96;0;M;65;MATUTA;0;10;;;0;0;1169,33;;0;0;0;0;8;;;;0;0;0;-66705,8;-1169,33;0;0;240,75;214,89;0;0;0;0;0;0;0;0
25/09/2026 08:30:09;25/09/2026;01/09/2026;25/09/2026;26;E;407;95;166915;100209,2;80196,68;2333,15;0;2830;2722;108;0;0;0;0;0;1424,86;78771,82;47,19;81;3232,01;53;51;62,96;0;M;60;RICLAN;0;9;8;88,89;4,86;0;598,03;899,59;0;899,59;150,43;0;28;73;0;73;260,71;3,42;5,85;-66705,8;301,56;0;10,71;240,75;214,89;0;0;0;0;0;0;0;0
25/09/2026 08:30:09;25/09/2026;01/09/2026;25/09/2026;26;E;407;95;166915;100209,2;80196,68;2333,15;0;2830;2722;108;0;0;0;0;0;1424,86;78771,82;47,19;81;3232,01;53;51;62,96;0;M;74;BRAVA;0;15;5;33,33;0;0;3663,97;354,32;0;354,32;9,67;0;32;8;0;8;25;0;0;-66705,8;-3309,65;0;0;240,75;214,89;0;0;0;0;0;0;0;0
25/09/2026 08:30:09;25/09/2026;01/09/2026;25/09/2026;26;E;407;95;166915;100209,2;80196,68;2333,15;0;2830;2722;108;0;0;0;0;0;1424,86;78771,82;47,19;81;3232,01;53;51;62,96;0;M;53;CASAKM;0;21;17;80,95;0;0;18520,41;6248,11;0;6248,11;33,74;0;364;160;0;160;43,96;0;0;-66705,8;-12272,3;0;0;240,75;214,89;0;0;0;0;0;0;0;0
25/09/2026 08:30:09;25/09/2026;01/09/2026;25/09/2026;26;E;407;95;166915;100209,2;80196,68;2333,15;0;2830;2722;108;0;0;0;0;0;1424,86;78771,82;47,19;81;3232,01;53;51;62,96;0;M;18;SABORELLE - RACAO;0;15;6;40;0;0;8074,36;1358,62;0;1358,62;16,83;0;100;25;0;25;25;0;0;-66705,8;-6715,74;0;0;240,75;214,89;0;0;0;0;0;0;0;0
25/09/2026 08:30:09;25/09/2026;01/09/2026;25/09/2026;26;E;407;95;166915;100209,2;80196,68;2333,15;0;2830;2722;108;0;0;0;0;0;1424,86;78771,82;47,19;81;3232,01;53;51;62,96;0;M;47;SOFFIE;0;10;;;0;0;437,85;;0;0;0;0;8;;;;0;0;0;-66705,8;-437,85;0;0;240,75;214,89;0;0;0;0;0;0;0;0
25/09/2026 08:30:09;25/09/2026;01/09/2026;25/09/2026;26;E;407;95;166915;100209,2;80196,68;2333,15;0;2830;2722;108;0;0;0;0;0;1424,86;78771,82;47,19;81;3232,01;53;51;62,96;0;M;63;BRACELL;0;12;13;108,33;33,31;0;8101,6;4163,59;0;4163,59;51,39;0;127;64;0;64;50,39;0;0;-66705,8;-3938,01;0;33,31;240,75;214,89;0;0;0;0;0;0;0;0
25/09/2026 08:30:09;25/09/2026;01/09/2026;25/09/2026;26;E;407;95;166915;100209,2;80196,68;2333,15;0;2830;2722;108;0;0;0;0;0;1424,86;78771,82;47,19;81;3232,01;53;51;62,96;0;M;61;DAVENE;0;13;3;23,08;0;0;776,29;782,4;0;782,4;100,79;0;74;108;0;108;145,95;2,97;5,09;-66705,8;6,11;0;5,09;240,75;214,89;0;0;0;0;0;0;0;0
25/09/2026 08:30:09;25/09/2026;01/09/2026;25/09/2026;26;E;407;95;166915;100209,2;80196,68;2333,15;0;2830;2722;108;0;0;0;0;0;1424,86;78771,82;47,19;81;3232,01;53;51;62,96;0;M;72;FRANBA;0;8;3;37,5;0;0;935,15;308,55;0;308,55;32,99;0;5;3;0;3;60;0;0;-66705,8;-626,6;0;0;240,75;214,89;0;0;0;0;0;0;0;0
25/09/2026 08:30:09;25/09/2026;01/09/2026;25/09/2026;26;E;407;95;166915;100209,2;80196,68;2333,15;0;2830;2722;108;0;0;0;0;0;1424,86;78771,82;47,19;81;3232,01;53;51;62,96;0;M;51;GUANABARA;0;13;6;46,15;0;0;2494,57;1716,7;0;1716,7;68,82;0;23;11;0;11;47,83;0;0;-66705,8;-777,87;0;0;240,75;214,89;0;0;0;0;0;0;0;0
25/09/2026 08:30:09;25/09/2026;01/09/2026;25/09/2026;13;E;508;57;127500;64985,52;51676,33;1466,86;0;2270;2221;49;0;0;0;0;0;2594,84;49081,49;38,5;48;2444;43;35;72,92;0;M;60;RICLAN;0;10;5;50;0;0;2000;615,42;159,75;455,67;22,78;0;40;29;5;24;60;0;0;-62514,48;-1544,33;0;0;104,77;0;0;0,1;0;0;0;0;49,08;49,08
25/09/2026 08:30:09;25/09/2026;01/09/2026;25/09/2026;13;E;508;57;127500;64985,52;51676,33;1466,86;0;2270;2221;49;0;0;0;0;0;2594,84;49081,49;38,5;48;2444;43;35;72,92;0;M;69;GAMELEIRA;0;10;;;0;0;1000;;0;0;0;0;5;;;;0;0;0;-62514,48;-1000;0;0;104,77;0;0;0,1;0;0;0;0;49,08;49,08
25/09/2026 08:30:09;25/09/2026;01/09/2026;25/09/2026;13;E;508;57;127500;64985,52;51676,33;1466,86;0;2270;2221;49;0;0;0;0;0;2594,84;49081,49;38,5;48;2444;43;35;72,92;0;M;15;QUEIJOS LELO;0;10;3;30;0;0;1000;663,51;0;663,51;66,35;0;6;5;0;5;83,33;0;0;-62514,48;-336,49;0;0;104,77;0;0;0,1;0;0;0;0;49,08;49,08
25/09/2026 08:30:09;25/09/2026;01/09/2026;25/09/2026;13;E;508;57;127500;64985,52;51676,33;1466,86;0;2270;2221;49;0;0;0;0;0;2594,84;49081,49;38,5;48;2444;43;35;72,92;0;M;59;CASA SUICA;0;10;;;0;0;3000;;0;0;0;0;15;;;;0;0;0;-62514,48;-3000;0;0;104,77;0;0;0,1;0;0;0;0;49,08;49,08
25/09/2026 08:30:09;25/09/2026;01/09/2026;25/09/2026;13;E;508;57;127500;64985,52;51676,33;1466,86;0;2270;2221;49;0;0;0;0;0;2594,84;49081,49;38,5;48;2444;43;35;72,92;0;M;51;GUANABARA;0;10;1;10;0;0;1000;338,7;0;338,7;33,87;0;10;3;0;3;30;0;0;-62514,48;-661,3;0;0;104,77;0;0;0,1;0;0;0;0;49,08;49,08
25/09/2026 08:30:09;25/09/2026;01/09/2026;25/09/2026;13;E;508;57;127500;64985,52;51676,33;1466,86;0;2270;2221;49;0;0;0;0;0;2594,84;49081,49;38,5;48;2444;43;35;72,92;0;M;53;CASAKM;0;20;13;65;0;0;15000;8431,21;0;8431,21;56,21;0;350;227;0;227;64,86;0;0;-62514,48;-6568,79;0;0;104,77;0;0;0,1;0;0;0;0;49,08;49,08
25/09/2026 08:30:09;25/09/2026;01/09/2026;25/09/2026;13;E;508;57;127500;64985,52;51676,33;1466,86;0;2270;2221;49;0;0;0;0;0;2594,84;49081,49;38,5;48;2444;43;35;72,92;0;M;18;SABORELLE - RACAO;0;7;;;0;0;1500;;0;0;0;0;10;;;;0;0;0;-62514,48;-1500;0;0;104,77;0;0;0,1;0;0;0;0;49,08;49,08
25/09/2026 08:30:09;25/09/2026;01/09/2026;25/09/2026;13;E;508;57;127500;64985,52;51676,33;1466,86;0;2270;2221;49;0;0;0;0;0;2594,84;49081,49;38,5;48;2444;43;35;72,92;0;M;66;COCO SHOW;0;10;4;40;0;0;1000;820,08;0;820,08;82,01;0;20;48;0;48;240;2,54;0;-62514,48;-179,92;0;0;104,77;0;0;0,1;0;0;0;0;49,08;49,08
25/09/2026 08:30:09;25/09/2026;01/09/2026;25/09/2026;13;E;508;57;127500;64985,52;51676,33;1466,86;0;2270;2221;49;0;0;0;0;0;2594,84;49081,49;38,5;48;2444;43;35;72,92;0;M;6;SOL BEBIDAS;0;7;3;42,86;0;0;1000;493,34;0;493,34;49,33;0;10;12;0;12;120;1,87;0;-62514,48;-506,66;0;0;104,77;0;0;0,1;0;0;0;0;49,08;49,08
25/09/2026 08:30:09;25/09/2026;01/09/2026;25/09/2026;13;E;508;57;127500;64985,52;51676,33;1466,86;0;2270;2221;49;0;0;0;0;0;2594,84;49081,49;38,5;48;2444;43;35;72,92;0;M;44;JDE;0;35;17;48,57;0;0;32000;6364,74;0;6364,74;19,89;0;400;563;0;563;140,75;3,82;0;-62514,48;-25635,26;0;0;104,77;0;0;0,1;0;0;0;0;49,08;49,08
25/09/2026 08:30:09;25/09/2026;01/09/2026;25/09/2026;13;E;508;57;127500;64985,52;51676,33;1466,86;0;2270;2221;49;0;0;0;0;0;2594,84;49081,49;38,5;48;2444;43;35;72,92;0;M;74;BRAVA;0;7;2;28,57;0;0;3000;939;0;939;31,3;0;36;23;0;23;63,89;0;0;-62514,48;-2061;0;0;104,77;0;0;0,1;0;0;0;0;49,08;49,08
25/09/2026 08:30:09;25/09/2026;01/09/2026;25/09/2026;13;E;508;57;127500;64985,52;51676,33;1466,86;0;2270;2221;49;0;0;0;0;0;2594,84;49081,49;38,5;48;2444;43;35;72,92;0;M;83;ROBINSON CRUSOE;0;10;;;0;0;2000;;0;0;0;0;10;;;;0;0;0;-62514,48;-2000;0;0;104,77;0;0;0,1;0;0;0;0;49,08;49,08
25/09/2026 08:30:09;25/09/2026;01/09/2026;25/09/2026;13;E;508;57;127500;64985,52;51676,33;1466,86;0;2270;2221;49;0;0;0;0;0;2594,84;49081,49;38,5;48;2444;43;35;72,92;0;M;63;BRACELL;0;10;5;50;0;0;2000;835,57;0;835,57;41,78;0;50;34;0;34;68;0;0;-62514,48;-1164,43;0;0;104,77;0;0;0,1;0;0;0;0;49,08;49,08
25/09/2026 08:30:09;25/09/2026;01/09/2026;25/09/2026;13;E;508;57;127500;64985,52;51676,33;1466,86;0;2270;2221;49;0;0;0;0;0;2594,84;49081,49;38,5;48;2444;43;35;72,92;0;M;72;FRANBA;0;10;;;0;0;1000;;0;0;0;0;2;;;;0;0;0;-62514,48;-1000;0;0;104,77;0;0;0,1;0;0;0;0;49,08;49,08
25/09/2026 08:30:09;25/09/2026;01/09/2026;25/09/2026;13;E;508;57;127500;64985,52;51676,33;1466,86;0;2270;2221;49;0;0;0;0;0;2594,84;49081,49;38,5;48;2444;43;35;72,92;0;M;65;MATUTA;0;5;;;0;0;1000;;0;0;0;0;5;;;;0;0;0;-62514,48;-1000;0;0;104,77;0;0;0,1;0;0;0;0;49,08;49,08
25/09/2026 08:30:09;25/09/2026;01/09/2026;25/09/2026;6;E;513;52;99004;59932,08;58504,41;1995,68;0;1408;1408;0;0;0;0;0;0;0;58504,41;59,09;44;2564;31;30;68,18;0;M;60;RICLAN;0;17;10;58,82;0;0;2025;3136,3;0;3136,3;154,88;0;72;243;0;243;337,5;11,92;20,39;-39071,92;1111,3;0;20,39;67,06;54,9;0;0;0;0;0;0;0;0
25/09/2026 08:30:09;25/09/2026;01/09/2026;25/09/2026;6;E;513;52;99004;59932,08;58504,41;1995,68;0;1408;1408;0;0;0;0;0;0;0;58504,41;59,09;44;2564;31;30;68,18;0;M;47;SOFFIE;0;10;;;0;0;1054;;0;0;0;0;18;;;;0;0;0;-39071,92;-1054;0;0;67,06;54,9;0;0;0;0;0;0;0;0
25/09/2026 08:30:09;25/09/2026;01/09/2026;25/09/2026;6;E;513;52;99004;59932,08;58504,41;1995,68;0;1408;1408;0;0;0;0;0;0;0;58504,41;59,09;44;2564;31;30;68,18;0;M;2;MARILAN;0;30;24;80;0;0;60234;39429,94;0;39429,94;65,46;0;1326;811;0;811;61,16;0;0;-39071,92;-20804,06;0;0;67,06;54,9;0;0;0;0;0;0;0;0
25/09/2026 08:30:09;25/09/2026;01/09/2026;25/09/2026;6;E;513;52;99004;59932,08;58504,41;1995,68;0;1408;1408;0;0;0;0;0;0;0;58504,41;59,09;44;2564;31;30;68,18;0;M;51;GUANABARA;0;15;3;20;0;0;2122;397,26;0;397,26;18,72;0;20;3;0;3;15;0;0;-39071,92;-1724,74;0;0;67,06;54,9;0;0;0;0;0;0;0;0
25/09/2026 08:30:09;25/09/2026;01/09/2026;25/09/2026;6;E;513;52;99004;59932,08;58504,41;1995,68;0;1408;1408;0;0;0;0;0;0;0;58504,41;59,09;44;2564;31;30;68,18;0;M;74;BRAVA;0;10;1;10;0;0;1317;50,2;0;50,2;3,81;0;30;1;0;1;3,33;0;0;-39071,92;-1266,8;0;0;67,06;54,9;0;0;0;0;0;0;0;0
25/09/2026 08:30:09;25/09/2026;01/09/2026;25/09/2026;6;E;513;52;99004;59932,08;58504,41;1995,68;0;1408;1408;0;0;0;0;0;0;0;58504,41;59,09;44;2564;31;30;68,18;0;M;82;ZICO;0;11;;;0;0;2000;;0;0;0;0;47;;;;0;0;0;-39071,92;-2000;0;0;67,06;54,9;0;0;0;0;0;0;0;0
25/09/2026 08:30:09;25/09/2026;01/09/2026;25/09/2026;6;E;513;52;99004;59932,08;58504,41;1995,68;0;1408;1408;0;0;0;0;0;0;0;58504,41;59,09;44;2564;31;30;68,18;0;M;53;CASAKM;0;22;19;86,36;34,51;0;17160;10456,98;0;10456,98;60,94;0;688;192;0;192;27,91;0;0;-39071,92;-6703,02;0;34,51;67,06;54,9;0;0;0;0;0;0;0;0
25/09/2026 08:30:09;25/09/2026;01/09/2026;25/09/2026;6;E;513;52;99004;59932,08;58504,41;1995,68;0;1408;1408;0;0;0;0;0;0;0;58504,41;59,09;44;2564;31;30;68,18;0;M;59;CASA SUICA;0;10;2;20;0;0;2000;201,1;0;201,1;10,06;0;10;25;0;25;250;0,24;0;-39071,92;-1798,9;0;0;67,06;54,9;0;0;0;0;0;0;0;0
25/09/2026 08:30:09;25/09/2026;01/09/2026;25/09/2026;6;E;513;52;99004;59932,08;58504,41;1995,68;0;1408;1408;0;0;0;0;0;0;0;58504,41;59,09;44;2564;31;30;68,18;0;M;15;QUEIJOS LELO;0;11;1;9,09;0;0;1299;269,81;0;269,81;20,77;0;20;2;0;2;10;0;0;-39071,92;-1029,19;0;0;67,06;54,9;0;0;0;0;0;0;0;0
25/09/2026 08:30:09;25/09/2026;01/09/2026;25/09/2026;6;E;513;52;99004;59932,08;58504,41;1995,68;0;1408;1408;0;0;0;0;0;0;0;58504,41;59,09;44;2564;31;30;68,18;0;M;18;SABORELLE - RACAO;0;10;3;30;0;0;2620;1278,24;0;1278,24;48,79;0;30;7;0;7;23,33;0;0;-39071,92;-1341,76;0;0;67,06;54,9;0;0;0;0;0;0;0;0
25/09/2026 08:30:09;25/09/2026;01/09/2026;25/09/2026;6;E;513;52;99004;59932,08;58504,41;1995,68;0;1408;1408;0;0;0;0;0;0;0;58504,41;59,09;44;2564;31;30;68,18;0;M;13;COPRA;0;22;13;59,09;0;0;7173;3246,27;0;3246,27;45,26;0;303;121;0;121;39,93;0;0;-39071,92;-3926,73;0;0;67,06;54,9;0;0;0;0;0;0;0;0
25/09/2026 08:30:09;25/09/2026;01/09/2026;25/09/2026;6;E;130;112;72017;;957,3;9,21;0;28;24;4;0;0;0;0;0;551,97;405,33;0,56;95;2791;;1;1,05;0;M;83;ROBINSON CRUSOE;0;15;;;0;0;5000;;0;0;0;0;6,414545;;;;0;0;0;;-5000;0;0;0;0;0;0;0;0;0;0;0;0
25/09/2026 08:30:09;25/09/2026;01/09/2026;25/09/2026;6;E;130;112;72017;;957,3;9,21;0;28;24;4;0;0;0;0;0;551,97;405,33;0,56;95;2791;;1;1,05;0;M;72;FRANBA;0;7;;;0;0;2000;;0;0;0;0;50;;;;0;0;0;;-2000;0;0;0;0;0;0;0;0;0;0;0;0
25/09/2026 08:30:09;25/09/2026;01/09/2026;25/09/2026;6;E;130;112;72017;;957,3;9,21;0;28;24;4;0;0;0;0;0;551,97;405,33;0,56;95;2791;;1;1,05;0;M;59;CASA SUICA;0;19;;;0;0;2123,93;;0;0;0;0;48,14849;;;;0;0;0;;-2123,93;0;0;0;0;0;0;0;0;0;0;0;0
25/09/2026 08:30:09;25/09/2026;01/09/2026;25/09/2026;6;E;130;112;72017;;957,3;9,21;0;28;24;4;0;0;0;0;0;551,97;405,33;0,56;95;2791;;1;1,05;0;M;6;SOL BEBIDAS;0;10;;;0;0;2500;;0;0;0;0;3,235345;;;;0;0;0;;-2500;0;0;0;0;0;0;0;0;0;0;0;0
25/09/2026 08:30:09;25/09/2026;01/09/2026;25/09/2026;6;E;130;112;72017;;957,3;9,21;0;28;24;4;0;0;0;0;0;551,97;405,33;0,56;95;2791;;1;1,05;0;M;51;GUANABARA;0;16;;;0;0;2410,15;;0;0;0;0;23,880405;;;;0;0;0;;-2410,15;0;0;0;0;0;0;0;0;0;0;0;0
25/09/2026 08:30:09;25/09/2026;01/09/2026;25/09/2026;6;E;130;112;72017;;957,3;9,21;0;28;24;4;0;0;0;0;0;551,97;405,33;0,56;95;2791;;1;1,05;0;M;13;COPRA;0;30;1;3,33;0;0;18734,55;957,3;0;957,3;5,11;0;770,280928;28;0;28;3,64;0;0;;-17777,25;0;0;0;0;0;0;0;0;0;0;0;0
25/09/2026 08:30:09;25/09/2026;01/09/2026;25/09/2026;6;E;142;92;186972;106271,67;122291,47;3443,05;0;4607;4606;1;0;0;0;0;0;21,39;122270,08;65,39;78;5829;51;53;67,95;0;M;1;JAV;0;84;51;60,71;0;0;140044,67;102016;21,39;101994,61;72,83;0;4893,941904;3148;1;3147;64,3;0;0;-80700,33;-38050,06;0;0;21,83;8,06;0;0;0;0;0;0;0;0
25/09/2026 08:30:09;25/09/2026;01/09/2026;25/09/2026;6;E;142;92;186972;106271,67;122291,47;3443,05;0;4607;4606;1;0;0;0;0;0;21,39;122270,08;65,39;78;5829;51;53;67,95;0;M;72;FRANBA;0;10;2;20;0;0;1183,17;165,1;0;165,1;13,95;0;8,885455;2;0;2;22,51;0;0;-80700,33;-1018,07;0;0;21,83;8,06;0;0;0;0;0;0;0;0
25/09/2026 08:30:09;25/09/2026;01/09/2026;25/09/2026;6;E;142;92;186972;106271,67;122291,47;3443,05;0;4607;4606;1;0;0;0;0;0;21,39;122270,08;65,39;78;5829;51;53;67,95;0;M;6;SOL BEBIDAS;0;10;4;40;0;0;410,25;531,16;0;531,16;129,47;0;17,794397;14;0;14;78,68;0;3,45;-80700,33;120,91;0;3,45;21,83;8,06;0;0;0;0;0;0;0;0
25/09/2026 08:30:09;25/09/2026;01/09/2026;25/09/2026;6;E;142;92;186972;106271,67;122291,47;3443,05;0;4607;4606;1;0;0;0;0;0;21,39;122270,08;65,39;78;5829;51;53;67,95;0;M;61;DAVENE;0;10;;;0;0;385,38;;0;0;0;0;28,238532;;;;0;0;0;-80700,33;-385,38;0;0;21,83;8,06;0;0;0;0;0;0;0;0
25/09/2026 08:30:09;25/09/2026;01/09/2026;25/09/2026;6;E;142;92;186972;106271,67;122291,47;3443,05;0;4607;4606;1;0;0;0;0;0;21,39;122270,08;65,39;78;5829;51;53;67,95;0;M;65;MATUTA;0;10;;;0;0;2946,33;;0;0;0;0;5,922581;;;;0;0;0;-80700,33;-2946,33;0;0;21,83;8,06;0;0;0;0;0;0;0;0
25/09/2026 08:30:09;25/09/2026;01/09/2026;25/09/2026;6;E;142;92;186972;106271,67;122291,47;3443,05;0;4607;4606;1;0;0;0;0;0;21,39;122270,08;65,39;78;5829;51;53;67,95;0;M;83;ROBINSON CRUSOE;0;13;7;53,85;0;0;8436,96;2758,52;0;2758,52;32,7;0;89,803636;22;0;22;24,5;0;0;-80700,33;-5678,44;0;0;21,83;8,06;0;0;0;0;0;0;0;0
25/09/2026 08:30:09;25/09/2026;01/09/2026;25/09/2026;6;E;142;92;186972;106271,67;122291,47;3443,05;0;4607;4606;1;0;0;0;0;0;21,39;122270,08;65,39;78;5829;51;53;67,95;0;M;44;JDE;0;52;31;59,62;0;0;156100,73;51928,32;0;51928,32;33,27;0;2270,555436;954;0;954;42,02;0;0;-80700,33;-104172,41;0;0;21,83;8,06;0;0;0;0;0;0;0;0
25/09/2026 08:30:09;25/09/2026;01/09/2026;25/09/2026;6;E;142;92;186972;106271,67;122291,47;3443,05;0;4607;4606;1;0;0;0;0;0;21,39;122270,08;65,39;78;5829;51;53;67,95;0;M;63;BRACELL;0;19;10;52,63;0;0;17178,2;6227,73;0;6227,73;36,25;0;376,232588;140;0;140;37,21;0;0;-80700,33;-10950,47;0;0;21,83;8,06;0;0;0;0;0;0;0;0
25/09/2026 08:30:09;25/09/2026;01/09/2026;25/09/2026;6;E;142;92;186972;106271,67;122291,47;3443,05;0;4607;4606;1;0;0;0;0;0;21,39;122270,08;65,39;78;5829;51;53;67,95;0;M;69;GAMELEIRA;0;10;4;40;0;0;695,66;709,75;0;709,75;102,03;0;19,813383;14;0;14;70,66;0;4,61;-80700,33;14,09;0;4,61;21,83;8,06;0;0;0;0;0;0;0;0
25/09/2026 08:30:09;25/09/2026;01/09/2026;25/09/2026;6;E;142;92;186972;106271,67;122291,47;3443,05;0;4607;4606;1;0;0;0;0;0;21,39;122270,08;65,39;78;5829;51;53;67,95;0;M;74;BRAVA;0;4;1;25;0;0;3005,96;168;0;168;5,59;0;7,059152;3;0;3;42,5;0;0;-80700,33;-2837,96;0;0;21,83;8,06;0;0;0;0;0;0;0;0
25/09/2026 08:30:09;25/09/2026;01/09/2026;25/09/2026;6;E;142;92;186972;106271,67;122291,47;3443,05;0;4607;4606;1;0;0;0;0;0;21,39;122270,08;65,39;78;5829;51;53;67,95;0;M;66;COCO SHOW;0;20;16;80;0;0;7148,44;4336,24;0;4336,24;60,66;0;313,486287;165;0;165;52,63;0;0;-80700,33;-2812,2;0;0;21,83;8,06;0;0;0;0;0;0;0;0
25/09/2026 08:30:09;25/09/2026;01/09/2026;25/09/2026;6;E;142;92;186972;106271,67;122291,47;3443,05;0;4607;4606;1;0;0;0;0;0;21,39;122270,08;65,39;78;5829;51;53;67,95;0;M;52;GREEN;0;10;7;70;0;0;5537,4;3623,97;0;3623,97;65,45;0;67,861149;115;0;115;169,46;13,77;0;-80700,33;-1913,43;0;0;21,83;8,06;0;0;0;0;0;0;0;0
25/09/2026 08:30:09;25/09/2026;01/09/2026;25/09/2026;6;B;146;85;166539;110249,43;127357,34;3532,43;0;3707;3664;43;0;0;0;0;0;677,7;126679,64;76,07;72;4373;56;54;75;0;M;2;MARILAN;0;62;45;72,58;0;0;77191,18;68293,15;556,98;67736,17;87,75;0;1892,876469;2034;42;1992;105,24;81,28;67,74;-56289,57;-9455,01;0;67,74;181,2;87,85;0;0;0;0;0;0;0;0
25/09/2026 08:30:09;25/09/2026;01/09/2026;25/09/2026;6;B;146;85;166539;110249,43;127357,34;3532,43;0;3707;3664;43;0;0;0;0;0;677,7;126679,64;76,07;72;4373;56;54;75;0;M;13;COPRA;0;40;27;67,5;0;0;19067,31;10522,74;120,72;10402,02;54,55;0;646,193119;394;1;393;60,82;0;0;-56289,57;-8665,29;0;0;181,2;87,85;0;0;0;0;0;0;0;0
25/09/2026 08:30:09;25/09/2026;01/09/2026;25/09/2026;6;B;146;85;166539;110249,43;127357,34;3532,43;0;3707;3664;43;0;0;0;0;0;677,7;126679,64;76,07;72;4373;56;54;75;0;M;60;RICLAN;0;41;24;58,54;0;0;5748,97;3387,22;0;3387,22;58,92;0;584,4;198;0;198;33,88;0;0;-56289,57;-2361,75;0;0;181,2;87,85;0;0;0;0;0;0;0;0
25/09/2026 08:30:09;25/09/2026;01/09/2026;25/09/2026;6;B;146;85;166539;110249,43;127357,34;3532,43;0;3707;3664;43;0;0;0;0;0;677,7;126679,64;76,07;72;4373;56;54;75;0;M;74;BRAVA;0;14;5;35,71;0;0;3321,65;238,45;0;238,45;7,18;0;15,530134;5;0;5;32,2;0;0;-56289,57;-3083,2;0;0;181,2;87,85;0;0;0;0;0;0;0;0
25/09/2026 08:30:09;25/09/2026;01/09/2026;25/09/2026;6;B;146;85;166539;110249,43;127357,34;3532,43;0;3707;3664;43;0;0;0;0;0;677,7;126679,64;76,07;72;4373;56;54;75;0;M;82;ZICO;0;8;;;0;0;1000;;0;0;0;0;5;;;;0;0;0;-56289,57;-1000;0;0;181,2;87,85;0;0;0;0;0;0;0;0
25/09/2026 08:30:09;25/09/2026;01/09/2026;25/09/2026;6;B;146;85;166539;110249,43;127357,34;3532,43;0;3707;3664;43;0;0;0;0;0;677,7;126679,64;76,07;72;4373;56;54;75;0;M;47;SOFFIE;0;19;;;0;0;1519,89;;0;0;0;0;45,655814;;;;0;0;0;-56289,57;-1519,89;0;0;181,2;87,85;0;0;0;0;0;0;0;0
25/09/2026 08:30:09;25/09/2026;01/09/2026;25/09/2026;6;B;146;85;166539;110249,43;127357,34;3532,43;0;3707;3664;43;0;0;0;0;0;677,7;126679,64;76,07;72;4373;56;54;75;0;M;53;CASAKM;0;44;34;77,27;0;0;34233,73;25985,04;0;25985,04;75,9;0;898,130587;590;0;590;65,69;0;0;-56289,57;-8248,69;0;0;181,2;87,85;0;0;0;0;0;0;0;0
25/09/2026 08:30:09;25/09/2026;01/09/2026;25/09/2026;6;B;146;85;166539;110249,43;127357,34;3532,43;0;3707;3664;43;0;0;0;0;0;677,7;126679,64;76,07;72;4373;56;54;75;0;M;51;GUANABARA;0;9;2;22,22;0;0;2099,08;617,35;0;617,35;29,41;0;14,047297;4;0;4;28,48;0;0;-56289,57;-1481,73;0;0;181,2;87,85;0;0;0;0;0;0;0;0
25/09/2026 08:30:09;25/09/2026;01/09/2026;25/09/2026;6;B;146;85;166539;110249,43;127357,34;3532,43;0;3707;3664;43;0;0;0;0;0;677,7;126679,64;76,07;72;4373;56;54;75;0;M;59;CASA SUICA;0;18;12;66,67;0;0;3125,03;10056,69;0;10056,69;321,81;0;38,518792;389;0;389;1009,9;12,07;20,11;-56289,57;6931,66;0;20,11;181,2;87,85;0;0;0;0;0;0;0;0
25/09/2026 08:30:09;25/09/2026;01/09/2026;25/09/2026;6;B;146;85;166539;110249,43;127357,34;3532,43;0;3707;3664;43;0;0;0;0;0;677,7;126679,64;76,07;72;4373;56;54;75;0;M;15;QUEIJOS LELO;0;11;3;27,27;0;0;4953,85;1600,72;0;1600,72;32,31;0;28,421053;13;0;13;45,74;0;0;-56289,57;-3353,13;0;0;181,2;87,85;0;0;0;0;0;0;0;0
25/09/2026 08:30:09;25/09/2026;01/09/2026;25/09/2026;6;B;146;85;166539;110249,43;127357,34;3532,43;0;3707;3664;43;0;0;0;0;0;677,7;126679,64;76,07;72;4373;56;54;75;0;M;18;SABORELLE - RACAO;0;24;14;58,33;0;0;14278,37;6557,16;0;6557,16;45,92;0;204,907965;71;0;71;34,65;0;0;-56289,57;-7721,21;0;0;181,2;87,85;0;0;0;0;0;0;0;0
25/09/2026 08:30:09;25/09/2026;01/09/2026;25/09/2026;6;E;149;134;173280;108286,47;107479,37;2411,11;0;5481;5458;23;0;0;0;0;0;563,72;106915,65;61,7;114;4596,01;87;83;72,81;0;M;1;JAV;0;103;82;79,61;0;0;118027,08;87337,1;505,53;86831,57;73,57;0;3865,609913;3048;22;3026;78,28;0;0;-64993,53;-31195,51;0;0;420,41;71,76;0;0,3;0;0;0;0;320,75;320,75
25/09/2026 08:30:09;25/09/2026;01/09/2026;25/09/2026;19;B;411;71;145648;123391,15;90573,79;2994,64;0;3703;3586;117;0;0;0;0;0;4235,99;86337,8;59,28;60;5305,01;42;32;53,33;0;M;2;MARILAN;0;53;27;50,94;0;0;71680,45;30662,1;3274,76;27387,34;38,21;0;2311;1234;80;1154;49,94;0;0;-22256,85;-44293,11;0;0;77,6;48,5;0;0;0;0;0;0;0;0
25/09/2026 08:30:09;25/09/2026;01/09/2026;25/09/2026;19;B;411;71;145648;123391,15;90573,79;2994,64;0;3703;3586;117;0;0;0;0;0;4235,99;86337,8;59,28;60;5305,01;42;32;53,33;0;M;53;CASAKM;0;41;21;51,22;0;0;33407,07;20650,54;75;20575,54;61,59;0;1626;808;1;807;49,63;0;0;-22256,85;-12831,53;0;0;77,6;48,5;0;0;0;0;0;0;0;0
25/09/2026 08:30:09;25/09/2026;01/09/2026;25/09/2026;19;B;411;71;145648;123391,15;90573,79;2994,64;0;3703;3586;117;0;0;0;0;0;4235,99;86337,8;59,28;60;5305,01;42;32;53,33;0;M;59;CASA SUICA;0;19;13;68,42;0;0;5696;25135,94;886,23;24249,71;425,73;0;148;1122;36;1086;733,78;29,1;48,5;-22256,85;18553,71;0;48,5;77,6;48,5;0;0;0;0;0;0;0;0
25/09/2026 08:30:09;25/09/2026;01/09/2026;25/09/2026;19;B;411;71;145648;123391,15;90573,79;2994,64;0;3703;3586;117;0;0;0;0;0;4235,99;86337,8;59,28;60;5305,01;42;32;53,33;0;M;74;BRAVA;0;12;4;33,33;0;0;1019,66;834,2;0;834,2;81,81;0;57;15;0;15;26,32;0;0;-22256,85;-185,46;0;0;77,6;48,5;0;0;0;0;0;0;0;0
25/09/2026 08:30:09;25/09/2026;01/09/2026;25/09/2026;19;B;411;71;145648;123391,15;90573,79;2994,64;0;3703;3586;117;0;0;0;0;0;4235,99;86337,8;59,28;60;5305,01;42;32;53,33;0;M;47;SOFFIE;0;13;;;0;0;2290,55;;0;0;0;0;62;;;;0;0;0;-22256,85;-2290,55;0;0;77,6;48,5;0;0;0;0;0;0;0;0
25/09/2026 08:30:09;25/09/2026;01/09/2026;25/09/2026;19;B;411;71;145648;123391,15;90573,79;2994,64;0;3703;3586;117;0;0;0;0;0;4235,99;86337,8;59,28;60;5305,01;42;32;53,33;0;M;18;SABORELLE - RACAO;0;14;9;64,29;0;0;9202,86;3940,8;0;3940,8;42,82;0;84;25;0;25;29,76;0;0;-22256,85;-5262,06;0;0;77,6;48,5;0;0;0;0;0;0;0;0
25/09/2026 08:30:09;25/09/2026;01/09/2026;25/09/2026;19;B;411;71;145648;123391,15;90573,79;2994,64;0;3703;3586;117;0;0;0;0;0;4235,99;86337,8;59,28;60;5305,01;42;32;53,33;0;M;82;ZICO;0;7;2;28,57;0;0;1000;1900;0;1900;190;0;6;11;0;11;183,33;;;-22256,85;900;0;;77,6;48,5;0;0;0;0;0;0;0;0
25/09/2026 08:30:09;25/09/2026;01/09/2026;25/09/2026;19;B;411;71;145648;123391,15;90573,79;2994,64;0;3703;3586;117;0;0;0;0;0;4235,99;86337,8;59,28;60;5305,01;42;32;53,33;0;M;51;GUANABARA;0;15;;;0;0;1437,31;;0;0;0;0;3;;;;0;0;0;-22256,85;-1437,31;0;0;77,6;48,5;0;0;0;0;0;0;0;0
25/09/2026 08:30:09;25/09/2026;01/09/2026;25/09/2026;19;B;411;71;145648;123391,15;90573,79;2994,64;0;3703;3586;117;0;0;0;0;0;4235,99;86337,8;59,28;60;5305,01;42;32;53,33;0;M;15;QUEIJOS LELO;0;20;;;0;0;1000;;0;0;0;0;1;;;;0;0;0;-22256,85;-1000;0;0;77,6;48,5;0;0;0;0;0;0;0;0
25/09/2026 08:30:09;25/09/2026;01/09/2026;25/09/2026;19;B;411;71;145648;123391,15;90573,79;2994,64;0;3703;3586;117;0;0;0;0;0;4235,99;86337,8;59,28;60;5305,01;42;32;53,33;0;M;13;COPRA;0;30;14;46,67;0;0;12184,49;5019,44;0;5019,44;41,2;0;471;203;0;203;43,1;0;0;-22256,85;-7165,05;0;0;77,6;48,5;0;0;0;0;0;0;0;0
25/09/2026 08:30:09;25/09/2026;01/09/2026;25/09/2026;19;B;411;71;145648;123391,15;90573,79;2994,64;0;3703;3586;117;0;0;0;0;0;4235,99;86337,8;59,28;60;5305,01;42;32;53,33;0;M;60;RICLAN;0;24;18;75;0;0;6730,13;2430,77;0;2430,77;36,12;0;536;285;0;285;53,17;0;0;-22256,85;-4299,36;0;0;77,6;48,5;0;0;0;0;0;0;0;0
25/09/2026 08:30:09;25/09/2026;01/09/2026;25/09/2026;6;E;412;83;10256;98639,86;96133,71;2824,99;273,5;2752;2674;78;0;0;0;0;0;4965,84;91167,87;888,92;71;2454,01;40;41;57,75;0;M;2;MARILAN;0;51;34;66,67;0;0;62652,07;71973,89;4168,56;67805,33;108,23;0;1486,078905;2056;66;1990;133,91;81,37;135,61;88383,86;5153,26;273,5;135,61;725,18;454,6;0,3;0,2;0;0;0;0;182,34;182,34
25/09/2026 08:30:09;25/09/2026;01/09/2026;25/09/2026;6;E;412;83;10256;98639,86;96133,71;2824,99;273,5;2752;2674;78;0;0;0;0;0;4965,84;91167,87;888,92;71;2454,01;40;41;57,75;0;M;13;COPRA;0;17;9;52,94;0;0;5034,85;2118,19;797,28;1320,91;26,24;0;169,742758;55;12;43;25,33;0;0;88383,86;-3713,94;273,5;0;725,18;454,6;0,3;0,2;0;0;0;0;182,34;182,34
25/09/2026 08:30:09;25/09/2026;01/09/2026;25/09/2026;6;E;412;83;10256;98639,86;96133,71;2824,99;273,5;2752;2674;78;0;0;0;0;0;4965,84;91167,87;888,92;71;2454,01;40;41;57,75;0;M;18;SABORELLE - RACAO;0;13;5;38,46;0;0;5451,22;1493,4;0;1493,4;27,4;0;45,382301;8;0;8;17,63;0;0;88383,86;-3957,82;273,5;0;725,18;454,6;0,3;0,2;0;0;0;0;182,34;182,34
25/09/2026 08:30:09;25/09/2026;01/09/2026;25/09/2026;6;E;412;83;10256;98639,86;96133,71;2824,99;273,5;2752;2674;78;0;0;0;0;0;4965,84;91167,87;888,92;71;2454,01;40;41;57,75;0;M;82;ZICO;0;6;;;0;0;1000;;0;0;0;0;5;;;;0;0;0;88383,86;-1000;273,5;0;725,18;454,6;0,3;0,2;0;0;0;0;182,34;182,34
25/09/2026 08:30:09;25/09/2026;01/09/2026;25/09/2026;6;E;412;83;10256;98639,86;96133,71;2824,99;273,5;2752;2674;78;0;0;0;0;0;4965,84;91167,87;888,92;71;2454,01;40;41;57,75;0;M;47;SOFFIE;0;4;;;0;0;1500;;0;0;0;0;1,426744;;;;0;0;0;88383,86;-1500;273,5;0;725,18;454,6;0,3;0,2;0;0;0;0;182,34;182,34
25/09/2026 08:30:09;25/09/2026;01/09/2026;25/09/2026;6;E;412;83;10256;98639,86;96133,71;2824,99;273,5;2752;2674;78;0;0;0;0;0;4965,84;91167,87;888,92;71;2454,01;40;41;57,75;0;M;53;CASAKM;0;23;16;69,57;0;0;15005,64;13098,04;0;13098,04;87,29;0;483,109955;273;0;273;56,51;0;34,05;88383,86;-1907,6;273,5;34,05;725,18;454,6;0,3;0,2;0;0;0;0;182,34;182,34
25/09/2026 08:30:09;25/09/2026;01/09/2026;25/09/2026;6;E;412;83;10256;98639,86;96133,71;2824,99;273,5;2752;2674;78;0;0;0;0;0;4965,84;91167,87;888,92;71;2454,01;40;41;57,75;0;M;74;BRAVA;0;10;2;20;0;0;1016,95;100,4;0;100,4;9,87;0;4,235491;2;0;2;47,22;0;0;88383,86;-916,55;273,5;0;725,18;454,6;0,3;0,2;0;0;0;0;182,34;182,34
25/09/2026 08:30:09;25/09/2026;01/09/2026;25/09/2026;6;E;412;83;10256;98639,86;96133,71;2824,99;273,5;2752;2674;78;0;0;0;0;0;4965,84;91167,87;888,92;71;2454,01;40;41;57,75;0;M;60;RICLAN;0;13;7;53,85;0;0;2401,82;1056,99;0;1056,99;44,01;0;200,462791;97;0;97;48,39;0;0;88383,86;-1344,83;273,5;0;725,18;454,6;0,3;0,2;0;0;0;0;182,34;182,34
25/09/2026 08:30:09;25/09/2026;01/09/2026;25/09/2026;6;E;412;83;10256;98639,86;96133,71;2824,99;273,5;2752;2674;78;0;0;0;0;0;4965,84;91167,87;888,92;71;2454,01;40;41;57,75;0;M;51;GUANABARA;0;4;1;25;0;0;1672,33;120,03;0;120,03;7,18;0;24,40473;1;0;1;4,1;0;0;88383,86;-1552,3;273,5;0;725,18;454,6;0,3;0,2;0;0;0;0;182,34;182,34
25/09/2026 08:30:09;25/09/2026;01/09/2026;25/09/2026;6;E;412;83;10256;98639,86;96133,71;2824,99;273,5;2752;2674;78;0;0;0;0;0;4965,84;91167,87;888,92;71;2454,01;40;41;57,75;0;M;15;QUEIJOS LELO;0;11;1;9,09;0;0;1471,03;277,91;0;277,91;18,89;0;10,473684;2;0;2;19,1;0;0;88383,86;-1193,12;273,5;0;725,18;454,6;0,3;0,2;0;0;0;0;182,34;182,34
25/09/2026 08:30:09;25/09/2026;01/09/2026;25/09/2026;6;E;412;83;10256;98639,86;96133,71;2824,99;273,5;2752;2674;78;0;0;0;0;0;4965,84;91167,87;888,92;71;2454,01;40;41;57,75;0;M;81;TOP CAU;0;6;;;0;0;1000;;0;0;0;0;5;;;;0;0;0;88383,86;-1000;273,5;0;725,18;454,6;0,3;0,2;0;0;0;0;182,34;182,34
25/09/2026 08:30:09;25/09/2026;01/09/2026;25/09/2026;6;E;412;83;10256;98639,86;96133,71;2824,99;273,5;2752;2674;78;0;0;0;0;0;4965,84;91167,87;888,92;71;2454,01;40;41;57,75;0;M;59;CASA SUICA;0;13;6;46,15;0;0;2050,17;5721,46;0;5721,46;279,07;0;19,259396;243;0;243;1261,72;6,87;11,44;88383,86;3671,29;273,5;11,44;725,18;454,6;0,3;0,2;0;0;0;0;182,34;182,34
25/09/2026 08:30:09;25/09/2026;01/09/2026;25/09/2026;26;E;413;79;91222;70043,52;61072,18;2002,7;0;2938;2936;2;0;0;0;0;0;66,78;61005,4;66,88;67;2308,01;51;47;70,15;0;M;13;COPRA;0;17;16;94,12;7,73;0;5271,24;2351,13;8,1;2343,03;44,45;0;92;60;1;59;64,13;0;0;-21178,48;-2928,21;0;7,73;351,73;104,98;0;0,3;0;0;0;0;183,02;183,02
25/09/2026 08:30:09;25/09/2026;01/09/2026;25/09/2026;26;E;413;79;91222;70043,52;61072,18;2002,7;0;2938;2936;2;0;0;0;0;0;66,78;61005,4;66,88;67;2308,01;51;47;70,15;0;M;69;GAMELEIRA;0;2;1;50;0;0;183,14;77,76;0;77,76;42,46;0;0;1;0;1;;0;0;-21178,48;-105,38;0;0;351,73;104,98;0;0,3;0;0;0;0;183,02;183,02
25/09/2026 08:30:09;25/09/2026;01/09/2026;25/09/2026;26;E;413;79;91222;70043,52;61072,18;2002,7;0;2938;2936;2;0;0;0;0;0;66,78;61005,4;66,88;67;2308,01;51;47;70,15;0;M;84;CAPRICHE;0;23;33;143,48;;0;2702,3;1846,28;0;1846,28;68,32;0;243;110;0;110;45,27;0;0;-21178,48;-856,02;0;;351,73;104,98;0;0,3;0;0;0;0;183,02;183,02
25/09/2026 08:30:09;25/09/2026;01/09/2026;25/09/2026;26;E;413;79;91222;70043,52;61072,18;2002,7;0;2938;2936;2;0;0;0;0;0;66,78;61005,4;66,88;67;2308,01;51;47;70,15;0;M;51;GUANABARA;0;7;1;14,29;0;0;668,26;734,5;0;734,5;109,91;0;5;5;0;5;100;2,79;4,77;-21178,48;66,24;0;4,77;351,73;104,98;0;0,3;0;0;0;0;183,02;183,02
25/09/2026 08:30:09;25/09/2026;01/09/2026;25/09/2026;26;E;413;79;91222;70043,52;61072,18;2002,7;0;2938;2936;2;0;0;0;0;0;66,78;61005,4;66,88;67;2308,01;51;47;70,15;0;M;6;SOL BEBIDAS;0;5;3;60;0;0;512,57;226,9;0;226,9;44,27;0;10;6;0;6;60;0;0;-21178,48;-285,67;0;0;351,73;104,98;0;0,3;0;0;0;0;183,02;183,02
25/09/2026 08:30:09;25/09/2026;01/09/2026;25/09/2026;6;E;149;134;173280;108286,47;107479,37;2411,11;0;5481;5458;23;0;0;0;0;0;563,72;106915,65;61,7;114;4596,01;87;83;72,81;0;M;63;BRACELL;0;15;10;66,67;0;0;12166,72;6891,95;58,19;6833,76;56,17;0;100,413427;188;1;187;186,23;21,18;0;-64993,53;-5332,96;0;0;420,41;71,76;0;0,3;0;0;0;0;320,75;320,75
25/09/2026 08:30:09;25/09/2026;01/09/2026;25/09/2026;6;E;149;134;173280;108286,47;107479,37;2411,11;0;5481;5458;23;0;0;0;0;0;563,72;106915,65;61,7;114;4596,01;87;83;72,81;0;M;52;GREEN;0;19;16;84,21;0;0;5362,02;2965,47;0;2965,47;55,31;0;83,095285;52;0;52;62,58;0;0;-64993,53;-2396,55;0;0;420,41;71,76;0;0,3;0;0;0;0;320,75;320,75
25/09/2026 08:30:09;25/09/2026;01/09/2026;25/09/2026;6;E;149;134;173280;108286,47;107479,37;2411,11;0;5481;5458;23;0;0;0;0;0;563,72;106915,65;61,7;114;4596,01;87;83;72,81;0;M;74;BRAVA;0;15;3;20;0;0;15421,97;276,6;0;276,6;1,79;0;70,591518;5;0;5;7,08;0;0;-64993,53;-15145,37;0;0;420,41;71,76;0;0,3;0;0;0;0;320,75;320,75
25/09/2026 08:30:09;25/09/2026;01/09/2026;25/09/2026;6;E;149;134;173280;108286,47;107479,37;2411,11;0;5481;5458;23;0;0;0;0;0;563,72;106915,65;61,7;114;4596,01;87;83;72,81;0;M;6;SOL BEBIDAS;0;10;4;40;0;0;2762,27;532,28;0;532,28;19,27;0;24,265086;11;0;11;45,33;0;0;-64993,53;-2229,99;0;0;420,41;71,76;0;0,3;0;0;0;0;320,75;320,75
25/09/2026 08:30:09;25/09/2026;01/09/2026;25/09/2026;6;E;149;134;173280;108286,47;107479,37;2411,11;0;5481;5458;23;0;0;0;0;0;563,72;106915,65;61,7;114;4596,01;87;83;72,81;0;M;69;GAMELEIRA;0;10;7;70;0;0;1611,66;1768,6;0;1768,6;109,74;0;24,059108;30;0;30;124,69;6,72;8,84;-64993,53;156,94;0;8,84;420,41;71,76;0;0,3;0;0;0;0;320,75;320,75
25/09/2026 08:30:09;25/09/2026;01/09/2026;25/09/2026;6;E;149;134;173280;108286,47;107479,37;2411,11;0;5481;5458;23;0;0;0;0;0;563,72;106915,65;61,7;114;4596,01;87;83;72,81;0;M;61;DAVENE;0;15;;;0;0;1424,66;;0;0;0;0;45,181651;;;;0;0;0;-64993,53;-1424,66;0;0;420,41;71,76;0;0,3;0;0;0;0;320,75;320,75
25/09/2026 08:30:09;25/09/2026;01/09/2026;25/09/2026;6;E;149;134;173280;108286,47;107479,37;2411,11;0;5481;5458;23;0;0;0;0;0;563,72;106915,65;61,7;114;4596,01;87;83;72,81;0;M;83;ROBINSON CRUSOE;0;12;14;116,67;60,92;0;8112,37;5076,4;0;5076,4;62,58;0;57,730909;39;0;39;67,55;0;0;-64993,53;-3035,97;0;60,92;420,41;71,76;0;0,3;0;0;0;0;320,75;320,75
25/09/2026 08:30:09;25/09/2026;01/09/2026;25/09/2026;6;E;149;134;173280;108286,47;107479,37;2411,11;0;5481;5458;23;0;0;0;0;0;563,72;106915,65;61,7;114;4596,01;87;83;72,81;0;M;65;MATUTA;0;10;2;20;0;0;2047,52;451,68;0;451,68;22,06;0;14,806452;12;0;12;81,05;0;0;-64993,53;-1595,84;0;0;420,41;71,76;0;0,3;0;0;0;0;320,75;320,75
25/09/2026 08:30:09;25/09/2026;01/09/2026;25/09/2026;6;E;149;134;173280;108286,47;107479,37;2411,11;0;5481;5458;23;0;0;0;0;0;563,72;106915,65;61,7;114;4596,01;87;83;72,81;0;M;44;JDE;0;105;72;68,57;0;0;160555,14;59215,63;0;59215,63;36,88;0;3658,54719;1984;0;1984;54,23;0;0;-64993,53;-101339,51;0;0;420,41;71,76;0;0,3;0;0;0;0;320,75;320,75
25/09/2026 08:30:09;25/09/2026;01/09/2026;25/09/2026;6;E;149;134;173280;108286,47;107479,37;2411,11;0;5481;5458;23;0;0;0;0;0;563,72;106915,65;61,7;114;4596,01;87;83;72,81;0;M;66;COCO SHOW;0;30;14;46,67;0;0;5998,61;1713,99;0;1713,99;28,57;0;304,529536;106;0;106;34,81;0;0;-64993,53;-4284,62;0;0;420,41;71,76;0;0,3;0;0;0;0;320,75;320,75
25/09/2026 08:30:09;25/09/2026;01/09/2026;25/09/2026;6;E;149;134;173280;108286,47;107479,37;2411,11;0;5481;5458;23;0;0;0;0;0;563,72;106915,65;61,7;114;4596,01;87;83;72,81;0;M;72;FRANBA;0;10;3;30;0;0;345,58;400,32;0;400,32;115,84;0;5,923636;4;0;4;67,53;0;2;-64993,53;54,74;0;2;420,41;71,76;0;0,3;0;0;0;0;320,75;320,75
25/09/2026 08:30:09;25/09/2026;01/09/2026;25/09/2026;20;E;191;148;123797;100985,69;90111,86;2120,11;0;5168;4993;175;0;0;0;0;0;2218,44;87893,42;71;126;4783,01;103;92;73,02;0;M;1;JAV;0;120;89;74,17;0;0;94962,76;76059,74;1553,91;74505,83;78,46;0;3827,10829;3080;91;2989;78,1;0;0;-22811,31;-20456,93;0;0;178,22;2,43;0;0,2;0;0;0;0;175,79;175,79
25/09/2026 08:30:09;25/09/2026;01/09/2026;25/09/2026;20;E;191;148;123797;100985,69;90111,86;2120,11;0;5168;4993;175;0;0;0;0;0;2218,44;87893,42;71;126;4783,01;103;92;73,02;0;M;44;JDE;0;96;67;69,79;0;0;205290,25;70866,94;3923,41;66943,53;32,61;0;2355,3716;1552;48;1504;63,85;0;0;-22811,31;-138346,72;0;0;178,22;2,43;0;0,2;0;0;0;0;175,79;175,79
25/09/2026 08:30:09;25/09/2026;01/09/2026;25/09/2026;20;E;191;148;123797;100985,69;90111,86;2120,11;0;5168;4993;175;0;0;0;0;0;2218,44;87893,42;71;126;4783,01;103;92;73,02;0;M;63;BRACELL;0;24;19;79,17;0;0;8100,03;6655,06;406,4;6248,66;77,14;0;315,713515;257;32;225;71,27;0;0;-22811,31;-1851,37;0;0;178,22;2,43;0;0,2;0;0;0;0;175,79;175,79
25/09/2026 08:30:09;25/09/2026;01/09/2026;25/09/2026;20;E;191;148;123797;100985,69;90111,86;2120,11;0;5168;4993;175;0;0;0;0;0;2218,44;87893,42;71;126;4783,01;103;92;73,02;0;M;66;COCO SHOW;0;46;24;52,17;0;0;9500,57;3783,78;175,58;3608,2;37,98;0;488,257382;212;3;209;42,81;0;0;-22811,31;-5892,37;0;0;178,22;2,43;0;0,2;0;0;0;0;175,79;175,79
25/09/2026 08:30:09;25/09/2026;01/09/2026;25/09/2026;20;E;191;148;123797;100985,69;90111,86;2120,11;0;5168;4993;175;0;0;0;0;0;2218,44;87893,42;71;126;4783,01;103;92;73,02;0;M;72;FRANBA;0;16;3;18,75;0;0;1000,22;263,89;82,55;181,34;18,13;0;11,428571;3;1;2;17,5;0;0;-22811,31;-818,88;0;0;178,22;2,43;0;0,2;0;0;0;0;175,79;175,79
25/09/2026 08:30:09;25/09/2026;01/09/2026;25/09/2026;20;E;191;148;123797;100985,69;90111,86;2120,11;0;5168;4993;175;0;0;0;0;0;2218,44;87893,42;71;126;4783,01;103;92;73,02;0;M;74;BRAVA;0;9;2;22,22;0;0;1000;179,34;0;179,34;17,93;0;25,164205;3;0;3;11,92;0;0;-22811,31;-820,66;0;0;178,22;2,43;0;0,2;0;0;0;0;175,79;175,79
25/09/2026 08:30:09;25/09/2026;01/09/2026;25/09/2026;20;E;191;148;123797;100985,69;90111,86;2120,11;0;5168;4993;175;0;0;0;0;0;2218,44;87893,42;71;126;4783,01;103;92;73,02;0;M;61;DAVENE;0;9;1;11,11;0;0;1300,53;65,92;0;65,92;5,07;0;21,2625;4;0;4;18,81;0;0;-22811,31;-1234,61;0;0;178,22;2,43;0;0,2;0;0;0;0;175,79;175,79
25/09/2026 08:30:09;25/09/2026;01/09/2026;25/09/2026;20;E;191;148;123797;100985,69;90111,86;2120,11;0;5168;4993;175;0;0;0;0;0;2218,44;87893,42;71;126;4783,01;103;92;73,02;0;M;6;SOL BEBIDAS;0;18;3;16,67;0;0;1500,48;517,49;0;517,49;34,49;0;31,578947;14;0;14;44,33;0;0;-22811,31;-982,99;0;0;178,22;2,43;0;0,2;0;0;0;0;175,79;175,79
25/09/2026 08:30:09;25/09/2026;01/09/2026;25/09/2026;20;E;191;148;123797;100985,69;90111,86;2120,11;0;5168;4993;175;0;0;0;0;0;2218,44;87893,42;71;126;4783,01;103;92;73,02;0;M;69;GAMELEIRA;0;11;9;81,82;0;0;1000,08;972,98;0;972,98;97,29;0;22,365957;19;0;19;84,95;0;2,43;-22811,31;-27,1;0;2,43;178,22;2,43;0;0,2;0;0;0;0;175,79;175,79
25/09/2026 08:30:09;25/09/2026;01/09/2026;25/09/2026;20;E;191;148;123797;100985,69;90111,86;2120,11;0;5168;4993;175;0;0;0;0;0;2218,44;87893,42;71;126;4783,01;103;92;73,02;0;M;82;ZICO;0;8;;;0;0;1200;;0;0;0;0;3;;;;0;0;0;-22811,31;-1200;0;0;178,22;2,43;0;0,2;0;0;0;0;175,79;175,79
25/09/2026 08:30:09;25/09/2026;01/09/2026;25/09/2026;20;E;191;148;123797;100985,69;90111,86;2120,11;0;5168;4993;175;0;0;0;0;0;2218,44;87893,42;71;126;4783,01;103;92;73,02;0;M;52;GREEN;0;10;7;70;0;0;1232,22;622,07;0;622,07;50,48;0;17,25;12;0;12;69,57;0;0;-22811,31;-610,15;0;0;178,22;2,43;0;0,2;0;0;0;0;175,79;175,79
25/09/2026 08:30:09;25/09/2026;01/09/2026;25/09/2026;20;E;191;148;123797;100985,69;90111,86;2120,11;0;5168;4993;175;0;0;0;0;0;2218,44;87893,42;71;126;4783,01;103;92;73,02;0;M;83;ROBINSON CRUSOE;0;10;2;20;0;0;3000,78;543,5;0;543,5;18,11;0;20,75;4;0;4;19,28;0;0;-22811,31;-2457,28;0;0;178,22;2,43;0;0,2;0;0;0;0;175,79;175,79
25/09/2026 08:30:09;25/09/2026;01/09/2026;25/09/2026;27;E;194;120;198019;127358,34;107248,94;2343,46;0;5559;5407;152;0;0;0;0;0;4099,42;103149,52;52,09;102;7222;80;78;76,47;0;M;1;JAV;0;92;75;81,52;0;0;142834,21;85911,93;2563,09;83348,84;58,35;0;5346;3497;90;3407;63,73;0;0;-70660,66;-59485,37;0;0;71,94;58,96;0;0;0;0;0;0;0;0
25/09/2026 08:30:09;25/09/2026;01/09/2026;25/09/2026;27;E;194;120;198019;127358,34;107248,94;2343,46;0;5559;5407;152;0;0;0;0;0;4099,42;103149,52;52,09;102;7222;80;78;76,47;0;M;44;JDE;0;76;48;63,16;0;0;113262,37;60098,57;786,14;59312,43;52,37;0;2971;1510;4;1506;50,69;0;0;-70660,66;-53949,94;0;0;71,94;58,96;0;0;0;0;0;0;0;0
25/09/2026 08:30:09;25/09/2026;01/09/2026;25/09/2026;27;E;194;120;198019;127358,34;107248,94;2343,46;0;5559;5407;152;0;0;0;0;0;4099,42;103149,52;52,09;102;7222;80;78;76,47;0;M;63;BRACELL;0;25;20;80;0;0;9133,59;7792,43;1426,92;6365,51;69,69;0;283;243;54;189;66,78;0;0;-70660,66;-2768,08;0;0;71,94;58,96;0;0;0;0;0;0;0;0
25/09/2026 08:30:09;25/09/2026;01/09/2026;25/09/2026;27;E;194;120;198019;127358,34;107248,94;2343,46;0;5559;5407;152;0;0;0;0;0;4099,42;103149,52;52,09;102;7222;80;78;76,47;0;M;65;MATUTA;0;12;3;25;0;0;1471,18;341,01;44,36;296,65;20,16;0;58;7;1;6;10,34;0;0;-70660,66;-1174,53;0;0;71,94;58,96;0;0;0;0;0;0;0;0
25/09/2026 08:30:09;25/09/2026;01/09/2026;25/09/2026;27;E;194;120;198019;127358,34;107248,94;2343,46;0;5559;5407;152;0;0;0;0;0;4099,42;103149,52;52,09;102;7222;80;78;76,47;0;M;66;COCO SHOW;0;29;20;68,97;0;0;3040,89;1339,77;19,97;1319,8;43,4;0;187;93;2;91;48,66;0;0;-70660,66;-1721,09;0;0;71,94;58,96;0;0;0;0;0;0;0;0
25/09/2026 08:30:09;25/09/2026;01/09/2026;25/09/2026;26;E;413;79;91222;70043,52;61072,18;2002,7;0;2938;2936;2;0;0;0;0;0;66,78;61005,4;66,88;67;2308,01;51;47;70,15;0;M;82;ZICO;0;11;2;18,18;0;0;3972,45;1997,8;0;1997,8;50,29;0;27;11;0;11;40,74;0;0;-21178,48;-1974,65;0;0;351,73;104,98;0;0,3;0;0;0;0;183,02;183,02
25/09/2026 08:30:09;25/09/2026;01/09/2026;25/09/2026;26;E;413;79;91222;70043,52;61072,18;2002,7;0;2938;2936;2;0;0;0;0;0;66,78;61005,4;66,88;67;2308,01;51;47;70,15;0;M;66;COCO SHOW;0;10;7;70;0;0;3426;855,93;0;855,93;24,98;0;80;46;0;46;57,5;0;0;-21178,48;-2570,07;0;0;351,73;104,98;0;0,3;0;0;0;0;183,02;183,02
25/09/2026 08:30:09;25/09/2026;01/09/2026;25/09/2026;26;E;413;79;91222;70043,52;61072,18;2002,7;0;2938;2936;2;0;0;0;0;0;66,78;61005,4;66,88;67;2308,01;51;47;70,15;0;M;60;RICLAN;0;14;20;142,86;11,83;0;1165,28;910,2;0;910,2;78,11;0;59;101;0;101;171,19;3,46;0;-21178,48;-255,08;0;11,83;351,73;104,98;0;0,3;0;0;0;0;183,02;183,02
25/09/2026 08:30:09;25/09/2026;01/09/2026;25/09/2026;26;E;413;79;91222;70043,52;61072,18;2002,7;0;2938;2936;2;0;0;0;0;0;66,78;61005,4;66,88;67;2308,01;51;47;70,15;0;M;61;DAVENE;0;5;;;0;0;236,81;;0;0;0;0;3;;;;0;0;0;-21178,48;-236,81;0;0;351,73;104,98;0;0,3;0;0;0;0;183,02;183,02
25/09/2026 08:30:09;25/09/2026;01/09/2026;25/09/2026;26;E;413;79;91222;70043,52;61072,18;2002,7;0;2938;2936;2;0;0;0;0;0;66,78;61005,4;66,88;67;2308,01;51;47;70,15;0;M;44;JDE;0;36;28;77,78;0;0;110204,02;25264,92;0;25264,92;22,93;0;558;288;0;288;51,61;0;0;-21178,48;-84939,1;0;0;351,73;104,98;0;0,3;0;0;0;0;183,02;183,02
25/09/2026 08:30:09;25/09/2026;01/09/2026;25/09/2026;26;E;413;79;91222;70043,52;61072,18;2002,7;0;2938;2936;2;0;0;0;0;0;66,78;61005,4;66,88;67;2308,01;51;47;70,15;0;M;65;MATUTA;0;10;1;10;0;0;1005,98;693,15;0;693,15;68,9;0;0;15;0;15;;0;0;-21178,48;-312,83;0;0;351,73;104,98;0;0,3;0;0;0;0;183,02;183,02
25/09/2026 08:30:09;25/09/2026;01/09/2026;25/09/2026;26;E;413;79;91222;70043,52;61072,18;2002,7;0;2938;2936;2;0;0;0;0;0;66,78;61005,4;66,88;67;2308,01;51;47;70,15;0;M;63;BRACELL;0;7;7;100;14,68;0;1903,46;1835,46;0;1835,46;96,43;0;53;70;0;70;132,08;5,69;4,77;-21178,48;-68;0;19,45;351,73;104,98;0;0,3;0;0;0;0;183,02;183,02
25/09/2026 08:30:09;25/09/2026;01/09/2026;25/09/2026;26;E;413;79;91222;70043,52;61072,18;2002,7;0;2938;2936;2;0;0;0;0;0;66,78;61005,4;66,88;67;2308,01;51;47;70,15;0;M;74;BRAVA;0;9;2;22,22;0;0;2688,79;160,34;0;160,34;5,96;0;22;3;0;3;13,64;0;0;-21178,48;-2528,45;0;0;351,73;104,98;0;0,3;0;0;0;0;183,02;183,02
25/09/2026 08:30:09;25/09/2026;01/09/2026;25/09/2026;26;E;413;79;91222;70043,52;61072,18;2002,7;0;2938;2936;2;0;0;0;0;0;66,78;61005,4;66,88;67;2308,01;51;47;70,15;0;M;53;CASAKM;0;11;7;63,64;0;0;4008,65;1801,41;0;1801,41;44,94;0;53;33;0;33;62,26;0;0;-21178,48;-2207,24;0;0;351,73;104,98;0;0,3;0;0;0;0;183,02;183,02
25/09/2026 08:30:09;25/09/2026;01/09/2026;25/09/2026;26;E;413;79;91222;70043,52;61072,18;2002,7;0;2938;2936;2;0;0;0;0;0;66,78;61005,4;66,88;67;2308,01;51;47;70,15;0;M;18;SABORELLE - RACAO;0;2;2;100;4,37;0;121,36;335,93;0;335,93;276,8;0;0;11;0;11;;0;1,75;-21178,48;214,57;0;6,12;351,73;104,98;0;0,3;0;0;0;0;183,02;183,02
25/09/2026 08:30:09;25/09/2026;01/09/2026;25/09/2026;26;E;413;79;91222;70043,52;61072,18;2002,7;0;2938;2936;2;0;0;0;0;0;66,78;61005,4;66,88;67;2308,01;51;47;70,15;0;M;47;SOFFIE;0;10;;;0;0;136,59;;0;0;0;0;2;;;;0;0;0;-21178,48;-136,59;0;0;351,73;104,98;0;0,3;0;0;0;0;183,02;183,02
25/09/2026 08:30:09;25/09/2026;01/09/2026;25/09/2026;26;E;413;79;91222;70043,52;61072,18;2002,7;0;2938;2936;2;0;0;0;0;0;66,78;61005,4;66,88;67;2308,01;51;47;70,15;0;M;1;JAV;0;44;40;90,91;53,66;0;60487,57;41278,96;0;41278,96;68,24;0;1639;2000;0;2000;122,03;49,53;0;-21178,48;-19208,61;0;53,66;351,73;104,98;0;0,3;0;0;0;0;183,02;183,02
25/09/2026 08:30:09;25/09/2026;01/09/2026;25/09/2026;26;E;413;79;91222;70043,52;61072,18;2002,7;0;2938;2936;2;0;0;0;0;0;66,78;61005,4;66,88;67;2308,01;51;47;70,15;0;M;83;ROBINSON CRUSOE;0;2;1;50;0;0;265,6;257,8;0;257,8;97,06;0;0;2;0;2;;0;1,42;-21178,48;-7,8;0;1,42;351,73;104,98;0;0,3;0;0;0;0;183,02;183,02
25/09/2026 08:30:09;25/09/2026;01/09/2026;25/09/2026;26;E;413;79;91222;70043,52;61072,18;2002,7;0;2938;2936;2;0;0;0;0;0;66,78;61005,4;66,88;67;2308,01;51;47;70,15;0;M;15;QUEIJOS LELO;0;3;;;0;0;198,37;;0;0;0;0;0;;;;;0;0;-21178,48;-198,37;0;0;351,73;104,98;0;0,3;0;0;0;0;183,02;183,02
25/09/2026 08:30:09;25/09/2026;01/09/2026;25/09/2026;26;E;413;79;91222;70043,52;61072,18;2002,7;0;2938;2936;2;0;0;0;0;0;66,78;61005,4;66,88;67;2308,01;51;47;70,15;0;M;72;FRANBA;0;6;1;16,67;0;0;674,82;82,55;0;82,55;12,23;0;1;1;0;1;100;0,31;0;-21178,48;-592,27;0;0;351,73;104,98;0;0,3;0;0;0;0;183,02;183,02
25/09/2026 08:30:09;25/09/2026;01/09/2026;25/09/2026;26;E;413;79;91222;70043,52;61072,18;2002,7;0;2938;2936;2;0;0;0;0;0;66,78;61005,4;66,88;67;2308,01;51;47;70,15;0;M;52;GREEN;0;7;5;71,43;0;0;1592,96;512,19;0;512,19;32,15;0;19;20;0;20;105,26;1,95;0;-21178,48;-1080,77;0;0;351,73;104,98;0;0,3;0;0;0;0;183,02;183,02
25/09/2026 08:30:09;25/09/2026;01/09/2026;25/09/2026;6;E;424;141;170715;141667,99;140444,53;2475,6;0;5515;5460;55;0;0;0;0;0;2652,97;137791,56;80,71;120;5440;75;72;60;0;M;2;MARILAN;0;85;62;72,94;0;0;98315,72;91292,25;425,01;90867,24;92,42;0;2899,39727;3966;13;3953;136,34;109,04;72,69;-29047,01;-7448,48;0;72,69;499,13;88,5;0;0,2;0;0;0;0;275,58;275,58
25/09/2026 08:30:09;25/09/2026;01/09/2026;25/09/2026;6;E;424;141;170715;141667,99;140444,53;2475,6;0;5515;5460;55;0;0;0;0;0;2652,97;137791,56;80,71;120;5440;75;72;60;0;M;18;SABORELLE - RACAO;0;18;11;61,11;0;0;5071,41;4749,04;439,97;4309,07;84,97;0;63,260177;72;2;70;110,65;13,36;0;-29047,01;-762,34;0;0;499,13;88,5;0;0,2;0;0;0;0;275,58;275,58
25/09/2026 08:30:09;25/09/2026;01/09/2026;25/09/2026;6;E;424;141;170715;141667,99;140444,53;2475,6;0;5515;5460;55;0;0;0;0;0;2652,97;137791,56;80,71;120;5440;75;72;60;0;M;53;CASAKM;0;64;33;51,56;0;0;33977,01;20902,55;1478,76;19423,79;57,17;0;1217,501933;441;22;419;34,41;0;0;-29047,01;-14553,22;0;0;499,13;88,5;0;0,2;0;0;0;0;275,58;275,58
25/09/2026 08:30:09;25/09/2026;01/09/2026;25/09/2026;6;E;424;141;170715;141667,99;140444,53;2475,6;0;5515;5460;55;0;0;0;0;0;2652,97;137791,56;80,71;120;5440;75;72;60;0;M;60;RICLAN;0;58;30;51,72;0;0;6521,67;2468,7;259,03;2209,67;33,88;0;479,072093;196;17;179;37,36;0;0;-29047,01;-4312;0;0;499,13;88,5;0;0,2;0;0;0;0;275,58;275,58
25/09/2026 08:30:09;25/09/2026;01/09/2026;25/09/2026;6;E;424;141;170715;141667,99;140444,53;2475,6;0;5515;5460;55;0;0;0;0;0;2652,97;137791,56;80,71;120;5440;75;72;60;0;M;74;BRAVA;0;21;3;14,29;0;0;3061,21;156,4;50,2;106,2;3,47;0;28,236607;3;1;2;7,08;0;0;-29047,01;-2955,01;0;0;499,13;88,5;0;0,2;0;0;0;0;275,58;275,58
25/09/2026 08:30:09;25/09/2026;01/09/2026;25/09/2026;6;E;424;141;170715;141667,99;140444,53;2475,6;0;5515;5460;55;0;0;0;0;0;2652,97;137791,56;80,71;120;5440;75;72;60;0;M;82;ZICO;0;43;;;0;0;2500;;0;0;0;0;47,115;;;;0;0;0;-29047,01;-2500;0;0;499,13;88,5;0;0,2;0;0;0;0;275,58;275,58
25/09/2026 08:30:09;25/09/2026;01/09/2026;25/09/2026;6;E;424;141;170715;141667,99;140444,53;2475,6;0;5515;5460;55;0;0;0;0;0;2652,97;137791,56;80,71;120;5440;75;72;60;0;M;59;CASA SUICA;0;19;16;84,21;0;0;3204,47;10537,63;0;10537,63;328,84;0;78,413255;504;0;504;642,75;12,65;15,81;-29047,01;7333,16;0;15,81;499,13;88,5;0;0,2;0;0;0;0;275,58;275,58
25/09/2026 08:30:09;25/09/2026;01/09/2026;25/09/2026;6;E;424;141;170715;141667,99;140444,53;2475,6;0;5515;5460;55;0;0;0;0;0;2652,97;137791,56;80,71;120;5440;75;72;60;0;M;13;COPRA;0;57;24;42,11;0;0;11154,92;8006,36;0;8006,36;71,77;0;474,109082;305;0;305;64,33;0;0;-29047,01;-3148,56;0;0;499,13;88,5;0;0,2;0;0;0;0;275,58;275,58
25/09/2026 08:30:09;25/09/2026;01/09/2026;25/09/2026;6;E;424;141;170715;141667,99;140444,53;2475,6;0;5515;5460;55;0;0;0;0;0;2652,97;137791,56;80,71;120;5440;75;72;60;0;M;51;GUANABARA;0;21;1;4,76;0;0;3192,36;1138,41;0;1138,41;35,66;0;44,951351;8;0;8;17,8;0;0;-29047,01;-2053,95;0;0;499,13;88,5;0;0,2;0;0;0;0;275,58;275,58
25/09/2026 08:30:09;25/09/2026;01/09/2026;25/09/2026;6;E;424;141;170715;141667,99;140444,53;2475,6;0;5515;5460;55;0;0;0;0;0;2652,97;137791,56;80,71;120;5440;75;72;60;0;M;47;SOFFIE;0;30;;;0;0;1740,58;;0;0;0;0;94,165116;;;;0;0;0;-29047,01;-1740,58;0;0;499,13;88,5;0;0,2;0;0;0;0;275,58;275,58
25/09/2026 08:30:09;25/09/2026;01/09/2026;25/09/2026;6;E;424;141;170715;141667,99;140444,53;2475,6;0;5515;5460;55;0;0;0;0;0;2652,97;137791,56;80,71;120;5440;75;72;60;0;M;81;TOP CAU;0;0;;;0;0;500;;0;0;0;0;5;;;;0;0;0;-29047,01;-500;0;0;499,13;88,5;0;0,2;0;0;0;0;275,58;275,58
25/09/2026 08:30:09;25/09/2026;01/09/2026;25/09/2026;6;E;424;141;170715;141667,99;140444,53;2475,6;0;5515;5460;55;0;0;0;0;0;2652,97;137791,56;80,71;120;5440;75;72;60;0;M;15;QUEIJOS LELO;0;23;7;30,43;0;0;1475,74;1113,27;0;1113,27;75,44;0;9,473684;8;0;8;84,44;0;0;-29047,01;-362,47;0;0;499,13;88,5;0;0,2;0;0;0;0;275,58;275,58
25/09/2026 08:30:09;25/09/2026;01/09/2026;25/09/2026;27;E;194;120;198019;127358,34;107248,94;2343,46;0;5559;5407;152;0;0;0;0;0;4099,42;103149,52;52,09;102;7222;80;78;76,47;0;M;69;GAMELEIRA;0;10;10;100;30,25;0;1816,49;2372,14;45,08;2327,06;128,11;0;73;48;1;47;64,38;0;11,64;-70660,66;510,57;0;41,89;71,94;58,96;0;0;0;0;0;0;0;0
25/09/2026 08:30:09;25/09/2026;01/09/2026;25/09/2026;27;E;194;120;198019;127358,34;107248,94;2343,46;0;5559;5407;152;0;0;0;0;0;4099,42;103149,52;52,09;102;7222;80;78;76,47;0;M;72;FRANBA;0;18;6;33,33;0;0;2988,29;1133,53;0;1133,53;37,93;0;74;11;0;11;14,86;0;0;-70660,66;-1854,76;0;0;71,94;58,96;0;0;0;0;0;0;0;0
25/09/2026 08:30:09;25/09/2026;01/09/2026;25/09/2026;27;E;194;120;198019;127358,34;107248,94;2343,46;0;5559;5407;152;0;0;0;0;0;4099,42;103149,52;52,09;102;7222;80;78;76,47;0;M;82;ZICO;0;10;5;50;0;0;1531,74;1700;0;1700;110,98;0;55;10;0;10;18,18;0;;-70660,66;168,26;0;;71,94;58,96;0;0;0;0;0;0;0;0
25/09/2026 08:30:09;25/09/2026;01/09/2026;25/09/2026;27;E;194;120;198019;127358,34;107248,94;2343,46;0;5559;5407;152;0;0;0;0;0;4099,42;103149,52;52,09;102;7222;80;78;76,47;0;M;6;SOL BEBIDAS;0;10;6;60;0;0;2347,55;3414,72;0;3414,72;145,46;0;67;91;0;91;135,82;12,98;17,07;-70660,66;1067,17;0;17,07;71,94;58,96;0;0;0;0;0;0;0;0
25/09/2026 08:30:09;25/09/2026;01/09/2026;25/09/2026;27;E;194;120;198019;127358,34;107248,94;2343,46;0;5559;5407;152;0;0;0;0;0;4099,42;103149,52;52,09;102;7222;80;78;76,47;0;M;18;SABORELLE - RACAO;0;13;;;0;0;1074,1;;0;0;0;0;100;;;;0;0;0;-70660,66;-1074,1;0;0;71,94;58,96;0;0;0;0;0;0;0;0
25/09/2026 08:30:09;25/09/2026;01/09/2026;25/09/2026;27;E;194;120;198019;127358,34;107248,94;2343,46;0;5559;5407;152;0;0;0;0;0;4099,42;103149,52;52,09;102;7222;80;78;76,47;0;M;60;RICLAN;0;31;;;0;0;690,12;;0;0;0;0;63;;;;0;0;0;-70660,66;-690,12;0;0;71,94;58,96;0;0;0;0;0;0;0;0
25/09/2026 08:30:09;25/09/2026;01/09/2026;25/09/2026;27;E;194;120;198019;127358,34;107248,94;2343,46;0;5559;5407;152;0;0;0;0;0;4099,42;103149,52;52,09;102;7222;80;78;76,47;0;M;74;BRAVA;0;19;5;26,32;0;0;6845,84;1255,5;0;1255,5;18,34;0;193;22;0;22;11,4;0;0;-70660,66;-5590,34;0;0;71,94;58,96;0;0;0;0;0;0;0;0
25/09/2026 08:30:09;25/09/2026;01/09/2026;25/09/2026;27;E;194;120;198019;127358,34;107248,94;2343,46;0;5559;5407;152;0;0;0;0;0;4099,42;103149,52;52,09;102;7222;80;78;76,47;0;M;52;GREEN;0;21;6;28,57;0;0;2108,54;534,75;0;534,75;25,36;0;79;11;0;11;13,92;0;0;-70660,66;-1573,79;0;0;71,94;58,96;0;0;0;0;0;0;0;0
25/09/2026 08:30:09;25/09/2026;01/09/2026;25/09/2026;27;E;194;120;198019;127358,34;107248,94;2343,46;0;5559;5407;152;0;0;0;0;0;4099,42;103149,52;52,09;102;7222;80;78;76,47;0;M;13;COPRA;0;9;1;11,11;0;0;2649,52;126,14;0;126,14;4,76;0;79;2;0;2;2,53;0;0;-70660,66;-2523,38;0;0;71,94;58,96;0;0;0;0;0;0;0;0
25/09/2026 08:30:09;25/09/2026;01/09/2026;25/09/2026;27;E;194;120;198019;127358,34;107248,94;2343,46;0;5559;5407;152;0;0;0;0;0;4099,42;103149,52;52,09;102;7222;80;78;76,47;0;M;51;GUANABARA;0;13;;;0;0;1231,48;;0;0;0;0;55;;;;0;0;0;-70660,66;-1231,48;0;0;71,94;58,96;0;0;0;0;0;0;0;0
25/09/2026 08:30:09;25/09/2026;01/09/2026;25/09/2026;27;E;194;120;198019;127358,34;107248,94;2343,46;0;5559;5407;152;0;0;0;0;0;4099,42;103149,52;52,09;102;7222;80;78;76,47;0;M;59;CASA SUICA;0;10;;;0;0;1059,58;;0;0;0;0;52;;;;0;0;0;-70660,66;-1059,58;0;0;71,94;58,96;0;0;0;0;0;0;0;0
25/09/2026 08:30:09;25/09/2026;01/09/2026;25/09/2026;27;E;194;120;198019;127358,34;107248,94;2343,46;0;5559;5407;152;0;0;0;0;0;4099,42;103149,52;52,09;102;7222;80;78;76,47;0;M;2;MARILAN;0;22;;;0;0;9892,9;;0;0;0;0;233;;;;0;0;0;-70660,66;-9892,9;0;0;71,94;58,96;0;0;0;0;0;0;0;0
25/09/2026 08:30:09;25/09/2026;01/09/2026;25/09/2026;27;E;194;120;198019;127358,34;107248,94;2343,46;0;5559;5407;152;0;0;0;0;0;4099,42;103149,52;52,09;102;7222;80;78;76,47;0;M;53;CASAKM;0;18;;;0;0;2902,18;;0;0;0;0;108;;;;0;0;0;-70660,66;-2902,18;0;0;71,94;58,96;0;0;0;0;0;0;0;0
25/09/2026 08:30:09;25/09/2026;01/09/2026;25/09/2026;27;E;194;120;198019;127358,34;107248,94;2343,46;0;5559;5407;152;0;0;0;0;0;4099,42;103149,52;52,09;102;7222;80;78;76,47;0;M;15;QUEIJOS LELO;0;10;;;0;0;1093,99;;0;0;0;0;50;;;;0;0;0;-70660,66;-1093,99;0;0;71,94;58,96;0;0;0;0;0;0;0;0
25/09/2026 08:30:09;25/09/2026;01/09/2026;25/09/2026;27;E;194;120;198019;127358,34;107248,94;2343,46;0;5559;5407;152;0;0;0;0;0;4099,42;103149,52;52,09;102;7222;80;78;76,47;0;M;83;ROBINSON CRUSOE;0;11;5;45,45;0;0;2507,4;1076,97;0;1076,97;42,95;0;37;9;0;9;24,32;0;0;-70660,66;-1430,43;0;0;71,94;58,96;0;0;0;0;0;0;0;0
25/09/2026 08:30:09;25/09/2026;01/09/2026;25/09/2026;27;E;194;120;198019;127358,34;107248,94;2343,46;0;5559;5407;152;0;0;0;0;0;4099,42;103149,52;52,09;102;7222;80;78;76,47;0;M;85;CUIDAX;0;8;;;0;0;800;;0;0;0;0;30;;;;0;0;0;-70660,66;-800;0;0;71,94;58,96;0;0;0;0;0;0;0;0
25/09/2026 08:30:09;25/09/2026;01/09/2026;25/09/2026;6;E;197;118;144480;165929,31;150410,44;2701,09;300,54;4429;4427;2;0;0;0;0;0;138,15;150272,29;104,01;100;1486,01;95;93;93;0;M;53;CASAKM;0;59;49;83,05;0;0;63305;53914,61;138,15;53776,46;84,95;0;348,552484;984;2;982;281,74;166,71;0;21449,31;-9528,54;300,54;0;1342,73;626,76;0,2;0,3;0;0;0;0;450,82;450,82
25/09/2026 08:30:09;25/09/2026;01/09/2026;25/09/2026;6;E;197;118;144480;165929,31;150410,44;2701,09;300,54;4429;4427;2;0;0;0;0;0;138,15;150272,29;104,01;100;1486,01;95;93;93;0;M;60;RICLAN;0;36;29;80,56;0;0;7800;2829,13;0;2829,13;36,27;0;86,640698;205;0;205;236,61;10,75;0;21449,31;-4970,87;300,54;0;1342,73;626,76;0,2;0,3;0;0;0;0;450,82;450,82
25/09/2026 08:30:09;25/09/2026;01/09/2026;25/09/2026;6;E;197;118;144480;165929,31;150410,44;2701,09;300,54;4429;4427;2;0;0;0;0;0;138,15;150272,29;104,01;100;1486,01;95;93;93;0;M;1;JAV;0;63;81;128,57;217,48;0;66696,83;72494,02;0;72494,02;108,69;0;1041,624178;2475;0;2475;237,61;86,99;108,74;21449,31;5797,19;300,54;326,22;1342,73;626,76;0,2;0,3;0;0;0;0;450,82;450,82
25/09/2026 08:30:09;25/09/2026;01/09/2026;25/09/2026;6;E;197;118;144480;165929,31;150410,44;2701,09;300,54;4429;4427;2;0;0;0;0;0;138,15;150272,29;104,01;100;1486,01;95;93;93;0;M;85;CUIDAX;0;0;2;;0;0;2000;384,12;0;384,12;19,21;0;0;38;0;38;;0;0;21449,31;-1615,88;300,54;0;1342,73;626,76;0,2;0,3;0;0;0;0;450,82;450,82
25/09/2026 08:30:09;25/09/2026;01/09/2026;25/09/2026;6;E;197;118;144480;165929,31;150410,44;2701,09;300,54;4429;4427;2;0;0;0;0;0;138,15;150272,29;104,01;100;1486,01;95;93;93;0;M;15;QUEIJOS LELO;0;7;1;14,29;0;0;2000;129,98;0;129,98;6,5;0;0;1;0;1;;0;0;21449,31;-1870,02;300,54;0;1342,73;626,76;0,2;0,3;0;0;0;0;450,82;450,82
25/09/2026 08:30:09;25/09/2026;01/09/2026;25/09/2026;6;E;197;118;144480;165929,31;150410,44;2701,09;300,54;4429;4427;2;0;0;0;0;0;138,15;150272,29;104,01;100;1486,01;95;93;93;0;M;74;BRAVA;0;13;8;61,54;0;0;2678,41;438,5;0;438,5;16,37;0;9,882813;9;0;9;91,07;0,7;0;21449,31;-2239,91;300,54;0;1342,73;626,76;0,2;0,3;0;0;0;0;450,82;450,82
25/09/2026 08:30:09;25/09/2026;01/09/2026;25/09/2026;13;E;201;125;216044;199156,36;165048,46;4944,12;0;6306;6298;8;0;0;0;0;0;79,92;164968,54;76,36;106;5583;82;71;66,98;0;M;2;MARILAN;0;69;57;82,61;0;0;60083,37;59493,41;79,92;59413,49;98,89;0;1212;1656;8;1648;135,97;71,3;59,41;-16887,64;-669,88;0;59,41;722,99;133,64;0;0,3;0;0;0;0;494,91;494,91
25/09/2026 08:30:09;25/09/2026;01/09/2026;25/09/2026;13;E;201;125;216044;199156,36;165048,46;4944,12;0;6306;6298;8;0;0;0;0;0;79,92;164968,54;76,36;106;5583;82;71;66,98;0;M;69;GAMELEIRA;0;16;;;0;0;1011,97;;0;0;0;0;5;;;;0;0;0;-16887,64;-1011,97;0;0;722,99;133,64;0;0,3;0;0;0;0;494,91;494,91
25/09/2026 08:30:09;25/09/2026;01/09/2026;25/09/2026;13;E;201;125;216044;199156,36;165048,46;4944,12;0;6306;6298;8;0;0;0;0;0;79,92;164968,54;76,36;106;5583;82;71;66,98;0;M;63;BRACELL;0;10;12;120;39,13;0;2036,04;4891,41;0;4891,41;240,24;0;69;135;0;135;195,65;15,16;25,44;-16887,64;2855,37;0;64,57;722,99;133,64;0;0,3;0;0;0;0;494,91;494,91
25/09/2026 08:30:09;25/09/2026;01/09/2026;25/09/2026;13;E;201;125;216044;199156,36;165048,46;4944,12;0;6306;6298;8;0;0;0;0;0;79,92;164968,54;76,36;106;5583;82;71;66,98;0;M;18;SABORELLE - RACAO;0;10;1;10;0;0;2096,37;369,73;0;369,73;17,64;0;12;2;0;2;16,67;0;0;-16887,64;-1726,64;0;0;722,99;133,64;0;0,3;0;0;0;0;494,91;494,91
25/09/2026 08:30:09;25/09/2026;01/09/2026;25/09/2026;13;E;201;125;216044;199156,36;165048,46;4944,12;0;6306;6298;8;0;0;0;0;0;79,92;164968,54;76,36;106;5583;82;71;66,98;0;M;52;GREEN;0;10;4;40;0;0;3011,08;527,04;0;527,04;17,5;0;26;8;0;8;30,77;0;0;-16887,64;-2484,04;0;0;722,99;133,64;0;0,3;0;0;0;0;494,91;494,91
25/09/2026 08:30:09;25/09/2026;01/09/2026;25/09/2026;13;E;201;125;216044;199156,36;165048,46;4944,12;0;6306;6298;8;0;0;0;0;0;79,92;164968,54;76,36;106;5583;82;71;66,98;0;M;74;BRAVA;0;17;5;29,41;0;0;3000;327,8;0;327,8;10,93;0;98;6;0;6;6,12;0;0;-16887,64;-2672,2;0;0;722,99;133,64;0;0,3;0;0;0;0;494,91;494,91
25/09/2026 08:30:09;25/09/2026;01/09/2026;25/09/2026;13;E;201;125;216044;199156,36;165048,46;4944,12;0;6306;6298;8;0;0;0;0;0;79,92;164968,54;76,36;106;5583;82;71;66,98;0;M;61;DAVENE;0;10;;;0;0;323,68;;0;0;0;0;1;;;;0;0;0;-16887,64;-323,68;0;0;722,99;133,64;0;0,3;0;0;0;0;494,91;494,91
25/09/2026 08:30:09;25/09/2026;01/09/2026;25/09/2026;19;E;425;68;120660;89716,23;89197,2;1717,22;0;3374;3372;2;0;0;0;0;0;162,96;89034,24;73,79;58;2877;41;45;77,59;0;M;18;SABORELLE - RACAO;0;7;3;42,86;0;0;3181,43;1132,99;96,22;1036,77;32,59;0;15;10;1;9;60;0;0;-30943,77;-2144,66;0;0;508,39;158,01;0;0,3;0;0;0;0;267,1;267,1
25/09/2026 08:30:09;25/09/2026;01/09/2026;25/09/2026;19;E;425;68;120660;89716,23;89197,2;1717,22;0;3374;3372;2;0;0;0;0;0;162,96;89034,24;73,79;58;2877;41;45;77,59;0;M;53;CASAKM;0;20;11;55;0;0;9210,41;8843,84;66,74;8777,1;95,3;0;207;234;1;233;112,56;27,21;17,55;-30943,77;-433,31;0;17,55;508,39;158,01;0;0,3;0;0;0;0;267,1;267,1
25/09/2026 08:30:09;25/09/2026;01/09/2026;25/09/2026;19;E;425;68;120660;89716,23;89197,2;1717,22;0;3374;3372;2;0;0;0;0;0;162,96;89034,24;73,79;58;2877;41;45;77,59;0;M;72;FRANBA;0;15;6;40;0;0;1106,4;652,14;0;652,14;58,94;0;18;7;0;7;38,89;0;0;-30943,77;-454,26;0;0;508,39;158,01;0;0,3;0;0;0;0;267,1;267,1
25/09/2026 08:30:09;25/09/2026;01/09/2026;25/09/2026;19;E;425;68;120660;89716,23;89197,2;1717,22;0;3374;3372;2;0;0;0;0;0;162,96;89034,24;73,79;58;2877;41;45;77,59;0;M;44;JDE;0;25;21;84;0;0;38200,02;14796,64;0;14796,64;38,73;0;647;475;0;475;73,42;0;0;-30943,77;-23403,38;0;0;508,39;158,01;0;0,3;0;0;0;0;267,1;267,1
25/09/2026 08:30:09;25/09/2026;01/09/2026;25/09/2026;19;E;425;68;120660;89716,23;89197,2;1717,22;0;3374;3372;2;0;0;0;0;0;162,96;89034,24;73,79;58;2877;41;45;77,59;0;M;69;GAMELEIRA;0;12;1;8,33;0;0;1097,49;46;0;46;4,19;0;19;1;0;1;5,26;0;0;-30943,77;-1051,49;0;0;508,39;158,01;0;0,3;0;0;0;0;267,1;267,1
25/09/2026 08:30:09;25/09/2026;01/09/2026;25/09/2026;19;E;425;68;120660;89716,23;89197,2;1717,22;0;3374;3372;2;0;0;0;0;0;162,96;89034,24;73,79;58;2877;41;45;77,59;0;M;59;CASA SUICA;0;10;4;40;0;0;704,59;5112,76;0;5112,76;725,64;0;18;253;0;253;1405,56;6,14;7,67;-30943,77;4408,17;0;7,67;508,39;158,01;0;0,3;0;0;0;0;267,1;267,1
25/09/2026 08:30:09;25/09/2026;01/09/2026;25/09/2026;19;E;425;68;120660;89716,23;89197,2;1717,22;0;3374;3372;2;0;0;0;0;0;162,96;89034,24;73,79;58;2877;41;45;77,59;0;M;1;JAV;0;47;36;76,6;0;0;63303,39;39516,62;0;39516,62;62,42;0;1691;1241;0;1241;73,39;0;0;-30943,77;-23786,77;0;0;508,39;158,01;0;0,3;0;0;0;0;267,1;267,1
25/09/2026 08:30:09;25/09/2026;01/09/2026;25/09/2026;19;E;425;68;120660;89716,23;89197,2;1717,22;0;3374;3372;2;0;0;0;0;0;162,96;89034,24;73,79;58;2877;41;45;77,59;0;M;51;GUANABARA;0;15;3;20;0;0;895,57;1055,36;0;1055,36;117,84;0;18;7;0;7;38,89;0;5,28;-30943,77;159,79;0;5,28;508,39;158,01;0;0,3;0;0;0;0;267,1;267,1
25/09/2026 08:30:09;25/09/2026;01/09/2026;25/09/2026;19;E;425;68;120660;89716,23;89197,2;1717,22;0;3374;3372;2;0;0;0;0;0;162,96;89034,24;73,79;58;2877;41;45;77,59;0;M;66;COCO SHOW;0;13;4;30,77;0;0;1184,8;362,52;0;362,52;30,6;0;30;10;0;10;33,33;0;0;-30943,77;-822,28;0;0;508,39;158,01;0;0,3;0;0;0;0;267,1;267,1
25/09/2026 08:30:09;25/09/2026;01/09/2026;25/09/2026;19;E;425;68;120660;89716,23;89197,2;1717,22;0;3374;3372;2;0;0;0;0;0;162,96;89034,24;73,79;58;2877;41;45;77,59;0;M;47;SOFFIE;0;5;2;40;0;0;625,27;222,68;0;222,68;35,61;0;18;14;0;14;77,78;0;0;-30943,77;-402,59;0;0;508,39;158,01;0;0,3;0;0;0;0;267,1;267,1
25/09/2026 08:30:09;25/09/2026;01/09/2026;25/09/2026;19;E;425;68;120660;89716,23;89197,2;1717,22;0;3374;3372;2;0;0;0;0;0;162,96;89034,24;73,79;58;2877;41;45;77,59;0;M;65;MATUTA;0;10;2;20;0;0;1000;496,21;0;496,21;49,62;0;10;6;0;6;60;0;0;-30943,77;-503,79;0;0;508,39;158,01;0;0,3;0;0;0;0;267,1;267,1
25/09/2026 08:30:09;25/09/2026;01/09/2026;25/09/2026;19;E;425;68;120660;89716,23;89197,2;1717,22;0;3374;3372;2;0;0;0;0;0;162,96;89034,24;73,79;58;2877;41;45;77,59;0;M;6;SOL BEBIDAS;0;6;6;100;17,32;0;1044,31;1332,32;0;1332,32;127,58;0;16;34;0;34;212,5;5,06;6,66;-30943,77;288,01;0;23,98;508,39;158,01;0;0,3;0;0;0;0;267,1;267,1
25/09/2026 08:30:09;25/09/2026;01/09/2026;25/09/2026;19;E;425;68;120660;89716,23;89197,2;1717,22;0;3374;3372;2;0;0;0;0;0;162,96;89034,24;73,79;58;2877;41;45;77,59;0;M;83;ROBINSON CRUSOE;0;10;4;40;0;0;1947,01;764,1;0;764,1;39,24;0;14;17;0;17;121,43;2,9;0;-30943,77;-1182,91;0;0;508,39;158,01;0;0,3;0;0;0;0;267,1;267,1
25/09/2026 08:30:09;25/09/2026;01/09/2026;25/09/2026;19;E;425;68;120660;89716,23;89197,2;1717,22;0;3374;3372;2;0;0;0;0;0;162,96;89034,24;73,79;58;2877;41;45;77,59;0;M;60;RICLAN;0;12;9;75;0;0;1026,47;1698,34;0;1698,34;165,45;0;81;125;0;125;154,32;6,45;8,49;-30943,77;671,87;0;8,49;508,39;158,01;0;0,3;0;0;0;0;267,1;267,1
25/09/2026 08:30:09;25/09/2026;01/09/2026;25/09/2026;19;E;425;68;120660;89716,23;89197,2;1717,22;0;3374;3372;2;0;0;0;0;0;162,96;89034,24;73,79;58;2877;41;45;77,59;0;M;74;BRAVA;0;12;3;25;0;0;1288,22;193,39;0;193,39;15,01;0;14;6;0;6;42,86;0;0;-30943,77;-1094,83;0;0;508,39;158,01;0;0,3;0;0;0;0;267,1;267,1
25/09/2026 08:30:09;25/09/2026;01/09/2026;25/09/2026;19;E;425;68;120660;89716,23;89197,2;1717,22;0;3374;3372;2;0;0;0;0;0;162,96;89034,24;73,79;58;2877;41;45;77,59;0;M;2;MARILAN;0;17;22;129,41;58,6;0;16107,76;19533,5;0;19533,5;121,27;0;463;701;0;701;151,4;23,44;29,3;-30943,77;3425,74;0;87,9;508,39;158,01;0;0,3;0;0;0;0;267,1;267,1
25/09/2026 08:30:09;25/09/2026;01/09/2026;25/09/2026;19;E;425;68;120660;89716,23;89197,2;1717,22;0;3374;3372;2;0;0;0;0;0;162,96;89034,24;73,79;58;2877;41;45;77,59;0;M;82;ZICO;0;7;1;14,29;0;0;1000;179,12;0;179,12;17,91;0;7;1;0;1;14,29;0;0;-30943,77;-820,88;0;0;508,39;158,01;0;0,3;0;0;0;0;267,1;267,1
25/09/2026 08:30:09;25/09/2026;01/09/2026;25/09/2026;19;E;425;68;120660;89716,23;89197,2;1717,22;0;3374;3372;2;0;0;0;0;0;162,96;89034,24;73,79;58;2877;41;45;77,59;0;M;15;QUEIJOS LELO;0;20;1;5;0;0;1000,55;265,26;0;265,26;26,51;0;1;2;0;2;200;1,01;0;-30943,77;-735,29;0;0;508,39;158,01;0;0,3;0;0;0;0;267,1;267,1
25/09/2026 08:30:09;25/09/2026;01/09/2026;25/09/2026;19;E;425;68;120660;89716,23;89197,2;1717,22;0;3374;3372;2;0;0;0;0;0;162,96;89034,24;73,79;58;2877;41;45;77,59;0;M;63;BRACELL;0;15;8;53,33;0;0;6727,55;2948,95;0;2948,95;43,83;0;83;57;0;57;68,67;0;0;-30943,77;-3778,6;0;0;508,39;158,01;0;0,3;0;0;0;0;267,1;267,1
25/09/2026 08:30:09;25/09/2026;01/09/2026;25/09/2026;19;E;425;68;120660;89716,23;89197,2;1717,22;0;3374;3372;2;0;0;0;0;0;162,96;89034,24;73,79;58;2877;41;45;77,59;0;M;52;GREEN;0;12;3;25;0;0;2516,81;1102,9;0;1102,9;43,82;0;19;11;0;11;57,89;0;0;-30943,77;-1413,91;0;0;508,39;158,01;0;0,3;0;0;0;0;267,1;267,1
25/09/2026 08:30:09;25/09/2026;01/09/2026;25/09/2026;19;E;425;68;120660;89716,23;89197,2;1717,22;0;3374;3372;2;0;0;0;0;0;162,96;89034,24;73,79;58;2877;41;45;77,59;0;M;61;DAVENE;0;12;3;25;0;0;1577,59;166,9;0;166,9;10,58;0;61;19;0;19;31,15;0;0;-30943,77;-1410,69;0;0;508,39;158,01;0;0,3;0;0;0;0;267,1;267,1
25/09/2026 08:30:09;25/09/2026;01/09/2026;25/09/2026;19;E;425;68;120660;89716,23;89197,2;1717,22;0;3374;3372;2;0;0;0;0;0;162,96;89034,24;73,79;58;2877;41;45;77,59;0;M;13;COPRA;0;15;5;33,33;0;0;4114,73;3571,3;0;3571,3;86,79;0;74;143;0;143;193,24;11,07;7,14;-30943,77;-543,43;0;7,14;508,39;158,01;0;0,3;0;0;0;0;267,1;267,1
25/09/2026 08:30:09;25/09/2026;01/09/2026;25/09/2026;19;E;435;99;115070;75621,39;78552,55;1399,78;0;2133;2133;0;0;0;0;0;0;0;78552,55;68,27;84;2654,01;63;63;75;0;M;59;CASA SUICA;0;22;19;86,36;5,36;0;1339,84;4123,7;0;4123,7;307,78;0;34;183;0;183;538,24;4,95;6,19;-39448,61;2783,86;0;11,55;41,58;25,8;0;0;0;0;0;0;0;0
25/09/2026 08:30:09;25/09/2026;01/09/2026;25/09/2026;19;E;435;99;115070;75621,39;78552,55;1399,78;0;2133;2133;0;0;0;0;0;0;0;78552,55;68,27;84;2654,01;63;63;75;0;M;74;BRAVA;0;10;5;50;0;0;2898,71;1655,8;0;1655,8;57,12;0;58;32;0;32;55,17;0;0;-39448,61;-1242,91;0;0;41,58;25,8;0;0;0;0;0;0;0;0
25/09/2026 08:30:09;25/09/2026;01/09/2026;25/09/2026;19;E;435;99;115070;75621,39;78552,55;1399,78;0;2133;2133;0;0;0;0;0;0;0;78552,55;68,27;84;2654,01;63;63;75;0;M;18;SABORELLE - RACAO;0;12;7;58,33;0;0;4311,24;2248,66;0;2248,66;52,16;0;30;23;0;23;76,67;0;0;-39448,61;-2062,58;0;0;41,58;25,8;0;0;0;0;0;0;0;0
25/09/2026 08:30:09;25/09/2026;01/09/2026;25/09/2026;19;E;435;99;115070;75621,39;78552,55;1399,78;0;2133;2133;0;0;0;0;0;0;0;78552,55;68,27;84;2654,01;63;63;75;0;M;60;RICLAN;0;37;23;62,16;0;0;1076,69;2849,63;0;2849,63;264,67;0;189;215;0;215;113,76;10,83;14,25;-39448,61;1772,94;0;14,25;41,58;25,8;0;0;0;0;0;0;0;0
25/09/2026 08:30:09;25/09/2026;01/09/2026;25/09/2026;19;E;435;99;115070;75621,39;78552,55;1399,78;0;2133;2133;0;0;0;0;0;0;0;78552,55;68,27;84;2654,01;63;63;75;0;M;51;GUANABARA;0;17;4;23,53;0;0;2476,69;1147,91;0;1147,91;46,35;0;15;7;0;7;46,67;0;0;-39448,61;-1328,78;0;0;41,58;25,8;0;0;0;0;0;0;0;0
25/09/2026 08:30:09;25/09/2026;01/09/2026;25/09/2026;19;E;435;99;115070;75621,39;78552,55;1399,78;0;2133;2133;0;0;0;0;0;0;0;78552,55;68,27;84;2654,01;63;63;75;0;M;2;MARILAN;0;67;48;71,64;0;0;45947,5;33928,29;0;33928,29;73,84;0;1067;902;0;902;84,54;0;0;-39448,61;-12019,21;0;0;41,58;25,8;0;0;0;0;0;0;0;0
23/09/2026 17:26:43;31/08/2026;01/08/2026;31/08/2026;26;E;480;60;29136;43743,05;42274,56;1131,61;117,78;1482;1195;287;0;0;0;0;0;3013,58;39260,98;134,75;51;631,01;36;36;70,59;0;M;44;JDE;0;19;18;94,74;4,23;0;3989,61;7498,35;441,6;7056,75;176,88;0;242;505;138;367;151,65;4,23;7,06;14607,05;3067,14;117,78;11,29;480,91;299,48;0,3;0,3;0;0;0;0;117,78;117,78
23/09/2026 17:26:43;31/08/2026;01/08/2026;31/08/2026;26;E;480;60;29136;43743,05;42274,56;1131,61;117,78;1482;1195;287;0;0;0;0;0;3013,58;39260,98;134,75;51;631,01;36;36;70,59;0;M;63;BRACELL;0;7;5;71,43;0;0;916,05;1422,98;368,32;1054,66;115,13;0;4;44;4;40;1000;3,27;5,48;14607,05;138,61;117,78;5,48;480,91;299,48;0,3;0,3;0;0;0;0;117,78;117,78
23/09/2026 17:26:43;31/08/2026;01/08/2026;31/08/2026;26;E;480;60;29136;43743,05;42274,56;1131,61;117,78;1482;1195;287;0;0;0;0;0;3013,58;39260,98;134,75;51;631,01;36;36;70,59;0;M;66;COCO SHOW;0;11;6;54,55;0;0;700,34;834,64;35,46;799,18;114,11;0;30;52;3;49;163,33;2,48;4,16;14607,05;98,84;117,78;4,16;480,91;299,48;0,3;0,3;0;0;0;0;117,78;117,78
23/09/2026 17:26:43;31/08/2026;01/08/2026;31/08/2026;26;E;480;60;29136;43743,05;42274,56;1131,61;117,78;1482;1195;287;0;0;0;0;0;3013,58;39260,98;134,75;51;631,01;36;36;70,59;0;M;69;GAMELEIRA;0;15;5;33,33;0;0;1382,72;1418,35;272,16;1146,19;82,89;0;30;25;6;19;63,33;0;0;14607,05;-236,53;117,78;0;480,91;299,48;0,3;0,3;0;0;0;0;117,78;117,78
23/09/2026 17:26:43;31/08/2026;01/08/2026;31/08/2026;26;E;480;60;29136;43743,05;42274,56;1131,61;117,78;1482;1195;287;0;0;0;0;0;3013,58;39260,98;134,75;51;631,01;36;36;70,59;0;M;74;BRAVA;0;10;1;10;0;0;661,86;20,3;20,3;0;0;0;7;1;1;0;0;0;0;14607,05;-661,86;117,78;0;480,91;299,48;0,3;0,3;0;0;0;0;117,78;117,78
23/09/2026 17:26:43;31/08/2026;01/08/2026;31/08/2026;26;E;480;60;29136;43743,05;42274,56;1131,61;117,78;1482;1195;287;0;0;0;0;0;3013,58;39260,98;134,75;51;631,01;36;36;70,59;0;M;84;CAPRICHE;0;10;18;180;;0;1674,59;2475,57;438,9;2036,67;121,62;0;41;57;18;39;95,12;;;14607,05;362,08;117,78;;480,91;299,48;0,3;0,3;0;0;0;0;117,78;117,78
23/09/2026 17:26:43;31/08/2026;01/08/2026;31/08/2026;26;E;480;60;29136;43743,05;42274,56;1131,61;117,78;1482;1195;287;0;0;0;0;0;3013,58;39260,98;134,75;51;631,01;36;36;70,59;0;M;60;RICLAN;0;9;4;44,44;0;0;525,49;141,78;0;141,78;26,98;0;33;14;0;14;42,42;0;0;14607,05;-383,71;117,78;0;480,91;299,48;0,3;0,3;0;0;0;0;117,78;117,78
23/09/2026 17:26:43;31/08/2026;01/08/2026;31/08/2026;26;E;480;60;29136;43743,05;42274,56;1131,61;117,78;1482;1195;287;0;0;0;0;0;3013,58;39260,98;134,75;51;631,01;36;36;70,59;0;M;82;ZICO;0;6;;;0;0;500;;0;0;0;0;10;;;;0;0;0;14607,05;-500;117,78;0;480,91;299,48;0,3;0,3;0;0;0;0;117,78;117,78
23/09/2026 17:26:43;31/08/2026;01/08/2026;31/08/2026;26;E;480;60;29136;43743,05;42274,56;1131,61;117,78;1482;1195;287;0;0;0;0;0;3013,58;39260,98;134,75;51;631,01;36;36;70,59;0;M;20;CATAFESTA;0;11;;;0;0;500;;0;0;0;0;10;;;;0;0;0;14607,05;-500;117,78;0;480,91;299,48;0,3;0,3;0;0;0;0;117,78;117,78
23/09/2026 17:26:43;31/08/2026;01/08/2026;31/08/2026;26;E;480;60;29136;43743,05;42274,56;1131,61;117,78;1482;1195;287;0;0;0;0;0;3013,58;39260,98;134,75;51;631,01;36;36;70,59;0;M;72;FRANBA;0;10;3;30;0;0;536,02;263,06;0;263,06;49,08;0;5;3;0;3;60;0;0;14607,05;-272,96;117,78;0;480,91;299,48;0,3;0,3;0;0;0;0;117,78;117,78
23/09/2026 17:26:43;31/08/2026;01/08/2026;31/08/2026;26;E;480;60;29136;43743,05;42274,56;1131,61;117,78;1482;1195;287;0;0;0;0;0;3013,58;39260,98;134,75;51;631,01;36;36;70,59;0;M;61;DAVENE;0;11;1;9,09;0;0;500;10,98;0;10,98;2,2;0;10;3;0;3;30;0;0;14607,05;-489,02;117,78;0;480,91;299,48;0,3;0,3;0;0;0;0;117,78;117,78
23/09/2026 17:26:43;31/08/2026;01/08/2026;31/08/2026;26;E;480;60;29136;43743,05;42274,56;1131,61;117,78;1482;1195;287;0;0;0;0;0;3013,58;39260,98;134,75;51;631,01;36;36;70,59;0;M;18;SABORELLE - RACAO;0;11;2;18,18;0;0;1867,98;959,83;0;959,83;51,38;0;14;5;0;5;35,71;0;0;14607,05;-908,15;117,78;0;480,91;299,48;0,3;0,3;0;0;0;0;117,78;117,78
23/09/2026 17:26:43;31/08/2026;01/08/2026;31/08/2026;26;E;480;60;29136;43743,05;42274,56;1131,61;117,78;1482;1195;287;0;0;0;0;0;3013,58;39260,98;134,75;51;631,01;36;36;70,59;0;M;47;SOFFIE;0;5;;;0;0;534,37;;0;0;0;0;6;;;;0;0;0;14607,05;-534,37;117,78;0;480,91;299,48;0,3;0,3;0;0;0;0;117,78;117,78
23/09/2026 17:26:43;31/08/2026;01/08/2026;31/08/2026;26;E;480;60;29136;43743,05;42274,56;1131,61;117,78;1482;1195;287;0;0;0;0;0;3013,58;39260,98;134,75;51;631,01;36;36;70,59;0;M;13;COPRA;0;12;9;75;0;0;1391,52;2382,16;0;2382,16;171,19;0;25;46;0;46;184;7,38;12,39;14607,05;990,64;117,78;12,39;480,91;299,48;0,3;0,3;0;0;0;0;117,78;117,78
23/09/2026 17:26:43;31/08/2026;01/08/2026;31/08/2026;26;E;480;60;29136;43743,05;42274,56;1131,61;117,78;1482;1195;287;0;0;0;0;0;3013,58;39260,98;134,75;51;631,01;36;36;70,59;0;M;51;GUANABARA;0;7;;;0;0;731,88;;0;0;0;0;9;;;;0;0;0;14607,05;-731,88;117,78;0;480,91;299,48;0,3;0,3;0;0;0;0;117,78;117,78
23/09/2026 17:26:43;31/08/2026;01/08/2026;31/08/2026;26;E;480;60;29136;43743,05;42274,56;1131,61;117,78;1482;1195;287;0;0;0;0;0;3013,58;39260,98;134,75;51;631,01;36;36;70,59;0;M;53;CASAKM;0;7;8;114,29;35,48;0;1015,84;4435,1;0;4435,1;436,59;0;26;71;0;71;273,08;13,75;23,06;14607,05;3419,26;117,78;58,54;480,91;299,48;0,3;0,3;0;0;0;0;117,78;117,78
23/09/2026 17:26:43;31/08/2026;01/08/2026;31/08/2026;26;E;480;60;29136;43743,05;42274,56;1131,61;117,78;1482;1195;287;0;0;0;0;0;3013,58;39260,98;134,75;51;631,01;36;36;70,59;0;M;52;GREEN;0;11;3;27,27;0;0;615,83;295,44;0;295,44;47,97;0;11;5;0;5;45,45;0;0;14607,05;-320,39;117,78;0;480,91;299,48;0,3;0,3;0;0;0;0;117,78;117,78
23/09/2026 17:26:43;31/08/2026;01/08/2026;31/08/2026;26;E;480;60;29136;43743,05;42274,56;1131,61;117,78;1482;1195;287;0;0;0;0;0;3013,58;39260,98;134,75;51;631,01;36;36;70,59;0;M;65;MATUTA;0;11;1;9,09;0;0;500;0;0;0;0;0;10;1;0;1;10;0;0;14607,05;-500;117,78;0;480,91;299,48;0,3;0,3;0;0;0;0;117,78;117,78
23/09/2026 17:26:43;31/08/2026;01/08/2026;31/08/2026;26;E;480;60;29136;43743,05;42274,56;1131,61;117,78;1482;1195;287;0;0;0;0;0;3013,58;39260,98;134,75;51;631,01;36;36;70,59;0;M;83;ROBINSON CRUSOE;0;8;3;37,5;0;0;562,61;648,36;0;648,36;115,24;0;5;6;0;6;120;2,46;7,13;14607,05;85,75;117,78;7,13;480,91;299,48;0,3;0,3;0;0;0;0;117,78;117,78
23/09/2026 17:26:43;31/08/2026;01/08/2026;31/08/2026;26;E;480;60;29136;43743,05;42274,56;1131,61;117,78;1482;1195;287;0;0;0;0;0;3013,58;39260,98;134,75;51;631,01;36;36;70,59;0;M;15;QUEIJOS LELO;0;5;1;20;0;0;621,8;137,18;0;137,18;22,06;0;10;1;0;1;10;0;0;14607,05;-484,62;117,78;0;480,91;299,48;0,3;0,3;0;0;0;0;117,78;117,78
23/09/2026 17:26:43;31/08/2026;01/08/2026;31/08/2026;6;E;481;125;18500;40074,01;42876,06;4752,03;109,2;7630;6730;900;0;0;0;0;0;6475,75;36400,31;196,76;106;1000;61;64;60,38;0;M;44;JDE;0;71;66;92,96;231,07;0;170000;417248,66;32137,08;385111,58;226,54;0;3872;6519;755;5764;148,86;231,07;385,11;21574,01;215111,58;109,2;616,18;1572,41;1121,33;0,3;0,3;0;0;0;0;109,2;109,2
23/09/2026 17:26:43;31/08/2026;01/08/2026;31/08/2026;6;E;481;125;18500;40074,01;42876,06;4752,03;109,2;7630;6730;900;0;0;0;0;0;6475,75;36400,31;196,76;106;1000;61;64;60,38;0;M;52;GREEN;0;23;39;169,57;88,85;0;4900;7096,03;261,23;6834,8;139,49;0;61;108;5;103;168,85;25,97;44,43;21574,01;1934,8;109,2;133,28;1572,41;1121,33;0,3;0,3;0;0;0;0;109,2;109,2
23/09/2026 17:26:43;31/08/2026;01/08/2026;31/08/2026;6;E;481;125;18500;40074,01;42876,06;4752,03;109,2;7630;6730;900;0;0;0;0;0;6475,75;36400,31;196,76;106;1000;61;64;60,38;0;M;63;BRACELL;0;41;37;90,24;52,71;0;4900;21611,11;5638,38;15972,73;325,97;0;156;427;110;317;203,21;49,52;83,06;21574,01;11072,73;109,2;135,77;1572,41;1121,33;0,3;0,3;0;0;0;0;109,2;109,2
23/09/2026 17:26:43;31/08/2026;01/08/2026;31/08/2026;6;E;481;125;18500;40074,01;42876,06;4752,03;109,2;7630;6730;900;0;0;0;0;0;6475,75;36400,31;196,76;106;1000;61;64;60,38;0;M;66;COCO SHOW;0;26;30;115,38;36,92;0;4700;5009,74;394,7;4615,04;98,19;0;264;346;26;320;121,21;14,31;12;21574,01;-84,96;109,2;48,92;1572,41;1121,33;0,3;0,3;0;0;0;0;109,2;109,2
23/09/2026 17:26:43;31/08/2026;01/08/2026;31/08/2026;6;E;481;125;18500;40074,01;42876,06;4752,03;109,2;7630;6730;900;0;0;0;0;0;6475,75;36400,31;196,76;106;1000;61;64;60,38;0;M;69;GAMELEIRA;0;22;30;136,36;42,05;0;2000;3415,8;181,44;3234,36;161,72;0;32;63;4;59;184,38;12,29;21,02;21574,01;1234,36;109,2;63,07;1572,41;1121,33;0,3;0,3;0;0;0;0;109,2;109,2
23/09/2026 17:26:43;31/08/2026;01/08/2026;31/08/2026;6;E;481;125;18500;40074,01;42876,06;4752,03;109,2;7630;6730;900;0;0;0;0;0;6475,75;36400,31;196,76;106;1000;61;64;60,38;0;M;65;MATUTA;0;26;8;30,77;0;0;2000;2293,69;0;2293,69;114,68;0;30;42;0;42;140;8,72;14,91;21574,01;293,69;109,2;14,91;1572,41;1121,33;0,3;0,3;0;0;0;0;109,2;109,2
23/09/2026 17:26:43;31/08/2026;01/08/2026;31/08/2026;13;E;482;64;55500;42872,06;50079,49;1699,03;0;2590;2560;30;0;0;0;0;0;462,85;49616,64;89,4;54;1000,02;38;46;85,19;0;M;1;JAV;0;48;39;81,25;0;0;40000;27354,69;153,48;27201,21;68;0;1089;1016;1;1015;93,2;13,6;0;-12627,94;-12798,79;0;0;222,13;37,59;0;0,3;0;0;0;0;148,85;148,85
23/09/2026 17:26:43;31/08/2026;01/08/2026;31/08/2026;13;E;482;64;55500;42872,06;50079,49;1699,03;0;2590;2560;30;0;0;0;0;0;462,85;49616,64;89,4;54;1000,02;38;46;85,19;0;M;44;JDE;0;43;32;74,42;0;0;10000;32163,6;379,32;31784,28;317,84;0;587;1076;25;1051;179,05;19,07;31,78;-12627,94;21784,28;0;31,78;222,13;37,59;0;0,3;0;0;0;0;148,85;148,85
25/09/2026 08:30:09;25/09/2026;01/09/2026;25/09/2026;13;E;201;125;216044;199156,36;165048,46;4944,12;0;6306;6298;8;0;0;0;0;0;79,92;164968,54;76,36;106;5583;82;71;66,98;0;M;1;JAV;0;87;67;77,01;0;0;112096,49;81208,25;0;81208,25;72,44;0;3523;2362;0;2362;67,05;0;0;-16887,64;-30888,24;0;0;722,99;133,64;0;0,3;0;0;0;0;494,91;494,91
25/09/2026 08:30:09;25/09/2026;01/09/2026;25/09/2026;13;E;201;125;216044;199156,36;165048,46;4944,12;0;6306;6298;8;0;0;0;0;0;79,92;164968,54;76,36;106;5583;82;71;66,98;0;M;65;MATUTA;0;9;;;0;0;1000;;0;0;0;0;5;;;;0;0;0;-16887,64;-1000;0;0;722,99;133,64;0;0,3;0;0;0;0;494,91;494,91
25/09/2026 08:30:09;25/09/2026;01/09/2026;25/09/2026;13;E;201;125;216044;199156,36;165048,46;4944,12;0;6306;6298;8;0;0;0;0;0;79,92;164968,54;76,36;106;5583;82;71;66,98;0;M;13;COPRA;0;30;15;50;0;0;6063,7;3749,74;0;3749,74;61,84;0;134;86;0;86;64,18;0;0;-16887,64;-2313,96;0;0;722,99;133,64;0;0,3;0;0;0;0;494,91;494,91
25/09/2026 08:30:09;25/09/2026;01/09/2026;25/09/2026;13;E;201;125;216044;199156,36;165048,46;4944,12;0;6306;6298;8;0;0;0;0;0;79,92;164968,54;76,36;106;5583;82;71;66,98;0;M;15;QUEIJOS LELO;0;10;6;60;0;0;1000;1486,23;0;1486,23;148,62;0;5;11;0;11;220;5,65;9,66;-16887,64;486,23;0;9,66;722,99;133,64;0;0,3;0;0;0;0;494,91;494,91
25/09/2026 08:30:09;25/09/2026;01/09/2026;25/09/2026;13;E;201;125;216044;199156,36;165048,46;4944,12;0;6306;6298;8;0;0;0;0;0;79,92;164968,54;76,36;106;5583;82;71;66,98;0;M;83;ROBINSON CRUSOE;0;8;5;62,5;0;0;3014,96;1101,64;0;1101,64;36,54;0;15;11;0;11;73,33;0;0;-16887,64;-1913,32;0;0;722,99;133,64;0;0,3;0;0;0;0;494,91;494,91
25/09/2026 08:30:09;25/09/2026;01/09/2026;25/09/2026;13;E;201;125;216044;199156,36;165048,46;4944,12;0;6306;6298;8;0;0;0;0;0;79,92;164968,54;76,36;106;5583;82;71;66,98;0;M;6;SOL BEBIDAS;0;10;5;50;0;0;1089,7;351,02;0;351,02;32,21;0;6;9;0;9;150;1,33;0;-16887,64;-738,68;0;0;722,99;133,64;0;0,3;0;0;0;0;494,91;494,91
25/09/2026 08:30:09;25/09/2026;01/09/2026;25/09/2026;13;E;201;125;216044;199156,36;165048,46;4944,12;0;6306;6298;8;0;0;0;0;0;79,92;164968,54;76,36;106;5583;82;71;66,98;0;M;53;CASAKM;0;25;11;44;0;0;8674;4683,95;0;4683,95;54;0;210;151;0;151;71,9;0;0;-16887,64;-3990,05;0;0;722,99;133,64;0;0,3;0;0;0;0;494,91;494,91
25/09/2026 08:30:09;25/09/2026;01/09/2026;25/09/2026;13;E;201;125;216044;199156,36;165048,46;4944,12;0;6306;6298;8;0;0;0;0;0;79,92;164968,54;76,36;106;5583;82;71;66,98;0;M;72;FRANBA;0;10;1;10;0;0;384,39;201,64;0;201,64;52,46;0;7;2;0;2;28,57;0;0;-16887,64;-182,75;0;0;722,99;133,64;0;0,3;0;0;0;0;494,91;494,91
25/09/2026 08:30:09;25/09/2026;01/09/2026;25/09/2026;13;E;201;125;216044;199156,36;165048,46;4944,12;0;6306;6298;8;0;0;0;0;0;79,92;164968,54;76,36;106;5583;82;71;66,98;0;M;47;SOFFIE;0;15;;;0;0;1452,75;;0;0;0;0;5;;;;0;0;0;-16887,64;-1452,75;0;0;722,99;133,64;0;0,3;0;0;0;0;494,91;494,91
25/09/2026 08:30:09;25/09/2026;01/09/2026;25/09/2026;13;E;201;125;216044;199156,36;165048,46;4944,12;0;6306;6298;8;0;0;0;0;0;79,92;164968,54;76,36;106;5583;82;71;66,98;0;M;66;COCO SHOW;0;10;;;0;0;1000;;0;0;0;0;20;;;;0;0;0;-16887,64;-1000;0;0;722,99;133,64;0;0,3;0;0;0;0;494,91;494,91
25/09/2026 08:30:09;25/09/2026;01/09/2026;25/09/2026;13;E;201;125;216044;199156,36;165048,46;4944,12;0;6306;6298;8;0;0;0;0;0;79,92;164968,54;76,36;106;5583;82;71;66,98;0;M;60;RICLAN;0;17;13;76,47;0;0;2692,56;1819,25;0;1819,25;67,57;0;191;157;0;157;82,2;0;0;-16887,64;-873,31;0;0;722,99;133,64;0;0,3;0;0;0;0;494,91;494,91
25/09/2026 08:30:09;25/09/2026;01/09/2026;25/09/2026;13;E;201;125;216044;199156,36;165048,46;4944,12;0;6306;6298;8;0;0;0;0;0;79,92;164968,54;76,36;106;5583;82;71;66,98;0;M;59;CASA SUICA;0;10;2;20;0;0;3013,52;835,17;0;835,17;27,71;0;20;45;0;45;225;1;0;-16887,64;-2178,35;0;0;722,99;133,64;0;0,3;0;0;0;0;494,91;494,91
25/09/2026 08:30:09;25/09/2026;01/09/2026;25/09/2026;13;E;201;125;216044;199156,36;165048,46;4944,12;0;6306;6298;8;0;0;0;0;0;79,92;164968,54;76,36;106;5583;82;71;66,98;0;M;51;GUANABARA;0;30;7;23,33;0;0;3000;1986,62;0;1986,62;66,22;0;19;14;0;14;73,68;0;0;-16887,64;-1013,38;0;0;722,99;133,64;0;0,3;0;0;0;0;494,91;494,91
25/09/2026 08:30:09;25/09/2026;01/09/2026;25/09/2026;13;E;201;125;216044;199156,36;165048,46;4944,12;0;6306;6298;8;0;0;0;0;0;79,92;164968,54;76,36;106;5583;82;71;66,98;0;M;44;JDE;0;55;36;65,45;0;0;38623,45;14817,95;0;14817,95;38,37;0;1880;1331;0;1331;70,8;0;0;-16887,64;-23805,5;0;0;722,99;133,64;0;0,3;0;0;0;0;494,91;494,91
25/09/2026 08:30:09;25/09/2026;01/09/2026;25/09/2026;26;E;224;83;112056;93302,79;95300,89;4952,5;0;5086;4943;143;0;0;0;0;0;3208,39;92092,5;82,18;71;2191;60;62;87,32;0;M;1;JAV;0;39;56;143,59;203,44;0;63489,85;69668,86;1856,79;67812,07;106,81;0;1519;2860;69;2791;183,74;81,37;135,62;-18753,21;4322,22;0;339,06;1375,6;877,97;0;0,3;0;0;0;0;276,28;276,28
25/09/2026 08:30:09;25/09/2026;01/09/2026;25/09/2026;26;E;224;83;112056;93302,79;95300,89;4952,5;0;5086;4943;143;0;0;0;0;0;3208,39;92092,5;82,18;71;2191;60;62;87,32;0;M;13;COPRA;0;9;10;111,11;20,36;0;5810,54;2758,07;213,4;2544,67;43,79;0;44;58;5;53;120,45;7,89;0;-18753,21;-3265,87;0;20,36;1375,6;877,97;0;0,3;0;0;0;0;276,28;276,28
25/09/2026 08:30:09;25/09/2026;01/09/2026;25/09/2026;26;E;224;83;112056;93302,79;95300,89;4952,5;0;5086;4943;143;0;0;0;0;0;3208,39;92092,5;82,18;71;2191;60;62;87,32;0;M;18;SABORELLE - RACAO;0;6;4;66,67;0;0;3761,75;1851,58;203,93;1647,65;43,8;0;22;32;1;31;140,91;5,11;0;-18753,21;-2114,1;0;0;1375,6;877,97;0;0,3;0;0;0;0;276,28;276,28
25/09/2026 08:30:09;25/09/2026;01/09/2026;25/09/2026;26;E;224;83;112056;93302,79;95300,89;4952,5;0;5086;4943;143;0;0;0;0;0;3208,39;92092,5;82,18;71;2191;60;62;87,32;0;M;44;JDE;0;22;43;195,45;248,31;0;107422,21;167744,45;2203,2;165541,25;154,1;0;470;1613;10;1603;341,06;99,32;165,54;-18753,21;58119,04;0;413,85;1375,6;877,97;0;0,3;0;0;0;0;276,28;276,28
25/09/2026 08:30:09;25/09/2026;01/09/2026;25/09/2026;26;E;224;83;112056;93302,79;95300,89;4952,5;0;5086;4943;143;0;0;0;0;0;3208,39;92092,5;82,18;71;2191;60;62;87,32;0;M;60;RICLAN;0;12;15;125;7,58;0;1498,61;820,06;237,33;582,73;38,88;0;73;71;29;42;57,53;0;0;-18753,21;-915,88;0;7,58;1375,6;877,97;0;0,3;0;0;0;0;276,28;276,28
25/09/2026 08:30:09;25/09/2026;01/09/2026;25/09/2026;26;E;224;83;112056;93302,79;95300,89;4952,5;0;5086;4943;143;0;0;0;0;0;3208,39;92092,5;82,18;71;2191;60;62;87,32;0;M;63;BRACELL;0;10;11;110;25,82;0;2350,85;3353,12;126,1;3227,02;137,27;0;36;55;2;53;147,22;10;16,78;-18753,21;876,17;0;42,6;1375,6;877,97;0;0,3;0;0;0;0;276,28;276,28
25/09/2026 08:30:09;25/09/2026;01/09/2026;25/09/2026;26;E;224;83;112056;93302,79;95300,89;4952,5;0;5086;4943;143;0;0;0;0;0;3208,39;92092,5;82,18;71;2191;60;62;87,32;0;M;83;ROBINSON CRUSOE;0;6;4;66,67;0;0;659,47;1544,56;112,71;1431,85;217,12;0;5;12;1;11;220;5,44;15,75;-18753,21;772,38;0;15,75;1375,6;877,97;0;0,3;0;0;0;0;276,28;276,28
25/09/2026 08:30:09;25/09/2026;01/09/2026;25/09/2026;26;E;224;83;112056;93302,79;95300,89;4952,5;0;5086;4943;143;0;0;0;0;0;3208,39;92092,5;82,18;71;2191;60;62;87,32;0;M;84;CAPRICHE;0;16;34;212,5;;0;4645,81;6449,68;356,68;6093;131,15;0;184;169;24;145;78,8;0;;-18753,21;1447,19;0;;1375,6;877,97;0;0,3;0;0;0;0;276,28;276,28
25/09/2026 08:30:09;25/09/2026;01/09/2026;25/09/2026;26;E;224;83;112056;93302,79;95300,89;4952,5;0;5086;4943;143;0;0;0;0;0;3208,39;92092,5;82,18;71;2191;60;62;87,32;0;M;69;GAMELEIRA;0;7;6;85,71;9,64;0;11900,78;1785,54;0;1785,54;15;0;138;39;0;39;28,26;0;0;-18753,21;-10115,24;0;9,64;1375,6;877,97;0;0,3;0;0;0;0;276,28;276,28
25/09/2026 08:30:09;25/09/2026;01/09/2026;25/09/2026;26;E;224;83;112056;93302,79;95300,89;4952,5;0;5086;4943;143;0;0;0;0;0;3208,39;92092,5;82,18;71;2191;60;62;87,32;0;M;82;ZICO;0;11;1;9,09;0;0;767,48;178,98;0;178,98;23,32;0;5;1;0;1;20;0;0;-18753,21;-588,5;0;0;1375,6;877,97;0;0,3;0;0;0;0;276,28;276,28
25/09/2026 08:30:09;25/09/2026;01/09/2026;25/09/2026;26;E;224;83;112056;93302,79;95300,89;4952,5;0;5086;4943;143;0;0;0;0;0;3208,39;92092,5;82,18;71;2191;60;62;87,32;0;M;65;MATUTA;0;10;;;0;0;1000;;0;0;0;0;0;;;;;0;0;-18753,21;-1000;0;0;1375,6;877,97;0;0,3;0;0;0;0;276,28;276,28
25/09/2026 08:30:09;25/09/2026;01/09/2026;25/09/2026;26;E;224;83;112056;93302,79;95300,89;4952,5;0;5086;4943;143;0;0;0;0;0;3208,39;92092,5;82,18;71;2191;60;62;87,32;0;M;61;DAVENE;0;5;;;0;0;231,79;;0;0;0;0;1;;;;0;0;0;-18753,21;-231,79;0;0;1375,6;877,97;0;0,3;0;0;0;0;276,28;276,28
25/09/2026 08:30:09;25/09/2026;01/09/2026;25/09/2026;26;E;224;83;112056;93302,79;95300,89;4952,5;0;5086;4943;143;0;0;0;0;0;3208,39;92092,5;82,18;71;2191;60;62;87,32;0;M;51;GUANABARA;0;6;3;50;0;0;563,71;587,17;0;587,17;104,16;0;5;4;0;4;80;0;3,82;-18753,21;23,46;0;3,82;1375,6;877,97;0;0,3;0;0;0;0;276,28;276,28
25/09/2026 08:30:09;25/09/2026;01/09/2026;25/09/2026;26;E;224;83;112056;93302,79;95300,89;4952,5;0;5086;4943;143;0;0;0;0;0;3208,39;92092,5;82,18;71;2191;60;62;87,32;0;M;66;COCO SHOW;0;6;5;83,33;0;0;1430,51;1063,16;0;1063,16;74,32;0;26;44;0;44;169,23;3,3;0;-18753,21;-367,35;0;0;1375,6;877,97;0;0,3;0;0;0;0;276,28;276,28
25/09/2026 08:30:09;25/09/2026;01/09/2026;25/09/2026;19;E;435;99;115070;75621,39;78552,55;1399,78;0;2133;2133;0;0;0;0;0;0;0;78552,55;68,27;84;2654,01;63;63;75;0;M;47;SOFFIE;0;16;;;0;0;1012,1;;0;0;0;0;21;;;;0;0;0;-39448,61;-1012,1;0;0;41,58;25,8;0;0;0;0;0;0;0;0
25/09/2026 08:30:09;25/09/2026;01/09/2026;25/09/2026;19;E;435;99;115070;75621,39;78552,55;1399,78;0;2133;2133;0;0;0;0;0;0;0;78552,55;68,27;84;2654,01;63;63;75;0;M;15;QUEIJOS LELO;0;20;7;35;0;0;1960,41;1062,19;0;1062,19;54,18;0;10;8;0;8;80;0;0;-39448,61;-898,22;0;0;41,58;25,8;0;0;0;0;0;0;0;0
25/09/2026 08:30:09;25/09/2026;01/09/2026;25/09/2026;19;E;435;99;115070;75621,39;78552,55;1399,78;0;2133;2133;0;0;0;0;0;0;0;78552,55;68,27;84;2654,01;63;63;75;0;M;82;ZICO;0;7;;;0;0;1000;;0;0;0;0;7;;;;0;0;0;-39448,61;-1000;0;0;41,58;25,8;0;0;0;0;0;0;0;0
25/09/2026 08:30:09;25/09/2026;01/09/2026;25/09/2026;19;E;435;99;115070;75621,39;78552,55;1399,78;0;2133;2133;0;0;0;0;0;0;0;78552,55;68,27;84;2654,01;63;63;75;0;M;53;CASAKM;0;60;39;65;0;0;34031,76;23894,7;0;23894,7;70,21;0;604;451;0;451;74,67;0;0;-39448,61;-10137,06;0;0;41,58;25,8;0;0;0;0;0;0;0;0
25/09/2026 08:30:09;25/09/2026;01/09/2026;25/09/2026;19;E;435;99;115070;75621,39;78552,55;1399,78;0;2133;2133;0;0;0;0;0;0;0;78552,55;68,27;84;2654,01;63;63;75;0;M;13;COPRA;0;59;35;59,32;0;0;19016,01;7641,67;0;7641,67;40,19;0;619;312;0;312;50,4;0;0;-39448,61;-11374,34;0;0;41,58;25,8;0;0;0;0;0;0;0;0
25/09/2026 08:30:09;25/09/2026;01/09/2026;25/09/2026;19;E;436;64;50258;22702,14;19259,85;509,14;0;1148;1143;5;0;0;0;0;0;166,28;19093,57;37,99;54;1430,13;31;27;50;0;M;1;JAV;0;52;26;50;0;0;39179,88;17658,79;166,28;17492,51;44,65;0;1134;536;5;531;46,83;0;0;-27555,86;-21687,37;0;0;0;0;0;0;0;0;0;0;0;0
25/09/2026 08:30:09;25/09/2026;01/09/2026;25/09/2026;19;E;436;64;50258;22702,14;19259,85;509,14;0;1148;1143;5;0;0;0;0;0;166,28;19093,57;37,99;54;1430,13;31;27;50;0;M;83;ROBINSON CRUSOE;0;10;;;0;0;1343,91;;0;0;0;0;15;;;;0;0;0;-27555,86;-1343,91;0;0;0;0;0;0;0;0;0;0;0;0
25/09/2026 08:30:09;25/09/2026;01/09/2026;25/09/2026;19;E;436;64;50258;22702,14;19259,85;509,14;0;1148;1143;5;0;0;0;0;0;166,28;19093,57;37,99;54;1430,13;31;27;50;0;M;63;BRACELL;0;15;1;6,67;0;0;2373,93;80,42;0;80,42;3,39;0;83;6;0;6;7,23;0;0;-27555,86;-2293,51;0;0;0;0;0;0;0;0;0;0;0;0
25/09/2026 08:30:09;25/09/2026;01/09/2026;25/09/2026;19;E;436;64;50258;22702,14;19259,85;509,14;0;1148;1143;5;0;0;0;0;0;166,28;19093,57;37,99;54;1430,13;31;27;50;0;M;66;COCO SHOW;0;20;6;30;0;0;2137,09;849,65;0;849,65;39,76;0;127;86;0;86;67,72;0;0;-27555,86;-1287,44;0;0;0;0;0;0;0;0;0;0;0;0
25/09/2026 08:30:09;25/09/2026;01/09/2026;25/09/2026;19;E;436;64;50258;22702,14;19259,85;509,14;0;1148;1143;5;0;0;0;0;0;166,28;19093,57;37,99;54;1430,13;31;27;50;0;M;65;MATUTA;0;10;;;0;0;1003,99;;0;0;0;0;10;;;;0;0;0;-27555,86;-1003,99;0;0;0;0;0;0;0;0;0;0;0;0
25/09/2026 08:30:09;25/09/2026;01/09/2026;25/09/2026;19;E;436;64;50258;22702,14;19259,85;509,14;0;1148;1143;5;0;0;0;0;0;166,28;19093,57;37,99;54;1430,13;31;27;50;0;M;52;GREEN;0;12;1;8,33;0;0;1184,15;423,99;0;423,99;35,81;0;25;6;0;6;24;0;0;-27555,86;-760,16;0;0;0;0;0;0;0;0;0;0;0;0
25/09/2026 08:30:09;25/09/2026;01/09/2026;25/09/2026;19;E;436;64;50258;22702,14;19259,85;509,14;0;1148;1143;5;0;0;0;0;0;166,28;19093,57;37,99;54;1430,13;31;27;50;0;M;74;BRAVA;0;10;;;0;0;1000;;0;0;0;0;10;;;;0;0;0;-27555,86;-1000;0;0;0;0;0;0;0;0;0;0;0;0
25/09/2026 08:30:09;25/09/2026;01/09/2026;25/09/2026;19;E;436;64;50258;22702,14;19259,85;509,14;0;1148;1143;5;0;0;0;0;0;166,28;19093,57;37,99;54;1430,13;31;27;50;0;M;44;JDE;0;36;20;55,56;0;0;44653,9;19159,86;0;19159,86;42,91;0;800;508;0;508;63,5;0;0;-27555,86;-25494,04;0;0;0;0;0;0;0;0;0;0;0;0
25/09/2026 08:30:09;25/09/2026;01/09/2026;25/09/2026;19;E;436;64;50258;22702,14;19259,85;509,14;0;1148;1143;5;0;0;0;0;0;166,28;19093,57;37,99;54;1430,13;31;27;50;0;M;82;ZICO;0;7;;;0;0;1000;;0;0;0;0;7;;;;0;0;0;-27555,86;-1000;0;0;0;0;0;0;0;0;0;0;0;0
25/09/2026 08:30:09;25/09/2026;01/09/2026;25/09/2026;19;E;436;64;50258;22702,14;19259,85;509,14;0;1148;1143;5;0;0;0;0;0;166,28;19093,57;37,99;54;1430,13;31;27;50;0;M;6;SOL BEBIDAS;0;11;1;9,09;0;0;1035,5;200,2;0;200,2;19,33;0;19;5;0;5;26,32;0;0;-27555,86;-835,3;0;0;0;0;0;0;0;0;0;0;0;0
25/09/2026 08:30:09;25/09/2026;01/09/2026;25/09/2026;19;E;445;79;69670;37799,49;40830,28;815,54;0;1445;1443;2;0;0;0;0;0;99,8;40730,48;58,46;67;1962;34;40;59,7;0;M;2;MARILAN;0;39;25;64,1;0;0;25277,53;15497,77;99,8;15397,97;60,92;0;663;377;2;375;56,56;0;0;-31870,51;-9879,56;0;0;87,02;70,33;0;0;0;0;0;0;0;0
25/09/2026 08:30:09;25/09/2026;01/09/2026;25/09/2026;19;E;445;79;69670;37799,49;40830,28;815,54;0;1445;1443;2;0;0;0;0;0;99,8;40730,48;58,46;67;1962;34;40;59,7;0;M;15;QUEIJOS LELO;0;20;;;0;0;1002,53;;0;0;0;0;3;;;;0;0;0;-31870,51;-1002,53;0;0;87,02;70,33;0;0;0;0;0;0;0;0
25/09/2026 08:30:09;25/09/2026;01/09/2026;25/09/2026;19;E;445;79;69670;37799,49;40830,28;815,54;0;1445;1443;2;0;0;0;0;0;99,8;40730,48;58,46;67;1962;34;40;59,7;0;M;44;JDE;0;18;23;127,78;18,25;0;20000;12169,18;0;12169,18;60,85;0;729;342;0;342;46,91;0;0;-31870,51;-7830,82;0;18,25;87,02;70,33;0;0;0;0;0;0;0;0
25/09/2026 08:30:09;25/09/2026;01/09/2026;25/09/2026;19;E;445;79;69670;37799,49;40830,28;815,54;0;1445;1443;2;0;0;0;0;0;99,8;40730,48;58,46;67;1962;34;40;59,7;0;M;60;RICLAN;0;15;11;73,33;0;0;2645,94;1281,07;0;1281,07;48,42;0;148;73;0;73;49,32;0;0;-31870,51;-1364,87;0;0;87,02;70,33;0;0;0;0;0;0;0;0
25/09/2026 08:30:09;25/09/2026;01/09/2026;25/09/2026;19;E;445;79;69670;37799,49;40830,28;815,54;0;1445;1443;2;0;0;0;0;0;99,8;40730,48;58,46;67;1962;34;40;59,7;0;M;47;SOFFIE;0;7;;;0;0;2036,04;;0;0;0;0;19;;;;0;0;0;-31870,51;-2036,04;0;0;87,02;70,33;0;0;0;0;0;0;0;0
25/09/2026 08:30:09;25/09/2026;01/09/2026;25/09/2026;19;E;445;79;69670;37799,49;40830,28;815,54;0;1445;1443;2;0;0;0;0;0;99,8;40730,48;58,46;67;1962;34;40;59,7;0;M;6;SOL BEBIDAS;0;6;3;50;0;0;1000;243,34;0;243,34;24,33;0;13;5;0;5;38,46;0;0;-31870,51;-756,66;0;0;87,02;70,33;0;0;0;0;0;0;0;0
25/09/2026 08:30:09;25/09/2026;01/09/2026;25/09/2026;19;E;445;79;69670;37799,49;40830,28;815,54;0;1445;1443;2;0;0;0;0;0;99,8;40730,48;58,46;67;1962;34;40;59,7;0;M;18;SABORELLE - RACAO;0;9;2;22,22;0;0;1687,4;2383,16;0;2383,16;141,23;0;8;14;0;14;175;7,39;9,53;-31870,51;695,76;0;9,53;87,02;70,33;0;0;0;0;0;0;0;0
25/09/2026 08:30:09;25/09/2026;01/09/2026;25/09/2026;19;E;445;79;69670;37799,49;40830,28;815,54;0;1445;1443;2;0;0;0;0;0;99,8;40730,48;58,46;67;1962;34;40;59,7;0;M;74;BRAVA;0;10;3;30;0;0;1870,1;324,4;0;324,4;17,35;0;43;6;0;6;13,95;0;0;-31870,51;-1545,7;0;0;87,02;70,33;0;0;0;0;0;0;0;0
25/09/2026 08:30:09;25/09/2026;01/09/2026;25/09/2026;19;E;445;79;69670;37799,49;40830,28;815,54;0;1445;1443;2;0;0;0;0;0;99,8;40730,48;58,46;67;1962;34;40;59,7;0;M;51;GUANABARA;0;15;1;6,67;0;0;1143,14;667,76;0;667,76;58,41;0;12;4;0;4;33,33;0;0;-31870,51;-475,38;0;0;87,02;70,33;0;0;0;0;0;0;0;0
25/09/2026 08:30:09;25/09/2026;01/09/2026;25/09/2026;19;E;445;79;69670;37799,49;40830,28;815,54;0;1445;1443;2;0;0;0;0;0;99,8;40730,48;58,46;67;1962;34;40;59,7;0;M;66;COCO SHOW;0;10;6;60;0;0;1003,29;522,81;0;522,81;52,11;0;30;33;0;33;110;1,62;0;-31870,51;-480,48;0;0;87,02;70,33;0;0;0;0;0;0;0;0
25/09/2026 08:30:09;25/09/2026;01/09/2026;25/09/2026;19;E;445;79;69670;37799,49;40830,28;815,54;0;1445;1443;2;0;0;0;0;0;99,8;40730,48;58,46;67;1962;34;40;59,7;0;M;82;ZICO;0;7;;;0;0;1000;;0;0;0;0;7;;;;0;0;0;-31870,51;-1000;0;0;87,02;70,33;0;0;0;0;0;0;0;0
25/09/2026 08:30:09;25/09/2026;01/09/2026;25/09/2026;19;E;445;79;69670;37799,49;40830,28;815,54;0;1445;1443;2;0;0;0;0;0;99,8;40730,48;58,46;67;1962;34;40;59,7;0;M;53;CASAKM;0;22;10;45,45;0;0;6577,8;2954,66;0;2954,66;44,92;0;218;64;0;64;29,36;0;0;-31870,51;-3623,14;0;0;87,02;70,33;0;0;0;0;0;0;0;0
25/09/2026 08:30:09;25/09/2026;01/09/2026;25/09/2026;19;E;445;79;69670;37799,49;40830,28;815,54;0;1445;1443;2;0;0;0;0;0;99,8;40730,48;58,46;67;1962;34;40;59,7;0;M;1;JAV;0;35;30;85,71;17,25;0;10000;13267,77;0;13267,77;132,68;0;536;422;0;422;78,73;0;19,9;-31870,51;3267,77;0;37,15;87,02;70,33;0;0;0;0;0;0;0;0
25/09/2026 08:30:09;25/09/2026;01/09/2026;25/09/2026;19;E;445;79;69670;37799,49;40830,28;815,54;0;1445;1443;2;0;0;0;0;0;99,8;40730,48;58,46;67;1962;34;40;59,7;0;M;69;GAMELEIRA;0;10;3;30;0;0;1000;489,52;0;489,52;48,95;0;10;8;0;8;80;0;0;-31870,51;-510,48;0;0;87,02;70,33;0;0;0;0;0;0;0;0
25/09/2026 08:30:09;25/09/2026;01/09/2026;25/09/2026;19;E;445;79;69670;37799,49;40830,28;815,54;0;1445;1443;2;0;0;0;0;0;99,8;40730,48;58,46;67;1962;34;40;59,7;0;M;65;MATUTA;0;10;1;10;0;0;1000;159,22;0;159,22;15,92;0;16;2;0;2;12,5;0;0;-31870,51;-840,78;0;0;87,02;70,33;0;0;0;0;0;0;0;0
23/09/2026 17:26:43;31/08/2026;01/08/2026;31/08/2026;13;E;482;64;55500;42872,06;50079,49;1699,03;0;2590;2560;30;0;0;0;0;0;462,85;49616,64;89,4;54;1000,02;38;46;85,19;0;M;52;GREEN;0;14;4;28,57;0;0;3000;103,16;25,01;78,15;2,61;0;20;4;1;3;15;0;0;-12627,94;-2921,85;0;0;222,13;37,59;0;0,3;0;0;0;0;148,85;148,85
23/09/2026 17:26:43;31/08/2026;01/08/2026;31/08/2026;13;E;482;64;55500;42872,06;50079,49;1699,03;0;2590;2560;30;0;0;0;0;0;462,85;49616,64;89,4;54;1000,02;38;46;85,19;0;M;83;ROBINSON CRUSOE;0;15;1;6,67;0;0;2000;152,36;0;152,36;7,62;0;15;2;0;2;13,33;0;0;-12627,94;-1847,64;0;0;222,13;37,59;0;0,3;0;0;0;0;148,85;148,85
23/09/2026 17:26:43;31/08/2026;01/08/2026;31/08/2026;13;E;482;64;55500;42872,06;50079,49;1699,03;0;2590;2560;30;0;0;0;0;0;462,85;49616,64;89,4;54;1000,02;38;46;85,19;0;M;65;MATUTA;0;18;;;0;0;1000;;0;0;0;0;7;;;;0;0;0;-12627,94;-1000;0;0;222,13;37,59;0;0,3;0;0;0;0;148,85;148,85
23/09/2026 17:26:43;31/08/2026;01/08/2026;31/08/2026;13;E;482;64;55500;42872,06;50079,49;1699,03;0;2590;2560;30;0;0;0;0;0;462,85;49616,64;89,4;54;1000,02;38;46;85,19;0;M;69;GAMELEIRA;0;9;;;0;0;1000;;0;0;0;0;8;;;;0;0;0;-12627,94;-1000;0;0;222,13;37,59;0;0,3;0;0;0;0;148,85;148,85
23/09/2026 17:26:43;31/08/2026;01/08/2026;31/08/2026;13;E;482;64;55500;42872,06;50079,49;1699,03;0;2590;2560;30;0;0;0;0;0;462,85;49616,64;89,4;54;1000,02;38;46;85,19;0;M;63;BRACELL;0;19;7;36,84;0;0;3000;973,87;0;973,87;32,46;0;19;21;0;21;110,53;3,02;0;-12627,94;-2026,13;0;0;222,13;37,59;0;0,3;0;0;0;0;148,85;148,85
23/09/2026 17:26:43;31/08/2026;01/08/2026;31/08/2026;13;E;482;64;55500;42872,06;50079,49;1699,03;0;2590;2560;30;0;0;0;0;0;462,85;49616,64;89,4;54;1000,02;38;46;85,19;0;M;72;FRANBA;0;10;1;10;0;0;1000;102,85;0;102,85;10,29;0;10;1;0;1;10;0;0;-12627,94;-897,15;0;0;222,13;37,59;0;0,3;0;0;0;0;148,85;148,85
23/09/2026 17:26:43;31/08/2026;01/08/2026;31/08/2026;13;E;482;64;55500;42872,06;50079,49;1699,03;0;2590;2560;30;0;0;0;0;0;462,85;49616,64;89,4;54;1000,02;38;46;85,19;0;M;6;SOL BEBIDAS;0;10;1;10;0;0;2000;36,79;0;36,79;1,84;0;10;1;0;1;10;0;0;-12627,94;-1963,21;0;0;222,13;37,59;0;0,3;0;0;0;0;148,85;148,85
23/09/2026 17:26:43;31/08/2026;01/08/2026;31/08/2026;13;E;482;64;55500;42872,06;50079,49;1699,03;0;2590;2560;30;0;0;0;0;0;462,85;49616,64;89,4;54;1000,02;38;46;85,19;0;M;82;ZICO;0;0;;;0;0;1000;;0;0;0;0;0;;;;;0;0;-12627,94;-1000;0;0;222,13;37,59;0;0,3;0;0;0;0;148,85;148,85
23/09/2026 17:26:43;31/08/2026;01/08/2026;31/08/2026;13;E;482;64;55500;42872,06;50079,49;1699,03;0;2590;2560;30;0;0;0;0;0;462,85;49616,64;89,4;54;1000,02;38;46;85,19;0;M;61;DAVENE;0;10;;;0;0;500;;0;0;0;0;20;;;;0;0;0;-12627,94;-500;0;0;222,13;37,59;0;0,3;0;0;0;0;148,85;148,85
23/09/2026 17:26:43;31/08/2026;01/08/2026;31/08/2026;13;E;482;64;55500;42872,06;50079,49;1699,03;0;2590;2560;30;0;0;0;0;0;462,85;49616,64;89,4;54;1000,02;38;46;85,19;0;M;66;COCO SHOW;0;9;10;111,11;5,81;0;1000;726,24;0;726,24;72,62;0;64;46;0;46;71,88;0;0;-12627,94;-273,76;0;5,81;222,13;37,59;0;0,3;0;0;0;0;148,85;148,85
23/09/2026 17:26:43;31/08/2026;01/08/2026;31/08/2026;20;E;483;78;48700;50161,14;49848,68;947,86;46,7;2133;2006;127;0;0;0;0;0;3152,69;46695,99;95,88;66;1361,01;57;56;84,85;0;M;1;JAV;0;50;53;106;97,29;0;28000;33973,04;1541,79;32431,25;115,83;0;977;1296;30;1266;129,58;38,92;48,65;1461,14;4431,25;46,7;145,94;418,98;216,8;0;0,3;0;0;0;0;140,09;140,09
23/09/2026 17:26:43;31/08/2026;01/08/2026;31/08/2026;20;E;483;78;48700;50161,14;49848,68;947,86;46,7;2133;2006;127;0;0;0;0;0;3152,69;46695,99;95,88;66;1361,01;57;56;84,85;0;M;2;MARILAN;0;25;17;68;0;0;8000;5114,43;134,36;4980,07;62,25;0;253;99;2;97;38,34;0;0;1461,14;-3019,93;46,7;0;418,98;216,8;0;0,3;0;0;0;0;140,09;140,09
23/09/2026 17:26:43;31/08/2026;01/08/2026;31/08/2026;20;E;483;78;48700;50161,14;49848,68;947,86;46,7;2133;2006;127;0;0;0;0;0;3152,69;46695,99;95,88;66;1361,01;57;56;84,85;0;M;18;SABORELLE - RACAO;0;8;1;12,5;0;0;1500;150,64;150,64;0;0;0;16;1;1;0;0;0;0;1461,14;-1500;46,7;0;418,98;216,8;0;0,3;0;0;0;0;140,09;140,09
23/09/2026 17:26:43;31/08/2026;01/08/2026;31/08/2026;20;E;483;78;48700;50161,14;49848,68;947,86;46,7;2133;2006;127;0;0;0;0;0;3152,69;46695,99;95,88;66;1361,01;57;56;84,85;0;M;44;JDE;0;35;26;74,29;0;0;30000;13741,73;110,52;13631,21;45,44;0;902;369;36;333;36,92;0;0;1461,14;-16368,79;46,7;0;418,98;216,8;0;0,3;0;0;0;0;140,09;140,09
23/09/2026 17:26:43;31/08/2026;01/08/2026;31/08/2026;20;E;483;78;48700;50161,14;49848,68;947,86;46,7;2133;2006;127;0;0;0;0;0;3152,69;46695,99;95,88;66;1361,01;57;56;84,85;0;M;63;BRACELL;0;17;10;58,82;0;0;2500;2421;720;1701;68,04;0;30;106;48;58;193,33;5,27;0;1461,14;-799;46,7;0;418,98;216,8;0;0,3;0;0;0;0;140,09;140,09
23/09/2026 17:26:43;31/08/2026;01/08/2026;31/08/2026;20;E;483;78;48700;50161,14;49848,68;947,86;46,7;2133;2006;127;0;0;0;0;0;3152,69;46695,99;95,88;66;1361,01;57;56;84,85;0;M;69;GAMELEIRA;0;11;4;36,36;0;0;500;939,13;261,65;677,48;135,5;0;5;15;5;10;200;2,57;3,39;1461,14;177,48;46,7;3,39;418,98;216,8;0;0,3;0;0;0;0;140,09;140,09
23/09/2026 17:26:43;31/08/2026;01/08/2026;31/08/2026;20;E;483;78;48700;50161,14;49848,68;947,86;46,7;2133;2006;127;0;0;0;0;0;3152,69;46695,99;95,88;66;1361,01;57;56;84,85;0;M;83;ROBINSON CRUSOE;0;15;6;40;0;0;1000;1732,09;248;1484,09;148,41;0;8;15;2;13;162,5;5,64;11,87;1461,14;484,09;46,7;11,87;418,98;216,8;0;0,3;0;0;0;0;140,09;140,09
23/09/2026 17:26:43;31/08/2026;01/08/2026;31/08/2026;20;E;483;78;48700;50161,14;49848,68;947,86;46,7;2133;2006;127;0;0;0;0;0;3152,69;46695,99;95,88;66;1361,01;57;56;84,85;0;M;52;GREEN;0;4;2;50;0;0;1000;75,41;0;75,41;7,54;0;2;2;0;2;100;0,29;0;1461,14;-924,59;46,7;0;418,98;216,8;0;0,3;0;0;0;0;140,09;140,09
23/09/2026 17:26:43;31/08/2026;01/08/2026;31/08/2026;20;E;483;78;48700;50161,14;49848,68;947,86;46,7;2133;2006;127;0;0;0;0;0;3152,69;46695,99;95,88;66;1361,01;57;56;84,85;0;M;66;COCO SHOW;0;7;1;14,29;0;0;1000;268;0;268;26,8;0;2;8;0;8;400;0,83;0;1461,14;-732;46,7;0;418,98;216,8;0;0,3;0;0;0;0;140,09;140,09
23/09/2026 17:26:43;31/08/2026;01/08/2026;31/08/2026;20;E;483;78;48700;50161,14;49848,68;947,86;46,7;2133;2006;127;0;0;0;0;0;3152,69;46695,99;95,88;66;1361,01;57;56;84,85;0;M;13;COPRA;0;15;7;46,67;0;0;1500;1940,82;0;1940,82;129,39;0;19;75;0;75;394,74;6,02;7,76;1461,14;440,82;46,7;7,76;418,98;216,8;0;0,3;0;0;0;0;140,09;140,09
23/09/2026 17:26:43;31/08/2026;01/08/2026;31/08/2026;20;E;483;78;48700;50161,14;49848,68;947,86;46,7;2133;2006;127;0;0;0;0;0;3152,69;46695,99;95,88;66;1361,01;57;56;84,85;0;M;47;SOFFIE;0;10;;;0;0;1000;;0;0;0;0;10;;;;0;0;0;1461,14;-1000;46,7;0;418,98;216,8;0;0,3;0;0;0;0;140,09;140,09
23/09/2026 17:26:43;31/08/2026;01/08/2026;31/08/2026;20;E;483;78;48700;50161,14;49848,68;947,86;46,7;2133;2006;127;0;0;0;0;0;3152,69;46695,99;95,88;66;1361,01;57;56;84,85;0;M;6;SOL BEBIDAS;0;6;3;50;0;0;500;454,72;0;454,72;90,94;0;9;7;0;7;77,78;0;1,14;1461,14;-45,28;46,7;1,14;418,98;216,8;0;0,3;0;0;0;0;140,09;140,09
23/09/2026 17:26:43;31/08/2026;01/08/2026;31/08/2026;20;E;483;78;48700;50161,14;49848,68;947,86;46,7;2133;2006;127;0;0;0;0;0;3152,69;46695,99;95,88;66;1361,01;57;56;84,85;0;M;15;QUEIJOS LELO;0;6;;;0;0;500;;0;0;0;0;10;;;;0;0;0;1461,14;-500;46,7;0;418,98;216,8;0;0,3;0;0;0;0;140,09;140,09
23/09/2026 17:26:43;31/08/2026;01/08/2026;31/08/2026;20;E;483;78;48700;50161,14;49848,68;947,86;46,7;2133;2006;127;0;0;0;0;0;3152,69;46695,99;95,88;66;1361,01;57;56;84,85;0;M;82;ZICO;0;4;1;25;0;0;500;170;0;170;34;0;10;1;0;1;10;0;0;1461,14;-330;46,7;0;418,98;216,8;0;0,3;0;0;0;0;140,09;140,09
23/09/2026 17:26:43;31/08/2026;01/08/2026;31/08/2026;20;E;483;78;48700;50161,14;49848,68;947,86;46,7;2133;2006;127;0;0;0;0;0;3152,69;46695,99;95,88;66;1361,01;57;56;84,85;0;M;53;CASAKM;0;10;7;70;0;0;1200;823,02;0;823,02;68,59;0;10;11;0;11;110;2,55;0;1461,14;-376,98;46,7;0;418,98;216,8;0;0,3;0;0;0;0;140,09;140,09
23/09/2026 17:26:43;31/08/2026;01/08/2026;31/08/2026;27;E;485;101;0;82737,77;81536,23;2806,07;0;1936;1876;60;0;0;0;0;0;1364,55;80171,68;;86;0,19;44;44;51,16;0;M;2;MARILAN;0;52;40;76,92;0;0;80000;56510,17;1000,07;55510,1;69,39;0;2986;1312;46;1266;42,4;0;0;82737,77;-24489,9;0;0;468,37;171,48;0;0,3;0;0;0;0;240,52;240,52
23/09/2026 17:26:43;31/08/2026;01/08/2026;31/08/2026;27;E;485;101;0;82737,77;81536,23;2806,07;0;1936;1876;60;0;0;0;0;0;1364,55;80171,68;;86;0,19;44;44;51,16;0;M;13;COPRA;0;27;29;107,41;82,28;0;10000;10410,42;126,04;10284,38;102,84;0;179;296;2;294;164,25;31,88;53,48;82737,77;284,38;0;135,76;468,37;171,48;0;0,3;0;0;0;0;240,52;240,52
23/09/2026 17:26:43;31/08/2026;01/08/2026;31/08/2026;27;E;485;101;0;82737,77;81536,23;2806,07;0;1936;1876;60;0;0;0;0;0;1364,55;80171,68;;86;0,19;44;44;51,16;0;M;53;CASAKM;0;25;17;68;0;0;6000;5233,21;238,44;4994,77;83,25;0;50;150;12;138;276;15,48;0;82737,77;-1005,23;0;0;468,37;171,48;0;0,3;0;0;0;0;240,52;240,52
23/09/2026 17:26:43;31/08/2026;01/08/2026;31/08/2026;27;E;485;101;0;82737,77;81536,23;2806,07;0;1936;1876;60;0;0;0;0;0;1364,55;80171,68;;86;0,19;44;44;51,16;0;M;82;ZICO;0;26;6;23,08;0;0;1000;4430;0;4430;443;0;25;26;0;26;104;;;82737,77;3430;0;;468,37;171,48;0;0,3;0;0;0;0;240,52;240,52
25/09/2026 08:30:09;25/09/2026;01/09/2026;25/09/2026;26;E;224;83;112056;93302,79;95300,89;4952,5;0;5086;4943;143;0;0;0;0;0;3208,39;92092,5;82,18;71;2191;60;62;87,32;0;M;74;BRAVA;0;8;1;12,5;0;0;3906,84;560;0;560;14,33;0;29;10;0;10;34,48;0;0;-18753,21;-3346,84;0;0;1375,6;877,97;0;0,3;0;0;0;0;276,28;276,28
25/09/2026 08:30:09;25/09/2026;01/09/2026;25/09/2026;26;E;224;83;112056;93302,79;95300,89;4952,5;0;5086;4943;143;0;0;0;0;0;3208,39;92092,5;82,18;71;2191;60;62;87,32;0;M;53;CASAKM;0;11;7;63,64;0;0;4686,75;2034,81;0;2034,81;43,42;0;46;33;0;33;71,74;0;0;-18753,21;-2651,94;0;0;1375,6;877,97;0;0,3;0;0;0;0;276,28;276,28
25/09/2026 08:30:09;25/09/2026;01/09/2026;25/09/2026;26;E;224;83;112056;93302,79;95300,89;4952,5;0;5086;4943;143;0;0;0;0;0;3208,39;92092,5;82,18;71;2191;60;62;87,32;0;M;6;SOL BEBIDAS;0;4;7;175;13,57;0;459,75;1044,23;0;1044,23;227,13;0;6;19;0;19;316,67;3,97;6,79;-18753,21;584,48;0;20,36;1375,6;877,97;0;0,3;0;0;0;0;276,28;276,28
25/09/2026 08:30:09;25/09/2026;01/09/2026;25/09/2026;26;E;224;83;112056;93302,79;95300,89;4952,5;0;5086;4943;143;0;0;0;0;0;3208,39;92092,5;82,18;71;2191;60;62;87,32;0;M;15;QUEIJOS LELO;0;4;1;25;0;0;740,43;539,62;0;539,62;72,88;0;3;4;0;4;133,33;2,05;0;-18753,21;-200,81;0;0;1375,6;877,97;0;0,3;0;0;0;0;276,28;276,28
25/09/2026 08:30:09;25/09/2026;01/09/2026;25/09/2026;26;E;224;83;112056;93302,79;95300,89;4952,5;0;5086;4943;143;0;0;0;0;0;3208,39;92092,5;82,18;71;2191;60;62;87,32;0;M;47;SOFFIE;0;13;;;0;0;815,77;;0;0;0;0;13;;;;0;0;0;-18753,21;-815,77;0;0;1375,6;877,97;0;0,3;0;0;0;0;276,28;276,28
25/09/2026 08:30:09;25/09/2026;01/09/2026;25/09/2026;26;E;224;83;112056;93302,79;95300,89;4952,5;0;5086;4943;143;0;0;0;0;0;3208,39;92092,5;82,18;71;2191;60;62;87,32;0;M;52;GREEN;0;8;4;50;0;0;2586,19;203,55;0;203,55;7,87;0;32;4;0;4;12,5;0;0;-18753,21;-2382,64;0;0;1375,6;877,97;0;0,3;0;0;0;0;276,28;276,28
25/09/2026 08:30:09;25/09/2026;01/09/2026;25/09/2026;26;E;224;83;112056;93302,79;95300,89;4952,5;0;5086;4943;143;0;0;0;0;0;3208,39;92092,5;82,18;71;2191;60;62;87,32;0;M;72;FRANBA;0;7;3;42,86;0;0;749,86;761,9;0;761,9;101,61;0;4;8;0;8;200;2,9;4,95;-18753,21;12,04;0;4,95;1375,6;877,97;0;0,3;0;0;0;0;276,28;276,28
25/09/2026 08:30:09;25/09/2026;01/09/2026;25/09/2026;13;E;235;56;0;405,84;405,84;-18,93;0;5;-13;18;0;0;0;0;0;1015,3;-609,46;;48;0,17;1;1;2,08;0;M;47;SOFFIE;0;10;;;0;0;4184,06;;0;0;0;0;14;;;;0;0;0;405,84;-4184,06;0;0;0;0;0;0;0;0;0;0;0;0
25/09/2026 08:30:09;25/09/2026;01/09/2026;25/09/2026;13;E;235;56;0;405,84;405,84;-18,93;0;5;-13;18;0;0;0;0;0;1015,3;-609,46;;48;0,17;1;1;2,08;0;M;61;DAVENE;0;15;;;0;0;1444,39;;0;0;0;0;6;;;;0;0;0;405,84;-1444,39;0;0;0;0;0;0;0;0;0;0;0;0
25/09/2026 08:30:09;25/09/2026;01/09/2026;25/09/2026;20;E;241;37;136677;106796,41;95609,5;2429,27;0;2519;2519;0;0;0;0;0;0;0;95609,5;69,95;31;2979,01;26;24;77,42;0;M;18;SABORELLE - RACAO;0;5;1;20;0;0;2000,43;354,57;0;354,57;17,72;0;12,276;2;0;2;16,29;0;0;-29880,59;-1645,86;0;0;98,84;31,11;0;0;0;0;0;0;0;0
25/09/2026 08:30:09;25/09/2026;01/09/2026;25/09/2026;20;E;241;37;136677;106796,41;95609,5;2429,27;0;2519;2519;0;0;0;0;0;0;0;95609,5;69,95;31;2979,01;26;24;77,42;0;M;60;RICLAN;0;8;1;12,5;0;0;1000,13;134,52;0;134,52;13,45;0;68,535565;15;0;15;21,89;0;0;-29880,59;-865,61;0;0;98,84;31,11;0;0;0;0;0;0;0;0
25/09/2026 08:30:09;25/09/2026;01/09/2026;25/09/2026;20;E;241;37;136677;106796,41;95609,5;2429,27;0;2519;2519;0;0;0;0;0;0;0;95609,5;69,95;31;2979,01;26;24;77,42;0;M;15;QUEIJOS LELO;0;5;;;0;0;1000;;0;0;0;0;15;;;;0;0;0;-29880,59;-1000;0;0;98,84;31,11;0;0;0;0;0;0;0;0
25/09/2026 08:30:09;25/09/2026;01/09/2026;25/09/2026;20;E;241;37;136677;106796,41;95609,5;2429,27;0;2519;2519;0;0;0;0;0;0;0;95609,5;69,95;31;2979,01;26;24;77,42;0;M;69;GAMELEIRA;0;7;3;42,86;0;0;1000,88;270,1;0;270,1;26,99;0;16,774468;5;0;5;29,81;0;0;-29880,59;-730,78;0;0;98,84;31,11;0;0;0;0;0;0;0;0
25/09/2026 08:30:09;25/09/2026;01/09/2026;25/09/2026;20;E;241;37;136677;106796,41;95609,5;2429,27;0;2519;2519;0;0;0;0;0;0;0;95609,5;69,95;31;2979,01;26;24;77,42;0;M;47;SOFFIE;0;7;;;0;0;1000;;0;0;0;0;1,876829;;;;0;0;0;-29880,59;-1000;0;0;98,84;31,11;0;0;0;0;0;0;0;0
25/09/2026 08:30:09;25/09/2026;01/09/2026;25/09/2026;20;E;241;37;136677;106796,41;95609,5;2429,27;0;2519;2519;0;0;0;0;0;0;0;95609,5;69,95;31;2979,01;26;24;77,42;0;M;1;JAV;0;31;24;77,42;0;0;84500,48;70401,07;0;70401,07;83,31;0;2146,999836;2013;0;2013;93,76;35,2;0;-29880,59;-14099,41;0;0;98,84;31,11;0;0;0;0;0;0;0;0
25/09/2026 08:30:09;25/09/2026;01/09/2026;25/09/2026;20;E;241;37;136677;106796,41;95609,5;2429,27;0;2519;2519;0;0;0;0;0;0;0;95609,5;69,95;31;2979,01;26;24;77,42;0;M;63;BRACELL;0;12;10;83,33;0;0;8800,59;7298,44;0;7298,44;82,93;0;166,748937;222;0;222;133,13;22,63;0;-29880,59;-1502,15;0;0;98,84;31,11;0;0;0;0;0;0;0;0
25/09/2026 08:30:09;25/09/2026;01/09/2026;25/09/2026;20;E;241;37;136677;106796,41;95609,5;2429,27;0;2519;2519;0;0;0;0;0;0;0;95609,5;69,95;31;2979,01;26;24;77,42;0;M;6;SOL BEBIDAS;0;5;;;0;0;500;;0;0;0;0;0;;;;;0;0;-29880,59;-500;0;0;98,84;31,11;0;0;0;0;0;0;0;0
25/09/2026 08:30:09;25/09/2026;01/09/2026;25/09/2026;20;E;241;37;136677;106796,41;95609,5;2429,27;0;2519;2519;0;0;0;0;0;0;0;95609,5;69,95;31;2979,01;26;24;77,42;0;M;2;MARILAN;0;11;7;63,64;0;0;15000,21;8916,7;0;8916,7;59,44;0;238,424254;154;0;154;64,59;0;0;-29880,59;-6083,51;0;0;98,84;31,11;0;0;0;0;0;0;0;0
25/09/2026 08:30:09;25/09/2026;01/09/2026;25/09/2026;20;E;241;37;136677;106796,41;95609,5;2429,27;0;2519;2519;0;0;0;0;0;0;0;95609,5;69,95;31;2979,01;26;24;77,42;0;M;82;ZICO;0;8;1;12,5;0;0;1200;0;0;0;0;0;5,846512;1;0;1;17,1;0;0;-29880,59;-1200;0;0;98,84;31,11;0;0;0;0;0;0;0;0
25/09/2026 08:30:09;25/09/2026;01/09/2026;25/09/2026;20;E;241;37;136677;106796,41;95609,5;2429,27;0;2519;2519;0;0;0;0;0;0;0;95609,5;69,95;31;2979,01;26;24;77,42;0;M;51;GUANABARA;0;16;2;12,5;0;0;2840,45;763,66;0;763,66;26,89;0;22,115323;4;0;4;18,09;0;0;-29880,59;-2076,79;0;0;98,84;31,11;0;0;0;0;0;0;0;0
25/09/2026 08:30:09;25/09/2026;01/09/2026;25/09/2026;20;E;241;37;136677;106796,41;95609,5;2429,27;0;2519;2519;0;0;0;0;0;0;0;95609,5;69,95;31;2979,01;26;24;77,42;0;M;72;FRANBA;0;13;3;23,08;0;0;1000,47;1308,63;0;1308,63;130,8;0;14,285714;13;0;13;91;2,09;8,51;-29880,59;308,16;0;8,51;98,84;31,11;0;0;0;0;0;0;0;0
25/09/2026 08:30:09;25/09/2026;01/09/2026;25/09/2026;20;E;241;37;136677;106796,41;95609,5;2429,27;0;2519;2519;0;0;0;0;0;0;0;95609,5;69,95;31;2979,01;26;24;77,42;0;M;74;BRAVA;0;6;2;33,33;0;0;1000,65;168;0;168;16,79;0;14,379545;3;0;3;20,86;0;0;-29880,59;-832,65;0;0;98,84;31,11;0;0;0;0;0;0;0;0
25/09/2026 08:30:09;25/09/2026;01/09/2026;25/09/2026;20;E;241;37;136677;106796,41;95609,5;2429,27;0;2519;2519;0;0;0;0;0;0;0;95609,5;69,95;31;2979,01;26;24;77,42;0;M;53;CASAKM;0;7;5;71,43;0;0;2818,67;1084,34;0;1084,34;38,47;0;68,894135;17;0;17;24,68;0;0;-29880,59;-1734,33;0;0;98,84;31,11;0;0;0;0;0;0;0;0
25/09/2026 08:30:09;25/09/2026;01/09/2026;25/09/2026;20;E;241;37;136677;106796,41;95609,5;2429,27;0;2519;2519;0;0;0;0;0;0;0;95609,5;69,95;31;2979,01;26;24;77,42;0;M;52;GREEN;0;5;;;0;0;1212,42;;0;0;0;0;10,5;;;;0;0;0;-29880,59;-1212,42;0;0;98,84;31,11;0;0;0;0;0;0;0;0
25/09/2026 08:30:09;25/09/2026;01/09/2026;25/09/2026;20;E;241;37;136677;106796,41;95609,5;2429,27;0;2519;2519;0;0;0;0;0;0;0;95609,5;69,95;31;2979,01;26;24;77,42;0;M;13;COPRA;0;13;11;84,62;0;0;8800,71;2607,33;0;2607,33;29,63;0;139,603372;38;0;38;27,22;0;0;-29880,59;-6193,38;0;0;98,84;31,11;0;0;0;0;0;0;0;0
25/09/2026 08:30:09;25/09/2026;01/09/2026;25/09/2026;20;E;241;37;136677;106796,41;95609,5;2429,27;0;2519;2519;0;0;0;0;0;0;0;95609,5;69,95;31;2979,01;26;24;77,42;0;M;59;CASA SUICA;0;8;2;25;0;0;1500,99;247,94;0;247,94;16,52;0;17,28;11;0;11;63,66;0;0;-29880,59;-1253,05;0;0;98,84;31,11;0;0;0;0;0;0;0;0
25/09/2026 08:30:09;25/09/2026;01/09/2026;25/09/2026;20;E;241;37;136677;106796,41;95609,5;2429,27;0;2519;2519;0;0;0;0;0;0;0;95609,5;69,95;31;2979,01;26;24;77,42;0;M;83;ROBINSON CRUSOE;0;10;4;40;0;0;1500;2054,2;0;2054,2;136,95;0;19,5;20;0;20;102,56;7,81;22,6;-29880,59;554,2;0;22,6;98,84;31,11;0;0;0;0;0;0;0;0
25/09/2026 08:30:09;25/09/2026;01/09/2026;25/09/2026;20;E;290;144;119349;141085,66;128577,88;4454,47;256,09;2866;2851;15;0;0;0;0;0;531,59;128046,29;107,29;122;2902,01;96;99;81,15;0;M;2;MARILAN;0;85;77;90,59;51,23;0;44000,52;39765,73;360,39;39405,34;89,56;0;1216,500914;1156;7;1149;94,45;19,7;39,41;21736,66;-4595,18;256,09;90,64;613,07;392,16;0,2;0,1;0;0;0;0;128,05;128,05
25/09/2026 08:30:09;25/09/2026;01/09/2026;25/09/2026;20;E;290;144;119349;141085,66;128577,88;4454,47;256,09;2866;2851;15;0;0;0;0;0;531,59;128046,29;107,29;122;2902,01;96;99;81,15;0;M;13;COPRA;0;55;33;60;0;0;20500,2;12838,02;100,2;12737,82;62,14;0;576,978372;375;7;368;63,78;0;0;21736,66;-7762,38;256,09;0;613,07;392,16;0,2;0,1;0;0;0;0;128,05;128,05
25/09/2026 08:30:09;25/09/2026;01/09/2026;25/09/2026;19;E;445;79;69670;37799,49;40830,28;815,54;0;1445;1443;2;0;0;0;0;0;99,8;40730,48;58,46;67;1962;34;40;59,7;0;M;72;FRANBA;0;12;1;8,33;0;0;500;82,55;0;82,55;16,51;0;11;1;0;1;9,09;0;0;-31870,51;-417,45;0;0;87,02;70,33;0;0;0;0;0;0;0;0
25/09/2026 08:30:09;25/09/2026;01/09/2026;25/09/2026;19;E;445;79;69670;37799,49;40830,28;815,54;0;1445;1443;2;0;0;0;0;0;99,8;40730,48;58,46;67;1962;34;40;59,7;0;M;63;BRACELL;0;10;6;60;0;0;2000;1151,8;0;1151,8;57,59;0;18;43;0;43;238,89;3,57;0;-31870,51;-848,2;0;0;87,02;70,33;0;0;0;0;0;0;0;0
25/09/2026 08:30:09;25/09/2026;01/09/2026;25/09/2026;19;E;445;79;69670;37799,49;40830,28;815,54;0;1445;1443;2;0;0;0;0;0;99,8;40730,48;58,46;67;1962;34;40;59,7;0;M;13;COPRA;0;19;6;31,58;0;0;7663,15;723,99;0;723,99;9,45;0;176;34;0;34;19,32;0;0;-31870,51;-6939,16;0;0;87,02;70,33;0;0;0;0;0;0;0;0
25/09/2026 08:30:09;25/09/2026;01/09/2026;25/09/2026;19;E;445;79;69670;37799,49;40830,28;815,54;0;1445;1443;2;0;0;0;0;0;99,8;40730,48;58,46;67;1962;34;40;59,7;0;M;59;CASA SUICA;0;10;;;0;0;763,39;;0;0;0;0;12;;;;0;0;0;-31870,51;-763,39;0;0;87,02;70,33;0;0;0;0;0;0;0;0
25/09/2026 08:30:09;25/09/2026;01/09/2026;25/09/2026;19;E;445;79;69670;37799,49;40830,28;815,54;0;1445;1443;2;0;0;0;0;0;99,8;40730,48;58,46;67;1962;34;40;59,7;0;M;52;GREEN;0;9;4;44,44;0;0;500;1080,46;0;1080,46;216,09;0;9;17;0;17;188,89;4,11;5,4;-31870,51;580,46;0;5,4;87,02;70,33;0;0;0;0;0;0;0;0
25/09/2026 08:30:09;25/09/2026;01/09/2026;25/09/2026;19;E;445;79;69670;37799,49;40830,28;815,54;0;1445;1443;2;0;0;0;0;0;99,8;40730,48;58,46;67;1962;34;40;59,7;0;M;83;ROBINSON CRUSOE;0;5;;;0;0;1000;;0;0;0;0;10;;;;0;0;0;-31870,51;-1000;0;0;87,02;70,33;0;0;0;0;0;0;0;0
25/09/2026 08:30:09;25/09/2026;01/09/2026;25/09/2026;19;E;455;51;77353;49545,05;32749,46;685,17;0;1338;1282;56;0;0;0;0;0;2443,32;30306,14;39,18;43;2082,01;25;17;39,53;0;M;1;JAV;0;40;16;40;0;0;36745,06;16561,61;2323,62;14237,99;38,75;0;1282;588;47;541;42,2;0;0;-27807,95;-22507,07;0;0;21,47;20,44;0;0;0;0;0;0;0;0
25/09/2026 08:30:09;25/09/2026;01/09/2026;25/09/2026;19;E;455;51;77353;49545,05;32749,46;685,17;0;1338;1282;56;0;0;0;0;0;2443,32;30306,14;39,18;43;2082,01;25;17;39,53;0;M;44;JDE;0;27;10;37,04;0;0;94885,28;18267,72;1561,75;16705,97;17,61;0;991;394;8;386;38,95;0;0;-27807,95;-78179,31;0;0;21,47;20,44;0;0;0;0;0;0;0;0
25/09/2026 08:30:09;25/09/2026;01/09/2026;25/09/2026;19;E;455;51;77353;49545,05;32749,46;685,17;0;1338;1282;56;0;0;0;0;0;2443,32;30306,14;39,18;43;2082,01;25;17;39,53;0;M;53;CASAKM;0;12;5;41,67;0;0;2000;3488,89;119,7;3369,19;168,46;0;100;78;1;77;77;0;13,48;-27807,95;1369,19;0;13,48;21,47;20,44;0;0;0;0;0;0;0;0
25/09/2026 08:30:09;25/09/2026;01/09/2026;25/09/2026;19;E;455;51;77353;49545,05;32749,46;685,17;0;1338;1282;56;0;0;0;0;0;2443,32;30306,14;39,18;43;2082,01;25;17;39,53;0;M;51;GUANABARA;0;15;;;0;0;500;;0;0;0;0;0;;;;;0;0;-27807,95;-500;0;0;21,47;20,44;0;0;0;0;0;0;0;0
25/09/2026 08:30:09;25/09/2026;01/09/2026;25/09/2026;19;E;455;51;77353;49545,05;32749,46;685,17;0;1338;1282;56;0;0;0;0;0;2443,32;30306,14;39,18;43;2082,01;25;17;39,53;0;M;15;QUEIJOS LELO;0;20;1;5;0;0;1000;269,81;0;269,81;26,98;0;1;2;0;2;200;1,03;0;-27807,95;-730,19;0;0;21,47;20,44;0;0;0;0;0;0;0;0
25/09/2026 08:30:09;25/09/2026;01/09/2026;25/09/2026;19;E;455;51;77353;49545,05;32749,46;685,17;0;1338;1282;56;0;0;0;0;0;2443,32;30306,14;39,18;43;2082,01;25;17;39,53;0;M;65;MATUTA;0;10;;;0;0;1000;;0;0;0;0;10;;;;0;0;0;-27807,95;-1000;0;0;21,47;20,44;0;0;0;0;0;0;0;0
25/09/2026 08:30:09;25/09/2026;01/09/2026;25/09/2026;19;E;455;51;77353;49545,05;32749,46;685,17;0;1338;1282;56;0;0;0;0;0;2443,32;30306,14;39,18;43;2082,01;25;17;39,53;0;M;69;GAMELEIRA;0;10;;;0;0;1000;;0;0;0;0;10;;;;0;0;0;-27807,95;-1000;0;0;21,47;20,44;0;0;0;0;0;0;0;0
25/09/2026 08:30:09;25/09/2026;01/09/2026;25/09/2026;19;E;455;51;77353;49545,05;32749,46;685,17;0;1338;1282;56;0;0;0;0;0;2443,32;30306,14;39,18;43;2082,01;25;17;39,53;0;M;59;CASA SUICA;0;10;;;0;0;550,65;;0;0;0;0;10;;;;0;0;0;-27807,95;-550,65;0;0;21,47;20,44;0;0;0;0;0;0;0;0
25/09/2026 08:30:09;25/09/2026;01/09/2026;25/09/2026;19;E;455;51;77353;49545,05;32749,46;685,17;0;1338;1282;56;0;0;0;0;0;2443,32;30306,14;39,18;43;2082,01;25;17;39,53;0;M;13;COPRA;0;20;8;40;0;0;3626,73;3480,46;0;3480,46;95,97;0;102;55;0;55;53,92;0;6,96;-27807,95;-146,27;0;6,96;21,47;20,44;0;0;0;0;0;0;0;0
25/09/2026 08:30:09;25/09/2026;01/09/2026;25/09/2026;19;E;455;51;77353;49545,05;32749,46;685,17;0;1338;1282;56;0;0;0;0;0;2443,32;30306,14;39,18;43;2082,01;25;17;39,53;0;M;47;SOFFIE;0;5;;;0;0;500;;0;0;0;0;10;;;;0;0;0;-27807,95;-500;0;0;21,47;20,44;0;0;0;0;0;0;0;0
25/09/2026 08:30:09;25/09/2026;01/09/2026;25/09/2026;19;E;455;51;77353;49545,05;32749,46;685,17;0;1338;1282;56;0;0;0;0;0;2443,32;30306,14;39,18;43;2082,01;25;17;39,53;0;M;18;SABORELLE - RACAO;0;6;;;0;0;1000;;0;0;0;0;10;;;;0;0;0;-27807,95;-1000;0;0;21,47;20,44;0;0;0;0;0;0;0;0
25/09/2026 08:30:09;25/09/2026;01/09/2026;25/09/2026;19;E;455;51;77353;49545,05;32749,46;685,17;0;1338;1282;56;0;0;0;0;0;2443,32;30306,14;39,18;43;2082,01;25;17;39,53;0;M;72;FRANBA;0;10;;;0;0;1009,44;;0;0;0;0;12;;;;0;0;0;-27807,95;-1009,44;0;0;21,47;20,44;0;0;0;0;0;0;0;0
25/09/2026 08:30:09;25/09/2026;01/09/2026;25/09/2026;19;E;455;51;77353;49545,05;32749,46;685,17;0;1338;1282;56;0;0;0;0;0;2443,32;30306,14;39,18;43;2082,01;25;17;39,53;0;M;74;BRAVA;0;10;;;0;0;1000;;0;0;0;0;12;;;;0;0;0;-27807,95;-1000;0;0;21,47;20,44;0;0;0;0;0;0;0;0
25/09/2026 08:30:09;25/09/2026;01/09/2026;25/09/2026;19;E;455;51;77353;49545,05;32749,46;685,17;0;1338;1282;56;0;0;0;0;0;2443,32;30306,14;39,18;43;2082,01;25;17;39,53;0;M;82;ZICO;0;7;;;0;0;1000;;0;0;0;0;7;;;;0;0;0;-27807,95;-1000;0;0;21,47;20,44;0;0;0;0;0;0;0;0
25/09/2026 08:30:09;25/09/2026;01/09/2026;25/09/2026;19;E;455;51;77353;49545,05;32749,46;685,17;0;1338;1282;56;0;0;0;0;0;2443,32;30306,14;39,18;43;2082,01;25;17;39,53;0;M;83;ROBINSON CRUSOE;0;10;;;0;0;1000;;0;0;0;0;10;;;;0;0;0;-27807,95;-1000;0;0;21,47;20,44;0;0;0;0;0;0;0;0
25/09/2026 08:30:09;25/09/2026;01/09/2026;25/09/2026;19;E;455;51;77353;49545,05;32749,46;685,17;0;1338;1282;56;0;0;0;0;0;2443,32;30306,14;39,18;43;2082,01;25;17;39,53;0;M;66;COCO SHOW;0;20;3;15;0;0;2324,39;276,6;0;276,6;11,9;0;138;15;0;15;10,87;0;0;-27807,95;-2047,79;0;0;21,47;20,44;0;0;0;0;0;0;0;0
25/09/2026 08:30:09;25/09/2026;01/09/2026;25/09/2026;19;E;455;51;77353;49545,05;32749,46;685,17;0;1338;1282;56;0;0;0;0;0;2443,32;30306,14;39,18;43;2082,01;25;17;39,53;0;M;52;GREEN;0;16;;;0;0;2209,31;;0;0;0;0;19;;;;0;0;0;-27807,95;-2209,31;0;0;21,47;20,44;0;0;0;0;0;0;0;0
25/09/2026 08:30:09;25/09/2026;01/09/2026;25/09/2026;19;E;455;51;77353;49545,05;32749,46;685,17;0;1338;1282;56;0;0;0;0;0;2443,32;30306,14;39,18;43;2082,01;25;17;39,53;0;M;2;MARILAN;0;20;10;50;0;0;15000;8080,31;0;8080,31;53,87;0;198;161;0;161;81,31;0;0;-27807,95;-6919,69;0;0;21,47;20,44;0;0;0;0;0;0;0;0
25/09/2026 08:30:09;25/09/2026;01/09/2026;25/09/2026;19;E;455;51;77353;49545,05;32749,46;685,17;0;1338;1282;56;0;0;0;0;0;2443,32;30306,14;39,18;43;2082,01;25;17;39,53;0;M;6;SOL BEBIDAS;0;8;;;0;0;2855,13;;0;0;0;0;41;;;;0;0;0;-27807,95;-2855,13;0;0;21,47;20,44;0;0;0;0;0;0;0;0
25/09/2026 08:30:09;25/09/2026;01/09/2026;25/09/2026;19;E;455;51;77353;49545,05;32749,46;685,17;0;1338;1282;56;0;0;0;0;0;2443,32;30306,14;39,18;43;2082,01;25;17;39,53;0;M;63;BRACELL;0;15;1;6,67;0;0;2033,13;499,36;0;499,36;24,56;0;41;32;0;32;78,05;0;0;-27807,95;-1533,77;0;0;21,47;20,44;0;0;0;0;0;0;0;0
25/09/2026 08:30:09;25/09/2026;01/09/2026;25/09/2026;19;E;455;51;77353;49545,05;32749,46;685,17;0;1338;1282;56;0;0;0;0;0;2443,32;30306,14;39,18;43;2082,01;25;17;39,53;0;M;60;RICLAN;0;10;1;10;0;0;1000;69,24;0;69,24;6,92;0;69;12;0;12;17,39;0;0;-27807,95;-930,76;0;0;21,47;20,44;0;0;0;0;0;0;0;0
25/09/2026 08:30:09;25/09/2026;01/09/2026;25/09/2026;20;E;457;95;142326;115504,86;45485,08;1404,83;0;3050;2877;173;0;0;0;0;0;0;45485,08;31,96;81;3714,01;49;37;45,68;0;M;44;JDE;0;40;25;62,5;0;0;6276,52;16469,97;1458,37;15011,6;239,17;0;3651,076299;1693;173;1520;41,63;0;15,01;-26821,14;8735,08;0;15,01;39,89;30,55;0;0;0;0;0;0;0;0
25/09/2026 08:30:09;25/09/2026;01/09/2026;25/09/2026;20;E;457;95;142326;115504,86;45485,08;1404,83;0;3050;2877;173;0;0;0;0;0;0;45485,08;31,96;81;3714,01;49;37;45,68;0;M;18;SABORELLE - RACAO;0;5;;;0;0;1000,13;;0;0;0;0;17,8105;;;;0;0;0;-26821,14;-1000,13;0;0;39,89;30,55;0;0;0;0;0;0;0;0
25/09/2026 08:30:09;25/09/2026;01/09/2026;25/09/2026;20;E;457;95;142326;115504,86;45485,08;1404,83;0;3050;2877;173;0;0;0;0;0;0;45485,08;31,96;81;3714,01;49;37;45,68;0;M;63;BRACELL;0;14;4;28,57;0;0;2000,89;1631,24;0;1631,24;81,53;0;34,439501;36;0;36;104,53;5,06;0;-26821,14;-369,65;0;0;39,89;30,55;0;0;0;0;0;0;0;0
23/09/2026 17:26:43;31/08/2026;01/08/2026;31/08/2026;27;E;485;101;0;82737,77;81536,23;2806,07;0;1936;1876;60;0;0;0;0;0;1364,55;80171,68;;86;0,19;44;44;51,16;0;M;20;CATAFESTA;0;1;;;0;0;1000;;0;0;0;0;10;;;;0;0;0;82737,77;-1000;0;0;468,37;171,48;0;0,3;0;0;0;0;240,52;240,52
23/09/2026 17:26:43;31/08/2026;01/08/2026;31/08/2026;27;E;485;101;0;82737,77;81536,23;2806,07;0;1936;1876;60;0;0;0;0;0;1364,55;80171,68;;86;0,19;44;44;51,16;0;M;15;QUEIJOS LELO;0;9;3;33,33;0;0;1000;946,61;0;946,61;94,66;0;5;7;0;7;140;3,6;3,12;82737,77;-53,39;0;3,12;468,37;171,48;0;0,3;0;0;0;0;240,52;240,52
23/09/2026 17:26:43;31/08/2026;01/08/2026;31/08/2026;27;E;485;101;0;82737,77;81536,23;2806,07;0;1936;1876;60;0;0;0;0;0;1364,55;80171,68;;86;0,19;44;44;51,16;0;M;18;SABORELLE - RACAO;0;10;;;0;0;2000;;0;0;0;0;0;;;;;0;0;82737,77;-2000;0;0;468,37;171,48;0;0,3;0;0;0;0;240,52;240,52
23/09/2026 17:26:43;31/08/2026;01/08/2026;31/08/2026;27;E;485;101;0;82737,77;81536,23;2806,07;0;1936;1876;60;0;0;0;0;0;1364,55;80171,68;;86;0,19;44;44;51,16;0;M;47;SOFFIE;0;10;;;0;0;1000;;0;0;0;0;3;;;;0;0;0;82737,77;-1000;0;0;468,37;171,48;0;0,3;0;0;0;0;240,52;240,52
23/09/2026 17:26:43;31/08/2026;01/08/2026;31/08/2026;27;E;485;101;0;82737,77;81536,23;2806,07;0;1936;1876;60;0;0;0;0;0;1364,55;80171,68;;86;0,19;44;44;51,16;0;M;60;RICLAN;0;21;24;114,29;18,5;0;2000;1422,97;0;1422,97;71,15;0;76;109;0;109;143,42;5,41;0;82737,77;-577,03;0;18,5;468,37;171,48;0;0,3;0;0;0;0;240,52;240,52
23/09/2026 17:26:43;31/08/2026;01/08/2026;31/08/2026;27;E;485;101;0;82737,77;81536,23;2806,07;0;1936;1876;60;0;0;0;0;0;1364,55;80171,68;;86;0,19;44;44;51,16;0;M;51;GUANABARA;0;19;6;31,58;0;0;1000;2169,69;0;2169,69;216,97;0;0;15;0;15;;0;14,1;82737,77;1169,69;0;14,1;468,37;171,48;0;0,3;0;0;0;0;240,52;240,52
23/09/2026 17:26:43;31/08/2026;01/08/2026;31/08/2026;27;E;485;101;0;82737,77;81536,23;2806,07;0;1936;1876;60;0;0;0;0;0;1364,55;80171,68;;86;0,19;44;44;51,16;0;M;59;CASA SUICA;0;18;3;16,67;0;0;1000;413,16;0;413,16;41,32;0;35;21;0;21;60;0;0;82737,77;-586,84;0;0;468,37;171,48;0;0,3;0;0;0;0;240,52;240,52
23/09/2026 17:26:43;31/08/2026;01/08/2026;31/08/2026;19;E;487;13;25539;30593,66;30593,66;1013,4;55,49;1543;1341;202;0;0;0;0;0;2849,85;27743,81;108,63;11;904,01;6;6;54,55;0;M;1;JAV;0;7;6;85,71;14,57;0;9000;13706,92;2497,35;11209,57;124,55;0;393;638;121;517;131,55;13,45;22,42;5054,66;2209,57;55,49;36,99;235,29;125,79;0,2;0,3;0;0;0;0;83,23;83,23
23/09/2026 17:26:43;31/08/2026;01/08/2026;31/08/2026;19;E;487;13;25539;30593,66;30593,66;1013,4;55,49;1543;1341;202;0;0;0;0;0;2849,85;27743,81;108,63;11;904,01;6;6;54,55;0;M;2;MARILAN;0;7;5;71,43;0;0;8500;12915,14;299,5;12615,64;148,42;0;250;238;5;233;93,2;6,31;25,23;5054,66;4115,64;55,49;25,23;235,29;125,79;0,2;0,3;0;0;0;0;83,23;83,23
23/09/2026 17:26:43;31/08/2026;01/08/2026;31/08/2026;19;E;487;13;25539;30593,66;30593,66;1013,4;55,49;1543;1341;202;0;0;0;0;0;2849,85;27743,81;108,63;11;904,01;6;6;54,55;0;M;44;JDE;0;5;4;80;0;0;35000;40625,84;20953,01;19672,83;56,21;0;490;530;75;455;92,86;5,9;0;5054,66;-15327,17;55,49;0;235,29;125,79;0,2;0,3;0;0;0;0;83,23;83,23
23/09/2026 17:26:43;31/08/2026;01/08/2026;31/08/2026;19;E;487;13;25539;30593,66;30593,66;1013,4;55,49;1543;1341;202;0;0;0;0;0;2849,85;27743,81;108,63;11;904,01;6;6;54,55;0;M;53;CASAKM;0;6;3;50;0;0;1352;889,81;0;889,81;65,81;0;33;28;1;27;81,82;0;0;5054,66;-462,19;55,49;0;235,29;125,79;0,2;0,3;0;0;0;0;83,23;83,23
23/09/2026 17:26:43;31/08/2026;01/08/2026;31/08/2026;19;E;487;13;25539;30593,66;30593,66;1013,4;55,49;1543;1341;202;0;0;0;0;0;2849,85;27743,81;108,63;11;904,01;6;6;54,55;0;M;65;MATUTA;0;5;1;20;0;0;556;393,42;0;393,42;70,76;0;12;8;0;8;66,67;0;0;5054,66;-162,58;55,49;0;235,29;125,79;0,2;0,3;0;0;0;0;83,23;83,23
23/09/2026 17:26:43;31/08/2026;01/08/2026;31/08/2026;19;E;487;13;25539;30593,66;30593,66;1013,4;55,49;1543;1341;202;0;0;0;0;0;2849,85;27743,81;108,63;11;904,01;6;6;54,55;0;M;15;QUEIJOS LELO;0;5;;;0;0;250;;0;0;0;0;5;;;;0;0;0;5054,66;-250;55,49;0;235,29;125,79;0,2;0,3;0;0;0;0;83,23;83,23
23/09/2026 17:26:43;31/08/2026;01/08/2026;31/08/2026;19;E;487;13;25539;30593,66;30593,66;1013,4;55,49;1543;1341;202;0;0;0;0;0;2849,85;27743,81;108,63;11;904,01;6;6;54,55;0;M;59;CASA SUICA;0;5;;;0;0;200;;0;0;0;0;5;;;;0;0;0;5054,66;-200;55,49;0;235,29;125,79;0,2;0,3;0;0;0;0;83,23;83,23
23/09/2026 17:26:43;31/08/2026;01/08/2026;31/08/2026;19;E;487;13;25539;30593,66;30593,66;1013,4;55,49;1543;1341;202;0;0;0;0;0;2849,85;27743,81;108,63;11;904,01;6;6;54,55;0;M;81;TOP CAU;0;5;;;0;0;150;;0;0;0;0;5;;;;0;0;0;5054,66;-150;55,49;0;235,29;125,79;0,2;0,3;0;0;0;0;83,23;83,23
23/09/2026 17:26:43;31/08/2026;01/08/2026;31/08/2026;19;E;487;13;25539;30593,66;30593,66;1013,4;55,49;1543;1341;202;0;0;0;0;0;2849,85;27743,81;108,63;11;904,01;6;6;54,55;0;M;74;BRAVA;0;5;;;0;0;300;;0;0;0;0;5;;;;0;0;0;5054,66;-300;55,49;0;235,29;125,79;0,2;0,3;0;0;0;0;83,23;83,23
23/09/2026 17:26:43;31/08/2026;01/08/2026;31/08/2026;19;E;487;13;25539;30593,66;30593,66;1013,4;55,49;1543;1341;202;0;0;0;0;0;2849,85;27743,81;108,63;11;904,01;6;6;54,55;0;M;60;RICLAN;0;5;1;20;0;0;338;32,26;0;32,26;9,54;0;25;4;0;4;16;0;0;5054,66;-305,74;55,49;0;235,29;125,79;0,2;0,3;0;0;0;0;83,23;83,23
23/09/2026 17:26:43;31/08/2026;01/08/2026;31/08/2026;19;E;487;13;25539;30593,66;30593,66;1013,4;55,49;1543;1341;202;0;0;0;0;0;2849,85;27743,81;108,63;11;904,01;6;6;54,55;0;M;83;ROBINSON CRUSOE;0;5;1;20;0;0;350;505,8;0;505,8;144,51;0;6;4;0;4;66,67;0;5,56;5054,66;155,8;55,49;5,56;235,29;125,79;0,2;0,3;0;0;0;0;83,23;83,23
23/09/2026 17:26:43;31/08/2026;01/08/2026;31/08/2026;19;E;487;13;25539;30593,66;30593,66;1013,4;55,49;1543;1341;202;0;0;0;0;0;2849,85;27743,81;108,63;11;904,01;6;6;54,55;0;M;69;GAMELEIRA;0;5;;;0;0;648;;0;0;0;0;12;;;;0;0;0;5054,66;-648;55,49;0;235,29;125,79;0,2;0,3;0;0;0;0;83,23;83,23
23/09/2026 17:26:43;31/08/2026;01/08/2026;31/08/2026;19;E;487;13;25539;30593,66;30593,66;1013,4;55,49;1543;1341;202;0;0;0;0;0;2849,85;27743,81;108,63;11;904,01;6;6;54,55;0;M;52;GREEN;0;5;;;0;0;250;;0;0;0;0;5;;;;0;0;0;5054,66;-250;55,49;0;235,29;125,79;0,2;0,3;0;0;0;0;83,23;83,23
23/09/2026 17:26:43;31/08/2026;01/08/2026;31/08/2026;19;E;487;13;25539;30593,66;30593,66;1013,4;55,49;1543;1341;202;0;0;0;0;0;2849,85;27743,81;108,63;11;904,01;6;6;54,55;0;M;63;BRACELL;0;4;;;0;0;316;;0;0;0;0;8;;;;0;0;0;5054,66;-316;55,49;0;235,29;125,79;0,2;0,3;0;0;0;0;83,23;83,23
23/09/2026 17:26:43;31/08/2026;01/08/2026;31/08/2026;19;E;487;13;25539;30593,66;30593,66;1013,4;55,49;1543;1341;202;0;0;0;0;0;2849,85;27743,81;108,63;11;904,01;6;6;54,55;0;M;66;COCO SHOW;0;5;2;40;0;0;329;198;0;198;60,18;0;15;18;0;18;120;0,61;0;5054,66;-131;55,49;0;235,29;125,79;0,2;0,3;0;0;0;0;83,23;83,23
23/09/2026 17:26:43;31/08/2026;01/08/2026;31/08/2026;19;E;487;13;25539;30593,66;30593,66;1013,4;55,49;1543;1341;202;0;0;0;0;0;2849,85;27743,81;108,63;11;904,01;6;6;54,55;0;M;18;SABORELLE - RACAO;0;5;;;0;0;500;;0;0;0;0;5;;;;0;0;0;5054,66;-500;55,49;0;235,29;125,79;0,2;0,3;0;0;0;0;83,23;83,23
23/09/2026 17:26:43;31/08/2026;01/08/2026;31/08/2026;19;E;487;13;25539;30593,66;30593,66;1013,4;55,49;1543;1341;202;0;0;0;0;0;2849,85;27743,81;108,63;11;904,01;6;6;54,55;0;M;13;COPRA;0;5;3;60;0;0;1750;1404,02;0;1404,02;80,23;0;105;66;0;66;62,86;0;0;5054,66;-345,98;55,49;0;235,29;125,79;0,2;0,3;0;0;0;0;83,23;83,23
23/09/2026 17:26:43;31/08/2026;01/08/2026;31/08/2026;19;E;487;13;25539;30593,66;30593,66;1013,4;55,49;1543;1341;202;0;0;0;0;0;2849,85;27743,81;108,63;11;904,01;6;6;54,55;0;M;72;FRANBA;0;5;;;0;0;250;;0;0;0;0;5;;;;0;0;0;5054,66;-250;55,49;0;235,29;125,79;0,2;0,3;0;0;0;0;83,23;83,23
23/09/2026 17:26:43;31/08/2026;01/08/2026;31/08/2026;19;E;487;13;25539;30593,66;30593,66;1013,4;55,49;1543;1341;202;0;0;0;0;0;2849,85;27743,81;108,63;11;904,01;6;6;54,55;0;M;6;SOL BEBIDAS;0;5;;;0;0;250;;0;0;0;0;5;;;;0;0;0;5054,66;-250;55,49;0;235,29;125,79;0,2;0,3;0;0;0;0;83,23;83,23
23/09/2026 17:26:43;31/08/2026;01/08/2026;31/08/2026;19;E;487;13;25539;30593,66;30593,66;1013,4;55,49;1543;1341;202;0;0;0;0;0;2849,85;27743,81;108,63;11;904,01;6;6;54,55;0;M;51;GUANABARA;0;5;1;20;0;0;250;388,22;0;388,22;155,29;0;5;2;0;2;40;0;2,52;5054,66;138,22;55,49;2,52;235,29;125,79;0,2;0,3;0;0;0;0;83,23;83,23
23/09/2026 17:26:43;31/08/2026;01/08/2026;31/08/2026;6;E;489;104;19902,12;38481,44;40511,09;1926,35;111,58;3614;3513;101;0;0;0;0;0;3316,41;37194,68;186,89;88;1000;64;63;71,59;0;M;44;JDE;0;34;52;152,94;138,36;0;90000;92545,54;304,32;92241,22;102,49;0;654;2417;48;2369;362,23;55,34;92,24;18579,32;2241,22;111,58;230,6;732,69;523,86;0,3;0,3;0;0;0;0;111,58;111,58
23/09/2026 17:26:43;31/08/2026;01/08/2026;31/08/2026;6;E;489;104;19902,12;38481,44;40511,09;1926,35;111,58;3614;3513;101;0;0;0;0;0;3316,41;37194,68;186,89;88;1000;64;63;71,59;0;M;66;COCO SHOW;0;12;11;91,67;2,9;0;1700;926,02;46,81;879,21;51,72;0;14;45;2;43;307,14;2,73;0;18579,32;-820,79;111,58;2,9;732,69;523,86;0,3;0,3;0;0;0;0;111,58;111,58
25/09/2026 08:30:09;25/09/2026;01/09/2026;25/09/2026;20;E;290;144;119349;141085,66;128577,88;4454,47;256,09;2866;2851;15;0;0;0;0;0;531,59;128046,29;107,29;122;2902,01;96;99;81,15;0;M;53;CASAKM;0;44;31;70,45;0;0;28500,9;19510,44;71;19439,44;68,21;0;537,448886;493;1;492;91,54;25,27;0;21736,66;-9061,46;256,09;0;613,07;392,16;0,2;0,1;0;0;0;0;128,05;128,05
25/09/2026 08:30:09;25/09/2026;01/09/2026;25/09/2026;20;E;290;144;119349;141085,66;128577,88;4454,47;256,09;2866;2851;15;0;0;0;0;0;531,59;128046,29;107,29;122;2902,01;96;99;81,15;0;M;60;RICLAN;0;32;26;81,25;0;0;2600,13;2252,61;0;2252,61;86,63;0;194,874478;148;0;148;75,95;0;7,43;21736,66;-347,52;256,09;7,43;613,07;392,16;0,2;0,1;0;0;0;0;128,05;128,05
25/09/2026 08:30:09;25/09/2026;01/09/2026;25/09/2026;20;E;290;144;119349;141085,66;128577,88;4454,47;256,09;2866;2851;15;0;0;0;0;0;531,59;128046,29;107,29;122;2902,01;96;99;81,15;0;M;82;ZICO;0;14;3;21,43;0;0;2500,48;29572;0;29572;1182,65;0;26,967442;186;0;186;689,72;;;21736,66;27071,52;256,09;;613,07;392,16;0,2;0,1;0;0;0;0;128,05;128,05
25/09/2026 08:30:09;25/09/2026;01/09/2026;25/09/2026;20;E;290;144;119349;141085,66;128577,88;4454,47;256,09;2866;2851;15;0;0;0;0;0;531,59;128046,29;107,29;122;2902,01;96;99;81,15;0;M;51;GUANABARA;0;17;1;5,88;0;0;1700,51;173,28;0;173,28;10,19;0;18,094355;1;0;1;5,53;0;0;21736,66;-1527,23;256,09;0;613,07;392,16;0,2;0,1;0;0;0;0;128,05;128,05
25/09/2026 08:30:09;25/09/2026;01/09/2026;25/09/2026;20;E;290;144;119349;141085,66;128577,88;4454,47;256,09;2866;2851;15;0;0;0;0;0;531,59;128046,29;107,29;122;2902,01;96;99;81,15;0;M;18;SABORELLE - RACAO;0;34;19;55,88;0;0;11500,98;8181,19;0;8181,19;71,13;0;59,1905;71;0;71;119,95;25,36;0;21736,66;-3319,79;256,09;0;613,07;392,16;0,2;0,1;0;0;0;0;128,05;128,05
25/09/2026 08:30:09;25/09/2026;01/09/2026;25/09/2026;20;E;290;144;119349;141085,66;128577,88;4454,47;256,09;2866;2851;15;0;0;0;0;0;531,59;128046,29;107,29;122;2902,01;96;99;81,15;0;M;47;SOFFIE;0;26;;;0;0;1000,98;;0;0;0;0;60,058537;;;;0;0;0;21736,66;-1000,98;256,09;0;613,07;392,16;0,2;0,1;0;0;0;0;128,05;128,05
25/09/2026 08:30:09;25/09/2026;01/09/2026;25/09/2026;20;E;290;144;119349;141085,66;128577,88;4454,47;256,09;2866;2851;15;0;0;0;0;0;531,59;128046,29;107,29;122;2902,01;96;99;81,15;0;M;59;CASA SUICA;0;17;13;76,47;0;0;1000,89;10242,62;0;10242,62;1023,35;0;32,4;374;0;374;1154,32;12,29;20,49;21736,66;9241,73;256,09;20,49;613,07;392,16;0,2;0,1;0;0;0;0;128,05;128,05
25/09/2026 08:30:09;25/09/2026;01/09/2026;25/09/2026;20;E;290;144;119349;141085,66;128577,88;4454,47;256,09;2866;2851;15;0;0;0;0;0;531,59;128046,29;107,29;122;2902,01;96;99;81,15;0;M;74;BRAVA;0;20;8;40;0;0;4044,02;442,2;0;442,2;10,93;0;159,972443;17;0;17;10,63;0;0;21736,66;-3601,82;256,09;0;613,07;392,16;0,2;0,1;0;0;0;0;128,05;128,05
25/09/2026 08:30:09;25/09/2026;01/09/2026;25/09/2026;20;E;290;144;119349;141085,66;128577,88;4454,47;256,09;2866;2851;15;0;0;0;0;0;531,59;128046,29;107,29;122;2902,01;96;99;81,15;0;M;15;QUEIJOS LELO;0;7;5;71,43;0;0;2000,1;2693,55;0;2693,55;134,67;0;19,764706;20;0;20;101,19;10,24;17,51;21736,66;693,45;256,09;17,51;613,07;392,16;0,2;0,1;0;0;0;0;128,05;128,05
25/09/2026 08:30:09;25/09/2026;01/09/2026;25/09/2026;13;E;291;80;61128;74672,83;68331,71;2196,56;132,92;2119;2048;71;0;0;0;0;0;1871,38;66460,33;108,72;68;1517;38;34;50;0;M;2;MARILAN;0;50;23;46;0;0;30800,08;34420,02;1555,94;32864,08;106,7;0;701;833;61;772;110,13;39,44;65,73;13544,83;2064;132,92;65,73;504,07;249,34;0,2;0,3;0;0;0;0;199,38;199,38
25/09/2026 08:30:09;25/09/2026;01/09/2026;25/09/2026;13;E;291;80;61128;74672,83;68331,71;2196,56;132,92;2119;2048;71;0;0;0;0;0;1871,38;66460,33;108,72;68;1517;38;34;50;0;M;53;CASAKM;0;20;10;50;0;0;8347,2;8325,14;53;8272,14;99,1;0;202;168;1;167;82,67;0;21,51;13544,83;-75,06;132,92;21,51;504,07;249,34;0,2;0,3;0;0;0;0;199,38;199,38
25/09/2026 08:30:09;25/09/2026;01/09/2026;25/09/2026;13;E;291;80;61128;74672,83;68331,71;2196,56;132,92;2119;2048;71;0;0;0;0;0;1871,38;66460,33;108,72;68;1517;38;34;50;0;M;59;CASA SUICA;0;24;7;29,17;0;0;3039,23;577,86;45,08;532,78;17,53;0;39;25;2;23;58,97;0;0;13544,83;-2506,45;132,92;0;504,07;249,34;0,2;0,3;0;0;0;0;199,38;199,38
25/09/2026 08:30:09;25/09/2026;01/09/2026;25/09/2026;13;E;291;80;61128;74672,83;68331,71;2196,56;132,92;2119;2048;71;0;0;0;0;0;1871,38;66460,33;108,72;68;1517;38;34;50;0;M;15;QUEIJOS LELO;0;10;6;60;0;0;2000;2286,56;0;2286,56;114,33;0;15;17;0;17;113,33;8,69;14,86;13544,83;286,56;132,92;14,86;504,07;249,34;0,2;0,3;0;0;0;0;199,38;199,38
25/09/2026 08:30:09;25/09/2026;01/09/2026;25/09/2026;13;E;291;80;61128;74672,83;68331,71;2196,56;132,92;2119;2048;71;0;0;0;0;0;1871,38;66460,33;108,72;68;1517;38;34;50;0;M;74;BRAVA;0;7;2;28,57;0;0;2046,18;177,2;0;177,2;8,66;0;34;3;0;3;8,82;0;0;13544,83;-1868,98;132,92;0;504,07;249,34;0,2;0,3;0;0;0;0;199,38;199,38
25/09/2026 08:30:09;25/09/2026;01/09/2026;25/09/2026;13;E;291;80;61128;74672,83;68331,71;2196,56;132,92;2119;2048;71;0;0;0;0;0;1871,38;66460,33;108,72;68;1517;38;34;50;0;M;51;GUANABARA;0;10;2;20;0;0;1000;2203,15;0;2203,15;220,32;0;31;17;0;17;54,84;0;14,32;13544,83;1203,15;132,92;14,32;504,07;249,34;0,2;0,3;0;0;0;0;199,38;199,38
25/09/2026 08:30:09;25/09/2026;01/09/2026;25/09/2026;13;E;291;80;61128;74672,83;68331,71;2196,56;132,92;2119;2048;71;0;0;0;0;0;1871,38;66460,33;108,72;68;1517;38;34;50;0;M;18;SABORELLE - RACAO;0;10;2;20;0;0;2005,22;459,26;0;459,26;22,9;0;15;3;0;3;20;0;0;13544,83;-1545,96;132,92;0;504,07;249,34;0,2;0,3;0;0;0;0;199,38;199,38
25/09/2026 08:30:09;25/09/2026;01/09/2026;25/09/2026;13;E;291;80;61128;74672,83;68331,71;2196,56;132,92;2119;2048;71;0;0;0;0;0;1871,38;66460,33;108,72;68;1517;38;34;50;0;M;13;COPRA;0;30;13;43,33;0;0;9497,99;6817,87;0;6817,87;71,78;0;363;197;0;197;54,27;0;0;13544,83;-2680,12;132,92;0;504,07;249,34;0,2;0,3;0;0;0;0;199,38;199,38
25/09/2026 08:30:09;25/09/2026;01/09/2026;25/09/2026;13;E;291;80;61128;74672,83;68331,71;2196,56;132,92;2119;2048;71;0;0;0;0;0;1871,38;66460,33;108,72;68;1517;38;34;50;0;M;60;RICLAN;0;20;12;60;0;0;2392,47;1900,63;0;1900,63;79,44;0;117;142;0;142;121,37;7,22;0;13544,83;-491,84;132,92;0;504,07;249,34;0,2;0,3;0;0;0;0;199,38;199,38
25/09/2026 08:30:09;25/09/2026;01/09/2026;25/09/2026;6;B;292;103;88333;66998,79;55838,47;933,53;0;1432;1391;41;0;0;0;0;0;1616,88;54221,59;61,38;88;2328,01;44;34;38,64;0;M;2;MARILAN;0;51;25;49,02;0;0;31412,61;29248,06;1297,48;27950,58;88,98;0;1081,486206;831;24;807;74,62;0;22,36;-21334,21;-3462,03;0;22,36;38;36,19;0;0;0;0;0;0;0;0
25/09/2026 08:30:09;25/09/2026;01/09/2026;25/09/2026;6;B;292;103;88333;66998,79;55838,47;933,53;0;1432;1391;41;0;0;0;0;0;1616,88;54221,59;61,38;88;2328,01;44;34;38,64;0;M;13;COPRA;0;31;12;38,71;0;0;6675,81;4380,79;127;4253,79;63,72;0;256,370096;138;1;137;53,44;0;0;-21334,21;-2422,02;0;0;38;36,19;0;0;0;0;0;0;0;0
25/09/2026 08:30:09;25/09/2026;01/09/2026;25/09/2026;6;B;292;103;88333;66998,79;55838,47;933,53;0;1432;1391;41;0;0;0;0;0;1616,88;54221,59;61,38;88;2328,01;44;34;38,64;0;M;60;RICLAN;0;26;11;42,31;0;0;3769,44;1441,76;192,4;1249,36;33,14;0;258,223256;136;16;120;46,47;0;0;-21334,21;-2520,08;0;0;38;36,19;0;0;0;0;0;0;0;0
25/09/2026 08:30:09;25/09/2026;01/09/2026;25/09/2026;6;B;292;103;88333;66998,79;55838,47;933,53;0;1432;1391;41;0;0;0;0;0;1616,88;54221,59;61,38;88;2328,01;44;34;38,64;0;M;59;CASA SUICA;0;7;8;114,29;4,54;0;1196,39;1512;0;1512;126,38;0;17,883725;57;0;57;318,73;1,81;2,27;-21334,21;315,61;0;6,81;38;36,19;0;0;0;0;0;0;0;0
25/09/2026 08:30:09;25/09/2026;01/09/2026;25/09/2026;6;B;292;103;88333;66998,79;55838,47;933,53;0;1432;1391;41;0;0;0;0;0;1616,88;54221,59;61,38;88;2328,01;44;34;38,64;0;M;82;ZICO;0;11;;;0;0;1500;;0;0;0;0;5;;;;0;0;0;-21334,21;-1500;0;0;38;36,19;0;0;0;0;0;0;0;0
25/09/2026 08:30:09;25/09/2026;01/09/2026;25/09/2026;6;B;292;103;88333;66998,79;55838,47;933,53;0;1432;1391;41;0;0;0;0;0;1616,88;54221,59;61,38;88;2328,01;44;34;38,64;0;M;18;SABORELLE - RACAO;0;22;10;45,45;0;0;15443,45;8986,31;0;8986,31;58,19;0;93,515044;49;0;49;52,4;0;0;-21334,21;-6457,14;0;0;38;36,19;0;0;0;0;0;0;0;0
25/09/2026 08:30:09;25/09/2026;01/09/2026;25/09/2026;6;B;292;103;88333;66998,79;55838,47;933,53;0;1432;1391;41;0;0;0;0;0;1616,88;54221,59;61,38;88;2328,01;44;34;38,64;0;M;74;BRAVA;0;6;;;0;0;1000;;0;0;0;0;8,470982;;;;0;0;0;-21334,21;-1000;0;0;38;36,19;0;0;0;0;0;0;0;0
25/09/2026 08:30:09;25/09/2026;01/09/2026;25/09/2026;6;B;292;103;88333;66998,79;55838,47;933,53;0;1432;1391;41;0;0;0;0;0;1616,88;54221,59;61,38;88;2328,01;44;34;38,64;0;M;47;SOFFIE;0;12;;;0;0;4485,17;;0;0;0;0;24,254651;;;;0;0;0;-21334,21;-4485,17;0;0;38;36,19;0;0;0;0;0;0;0;0
25/09/2026 08:30:09;25/09/2026;01/09/2026;25/09/2026;6;B;292;103;88333;66998,79;55838,47;933,53;0;1432;1391;41;0;0;0;0;0;1616,88;54221,59;61,38;88;2328,01;44;34;38,64;0;M;53;CASAKM;0;36;16;44,44;0;0;20058,55;8579,18;0;8579,18;42,77;0;552,820452;206;0;206;37,26;0;0;-21334,21;-11479,37;0;0;38;36,19;0;0;0;0;0;0;0;0
25/09/2026 08:30:09;25/09/2026;01/09/2026;25/09/2026;6;B;292;103;88333;66998,79;55838,47;933,53;0;1432;1391;41;0;0;0;0;0;1616,88;54221,59;61,38;88;2328,01;44;34;38,64;0;M;81;TOP CAU;0;6;;;0;0;500;;0;0;0;0;5;;;;0;0;0;-21334,21;-500;0;0;38;36,19;0;0;0;0;0;0;0;0
25/09/2026 08:30:09;25/09/2026;01/09/2026;25/09/2026;20;E;457;95;142326;115504,86;45485,08;1404,83;0;3050;2877;173;0;0;0;0;0;0;45485,08;31,96;81;3714,01;49;37;45,68;0;M;69;GAMELEIRA;0;8;;;0;0;1000,11;;0;0;0;0;1,397872;;;;0;0;0;-26821,14;-1000,11;0;0;39,89;30,55;0;0;0;0;0;0;0;0
25/09/2026 08:30:09;25/09/2026;01/09/2026;25/09/2026;20;E;457;95;142326;115504,86;45485,08;1404,83;0;3050;2877;173;0;0;0;0;0;0;45485,08;31,96;81;3714,01;49;37;45,68;0;M;1;JAV;0;44;27;61,36;0;0;46904,08;14672,93;0;14672,93;31,28;0;1619,248159;553;0;553;34,15;0;0;-26821,14;-32231,15;0;0;39,89;30,55;0;0;0;0;0;0;0;0
25/09/2026 08:30:09;25/09/2026;01/09/2026;25/09/2026;20;E;457;95;142326;115504,86;45485,08;1404,83;0;3050;2877;173;0;0;0;0;0;0;45485,08;31,96;81;3714,01;49;37;45,68;0;M;51;GUANABARA;0;12;1;8,33;0;0;1000,25;112,9;0;112,9;11,29;0;4,020968;1;0;1;24,87;0;0;-26821,14;-887,35;0;0;39,89;30,55;0;0;0;0;0;0;0;0
25/09/2026 08:30:09;25/09/2026;01/09/2026;25/09/2026;20;E;457;95;142326;115504,86;45485,08;1404,83;0;3050;2877;173;0;0;0;0;0;0;45485,08;31,96;81;3714,01;49;37;45,68;0;M;66;COCO SHOW;0;9;10;111,11;9,42;0;1000,11;1176,97;0;1176,97;117,68;0;84,974378;76;0;76;89,44;1,53;6,12;-26821,14;176,86;0;15,54;39,89;30,55;0;0;0;0;0;0;0;0
25/09/2026 08:30:09;25/09/2026;01/09/2026;25/09/2026;20;E;457;95;142326;115504,86;45485,08;1404,83;0;3050;2877;173;0;0;0;0;0;0;45485,08;31,96;81;3714,01;49;37;45,68;0;M;2;MARILAN;0;27;18;66,67;0;0;33000,6;21060,64;0;21060,64;63,82;0;631,3305;494;0;494;78,25;0;0;-26821,14;-11939,96;0;0;39,89;30,55;0;0;0;0;0;0;0;0
25/09/2026 08:30:09;25/09/2026;01/09/2026;25/09/2026;20;E;457;95;142326;115504,86;45485,08;1404,83;0;3050;2877;173;0;0;0;0;0;0;45485,08;31,96;81;3714,01;49;37;45,68;0;M;6;SOL BEBIDAS;0;7;;;0;0;500,42;;0;0;0;0;3,157895;;;;0;0;0;-26821,14;-500,42;0;0;39,89;30,55;0;0;0;0;0;0;0;0
25/09/2026 08:30:09;25/09/2026;01/09/2026;25/09/2026;20;E;457;95;142326;115504,86;45485,08;1404,83;0;3050;2877;173;0;0;0;0;0;0;45485,08;31,96;81;3714,01;49;37;45,68;0;M;83;ROBINSON CRUSOE;0;10;;;0;0;2500,03;;0;0;0;0;21,25;;;;0;0;0;-26821,14;-2500,03;0;0;39,89;30,55;0;0;0;0;0;0;0;0
25/09/2026 08:30:09;25/09/2026;01/09/2026;25/09/2026;20;E;457;95;142326;115504,86;45485,08;1404,83;0;3050;2877;173;0;0;0;0;0;0;45485,08;31,96;81;3714,01;49;37;45,68;0;M;13;COPRA;0;24;14;58,33;0;0;10000,93;4093,54;0;4093,54;40,93;0;275,875367;109;0;109;39,51;0;0;-26821,14;-5907,39;0;0;39,89;30,55;0;0;0;0;0;0;0;0
25/09/2026 08:30:09;25/09/2026;01/09/2026;25/09/2026;20;E;457;95;142326;115504,86;45485,08;1404,83;0;3050;2877;173;0;0;0;0;0;0;45485,08;31,96;81;3714,01;49;37;45,68;0;M;52;GREEN;0;16;8;50;0;0;2500,35;1395,24;0;1395,24;55,8;0;75,125;23;0;23;30,62;0;0;-26821,14;-1105,11;0;0;39,89;30,55;0;0;0;0;0;0;0;0
25/09/2026 08:30:09;25/09/2026;01/09/2026;25/09/2026;20;E;457;95;142326;115504,86;45485,08;1404,83;0;3050;2877;173;0;0;0;0;0;0;45485,08;31,96;81;3714,01;49;37;45,68;0;M;53;CASAKM;0;10;1;10;0;0;17000,33;516,08;0;516,08;3,04;0;422,890869;5;0;5;1,18;0;0;-26821,14;-16484,25;0;0;39,89;30,55;0;0;0;0;0;0;0;0
25/09/2026 08:30:09;25/09/2026;01/09/2026;25/09/2026;20;E;457;95;142326;115504,86;45485,08;1404,83;0;3050;2877;173;0;0;0;0;0;0;45485,08;31,96;81;3714,01;49;37;45,68;0;M;82;ZICO;0;7;;;0;0;1200;;0;0;0;0;9,962791;;;;0;0;0;-26821,14;-1200;0;0;39,89;30,55;0;0;0;0;0;0;0;0
25/09/2026 08:30:09;25/09/2026;01/09/2026;25/09/2026;20;E;457;95;142326;115504,86;45485,08;1404,83;0;3050;2877;173;0;0;0;0;0;0;45485,08;31,96;81;3714,01;49;37;45,68;0;M;61;DAVENE;0;14;7;50;0;0;1000,69;724,86;0;724,86;72,44;0;12,15;52;0;52;427,98;2,75;0;-26821,14;-275,83;0;0;39,89;30,55;0;0;0;0;0;0;0;0
25/09/2026 08:30:09;25/09/2026;01/09/2026;25/09/2026;20;E;457;95;142326;115504,86;45485,08;1404,83;0;3050;2877;173;0;0;0;0;0;0;45485,08;31,96;81;3714,01;49;37;45,68;0;M;60;RICLAN;0;14;2;14,29;0;0;9216,95;78,14;0;78,14;0,85;0;277,10301;7;0;7;2,53;0;0;-26821,14;-9138,81;0;0;39,89;30,55;0;0;0;0;0;0;0;0
25/09/2026 08:30:09;25/09/2026;01/09/2026;25/09/2026;20;E;457;95;142326;115504,86;45485,08;1404,83;0;3050;2877;173;0;0;0;0;0;0;45485,08;31,96;81;3714,01;49;37;45,68;0;M;15;QUEIJOS LELO;0;5;;;0;0;500;;0;0;0;0;8;;;;0;0;0;-26821,14;-500;0;0;39,89;30,55;0;0;0;0;0;0;0;0
25/09/2026 08:30:09;25/09/2026;01/09/2026;25/09/2026;20;E;457;95;142326;115504,86;45485,08;1404,83;0;3050;2877;173;0;0;0;0;0;0;45485,08;31,96;81;3714,01;49;37;45,68;0;M;74;BRAVA;0;7;;;0;0;10000,77;;0;0;0;0;210,300852;;;;0;0;0;-26821,14;-10000,77;0;0;39,89;30,55;0;0;0;0;0;0;0;0
25/09/2026 08:30:09;25/09/2026;01/09/2026;25/09/2026;20;E;457;95;142326;115504,86;45485,08;1404,83;0;3050;2877;173;0;0;0;0;0;0;45485,08;31,96;81;3714,01;49;37;45,68;0;M;72;FRANBA;0;7;;;0;0;1000;;0;0;0;0;5,714286;;;;0;0;0;-26821,14;-1000;0;0;39,89;30,55;0;0;0;0;0;0;0;0
25/09/2026 08:30:09;25/09/2026;01/09/2026;25/09/2026;20;E;457;95;142326;115504,86;45485,08;1404,83;0;3050;2877;173;0;0;0;0;0;0;45485,08;31,96;81;3714,01;49;37;45,68;0;M;47;SOFFIE;0;16;;;0;0;1000;;0;0;0;0;0;;;;;0;0;-26821,14;-1000;0;0;39,89;30,55;0;0;0;0;0;0;0;0
25/09/2026 08:30:09;25/09/2026;01/09/2026;25/09/2026;27;E;462;37;49607;19404,3;19086,96;448,32;0;708;708;0;0;0;0;0;0;0;19086,96;38,48;31;1840,01;17;17;54,84;0;M;13;COPRA;0;8;5;62,5;0;0;4995,98;323,33;0;323,33;6,47;0;74;24;0;24;32,43;0;0;-30202,7;-4672,65;0;0;18,84;10,61;0;0;0;0;0;0;0;0
25/09/2026 08:30:09;25/09/2026;01/09/2026;25/09/2026;27;E;462;37;49607;19404,3;19086,96;448,32;0;708;708;0;0;0;0;0;0;0;19086,96;38,48;31;1840,01;17;17;54,84;0;M;63;BRACELL;0;10;1;10;0;0;1608,11;404,16;0;404,16;25,13;0;59;8;0;8;13,56;0;0;-30202,7;-1203,95;0;0;18,84;10,61;0;0;0;0;0;0;0;0
25/09/2026 08:30:09;25/09/2026;01/09/2026;25/09/2026;27;E;462;37;49607;19404,3;19086,96;448,32;0;708;708;0;0;0;0;0;0;0;19086,96;38,48;31;1840,01;17;17;54,84;0;M;51;GUANABARA;0;10;;;0;0;1000;;0;0;0;0;50;;;;0;0;0;-30202,7;-1000;0;0;18,84;10,61;0;0;0;0;0;0;0;0
25/09/2026 08:30:09;25/09/2026;01/09/2026;25/09/2026;27;E;462;37;49607;19404,3;19086,96;448,32;0;708;708;0;0;0;0;0;0;0;19086,96;38,48;31;1840,01;17;17;54,84;0;M;6;SOL BEBIDAS;0;10;2;20;0;0;2558,48;822,63;0;822,63;32,15;0;87;17;0;17;19,54;0;0;-30202,7;-1735,85;0;0;18,84;10,61;0;0;0;0;0;0;0;0
25/09/2026 08:30:09;25/09/2026;01/09/2026;25/09/2026;27;E;462;37;49607;19404,3;19086,96;448,32;0;708;708;0;0;0;0;0;0;0;19086,96;38,48;31;1840,01;17;17;54,84;0;M;59;CASA SUICA;0;10;;;0;0;1001,3;;0;0;0;0;50;;;;0;0;0;-30202,7;-1001,3;0;0;18,84;10,61;0;0;0;0;0;0;0;0
25/09/2026 08:30:09;25/09/2026;01/09/2026;25/09/2026;27;E;462;37;49607;19404,3;19086,96;448,32;0;708;708;0;0;0;0;0;0;0;19086,96;38,48;31;1840,01;17;17;54,84;0;M;53;CASAKM;0;7;2;28,57;0;0;1615,01;2653,74;0;2653,74;164,32;0;55;183;0;183;332,73;8,23;10,61;-30202,7;1038,73;0;10,61;18,84;10,61;0;0;0;0;0;0;0;0
25/09/2026 08:30:09;25/09/2026;01/09/2026;25/09/2026;27;E;462;37;49607;19404,3;19086,96;448,32;0;708;708;0;0;0;0;0;0;0;19086,96;38,48;31;1840,01;17;17;54,84;0;M;60;RICLAN;0;11;1;9,09;0;0;519,19;23,94;0;23,94;4,61;0;52;3;0;3;5,77;0;0;-30202,7;-495,25;0;0;18,84;10,61;0;0;0;0;0;0;0;0
25/09/2026 08:30:09;25/09/2026;01/09/2026;25/09/2026;27;E;462;37;49607;19404,3;19086,96;448,32;0;708;708;0;0;0;0;0;0;0;19086,96;38,48;31;1840,01;17;17;54,84;0;M;69;GAMELEIRA;0;10;;;0;0;1037,18;;0;0;0;0;50;;;;0;0;0;-30202,7;-1037,18;0;0;18,84;10,61;0;0;0;0;0;0;0;0
25/09/2026 08:30:09;25/09/2026;01/09/2026;25/09/2026;27;E;462;37;49607;19404,3;19086,96;448,32;0;708;708;0;0;0;0;0;0;0;19086,96;38,48;31;1840,01;17;17;54,84;0;M;85;CUIDAX;0;8;;;0;0;800;;0;0;0;0;30;;;;0;0;0;-30202,7;-800;0;0;18,84;10,61;0;0;0;0;0;0;0;0
25/09/2026 08:30:09;25/09/2026;01/09/2026;25/09/2026;27;E;462;37;49607;19404,3;19086,96;448,32;0;708;708;0;0;0;0;0;0;0;19086,96;38,48;31;1840,01;17;17;54,84;0;M;15;QUEIJOS LELO;0;10;;;0;0;1000;;0;0;0;0;50;;;;0;0;0;-30202,7;-1000;0;0;18,84;10,61;0;0;0;0;0;0;0;0
25/09/2026 08:30:09;25/09/2026;01/09/2026;25/09/2026;27;E;462;37;49607;19404,3;19086,96;448,32;0;708;708;0;0;0;0;0;0;0;19086,96;38,48;31;1840,01;17;17;54,84;0;M;65;MATUTA;0;10;;;0;0;1074,08;;0;0;0;0;51;;;;0;0;0;-30202,7;-1074,08;0;0;18,84;10,61;0;0;0;0;0;0;0;0
25/09/2026 08:30:09;25/09/2026;01/09/2026;25/09/2026;27;E;462;37;49607;19404,3;19086,96;448,32;0;708;708;0;0;0;0;0;0;0;19086,96;38,48;31;1840,01;17;17;54,84;0;M;74;BRAVA;0;10;1;10;0;0;1017,18;50,2;0;50,2;4,94;0;50;1;0;1;2;0;0;-30202,7;-966,98;0;0;18,84;10,61;0;0;0;0;0;0;0;0
25/09/2026 08:30:09;25/09/2026;01/09/2026;25/09/2026;27;E;462;37;49607;19404,3;19086,96;448,32;0;708;708;0;0;0;0;0;0;0;19086,96;38,48;31;1840,01;17;17;54,84;0;M;18;SABORELLE - RACAO;0;11;1;9,09;0;0;1646,92;548,85;0;548,85;33,33;0;50;3;0;3;6;0;0;-30202,7;-1098,07;0;0;18,84;10,61;0;0;0;0;0;0;0;0
23/09/2026 17:26:43;31/08/2026;01/08/2026;31/08/2026;6;E;489;104;19902,12;38481,44;40511,09;1926,35;111,58;3614;3513;101;0;0;0;0;0;3316,41;37194,68;186,89;88;1000;64;63;71,59;0;M;69;GAMELEIRA;0;10;12;120;20,16;0;2000;1645,56;94,6;1550,96;77,55;0;19;25;1;24;126,32;5,89;0;18579,32;-449,04;111,58;20,16;732,69;523,86;0,3;0,3;0;0;0;0;111,58;111,58
23/09/2026 17:26:43;31/08/2026;01/08/2026;31/08/2026;6;E;489;104;19902,12;38481,44;40511,09;1926,35;111,58;3614;3513;101;0;0;0;0;0;3316,41;37194,68;186,89;88;1000;64;63;71,59;0;M;6;SOL BEBIDAS;0;5;7;140;4,32;0;1500;332,16;0;332,16;22,14;0;20;8;0;8;40;0;0;18579,32;-1167,84;111,58;4,32;732,69;523,86;0,3;0,3;0;0;0;0;111,58;111,58
23/09/2026 17:26:43;31/08/2026;01/08/2026;31/08/2026;6;E;489;104;19902,12;38481,44;40511,09;1926,35;111,58;3614;3513;101;0;0;0;0;0;3316,41;37194,68;186,89;88;1000;64;63;71,59;0;M;72;FRANBA;0;9;3;33,33;0;0;1500;304,49;0;304,49;20,3;0;10;3;0;3;30;0;0;18579,32;-1195,51;111,58;0;732,69;523,86;0,3;0,3;0;0;0;0;111,58;111,58
23/09/2026 17:26:43;31/08/2026;01/08/2026;31/08/2026;6;E;489;104;19902,12;38481,44;40511,09;1926,35;111,58;3614;3513;101;0;0;0;0;0;3316,41;37194,68;186,89;88;1000;64;63;71,59;0;M;83;ROBINSON CRUSOE;0;15;8;53,33;0;0;2000;1439;0;1439;71,95;0;20;13;0;13;65;0;0;18579,32;-561;111,58;0;732,69;523,86;0,3;0,3;0;0;0;0;111,58;111,58
23/09/2026 17:26:43;31/08/2026;01/08/2026;31/08/2026;6;E;489;104;19902,12;38481,44;40511,09;1926,35;111,58;3614;3513;101;0;0;0;0;0;3316,41;37194,68;186,89;88;1000;64;63;71,59;0;M;52;GREEN;0;10;16;160;17,99;0;2000;1383,73;0;1383,73;69,19;0;31;23;0;23;74,19;0;0;18579,32;-616,27;111,58;17,99;732,69;523,86;0,3;0,3;0;0;0;0;111,58;111,58
23/09/2026 17:26:43;31/08/2026;01/08/2026;31/08/2026;6;E;489;104;19902,12;38481,44;40511,09;1926,35;111,58;3614;3513;101;0;0;0;0;0;3316,41;37194,68;186,89;88;1000;64;63;71,59;0;M;63;BRACELL;0;22;5;22,73;0;0;3500;648,58;0;648,58;18,53;0;16;9;0;9;56,25;0;0;18579,32;-2851,42;111,58;0;732,69;523,86;0,3;0,3;0;0;0;0;111,58;111,58
23/09/2026 17:26:43;31/08/2026;01/08/2026;31/08/2026;6;E;489;104;19902,12;38481,44;40511,09;1926,35;111,58;3614;3513;101;0;0;0;0;0;3316,41;37194,68;186,89;88;1000;64;63;71,59;0;M;65;MATUTA;0;9;3;33,33;0;0;1500;350,3;0;350,3;23,35;0;20;6;0;6;30;0;0;18579,32;-1149,7;111,58;0;732,69;523,86;0,3;0,3;0;0;0;0;111,58;111,58
23/09/2026 17:26:43;31/08/2026;01/08/2026;31/08/2026;6;E;489;104;19902,12;38481,44;40511,09;1926,35;111,58;3614;3513;101;0;0;0;0;0;3316,41;37194,68;186,89;88;1000;64;63;71,59;0;M;1;JAV;0;50;56;112;81,79;0;25000;27262,34;0;27262,34;109,05;0;500;926;0;926;185,2;32,71;54,52;18579,32;2262,34;111,58;136,31;732,69;523,86;0,3;0,3;0;0;0;0;111,58;111,58
23/09/2026 17:26:43;31/08/2026;01/08/2026;31/08/2026;6;E;489;104;19902,12;38481,44;40511,09;1926,35;111,58;3614;3513;101;0;0;0;0;0;3316,41;37194,68;186,89;88;1000;64;63;71,59;0;M;61;DAVENE;0;10;3;30;0;0;1000;152,06;0;152,06;15,21;0;20;25;0;25;125;0,58;0;18579,32;-847,94;111,58;0;732,69;523,86;0,3;0,3;0;0;0;0;111,58;111,58
23/09/2026 17:26:43;31/08/2026;01/08/2026;31/08/2026;26;E;492;29;11616;44531,01;42943,89;3266,79;126,89;4701;4663;38;0;0;0;0;0;648,02;42295,87;364,12;25;293,01;28;26;104;126,88761;M;6;SOL BEBIDAS;0;7;7;100;14,34;0;1019,87;1325,44;222;1103,44;108,19;0;30;31;5;26;86,67;1,77;7,17;32915,01;83,57;126,89;21,51;1509,89761;1179,63761;0,3;0,3;0,3;0;0;0;126,89;126,89
23/09/2026 17:26:43;31/08/2026;01/08/2026;31/08/2026;26;E;492;29;11616;44531,01;42943,89;3266,79;126,89;4701;4663;38;0;0;0;0;0;648,02;42295,87;364,12;25;293,01;28;26;104;126,88761;M;44;JDE;0;14;32;228,57;294,79;0;52235,11;197062,84;535,54;196527,3;376,24;0;722;3725;26;3699;512,33;117,92;196,53;32915,01;144292,19;126,89;491,32;1509,89761;1179,63761;0,3;0,3;0,3;0;0;0;126,89;126,89
23/09/2026 17:26:43;31/08/2026;01/08/2026;31/08/2026;26;E;492;29;11616;44531,01;42943,89;3266,79;126,89;4701;4663;38;0;0;0;0;0;648,02;42295,87;364,12;25;293,01;28;26;104;126,88761;M;63;BRACELL;0;6;8;133,33;34,18;0;1000;4537,76;264,77;4272,99;427,3;0;30;70;4;66;220;13,25;22,22;32915,01;3272,99;126,89;56,4;1509,89761;1179,63761;0,3;0,3;0,3;0;0;0;126,89;126,89
23/09/2026 17:26:43;31/08/2026;01/08/2026;31/08/2026;26;E;492;29;11616;44531,01;42943,89;3266,79;126,89;4701;4663;38;0;0;0;0;0;648,02;42295,87;364,12;25;293,01;28;26;104;126,88761;M;69;GAMELEIRA;0;7;10;142,86;142,21;0;1918,8;11100,38;161,25;10939,13;570,1;0;53;259;3;256;483,02;41,57;71,1;32915,01;9020,33;126,89;213,31;1509,89761;1179,63761;0,3;0,3;0,3;0;0;0;126,89;126,89
23/09/2026 17:26:43;31/08/2026;01/08/2026;31/08/2026;26;E;492;29;11616;44531,01;42943,89;3266,79;126,89;4701;4663;38;0;0;0;0;0;648,02;42295,87;364,12;25;293,01;28;26;104;126,88761;M;66;COCO SHOW;0;6;11;183,33;58,74;0;2185,59;7342,49;0;7342,49;335,95;0;60;206;0;206;343,33;22,76;38,18;32915,01;5156,9;126,89;96,92;1509,89761;1179,63761;0,3;0,3;0,3;0;0;0;126,89;126,89
23/09/2026 17:26:43;31/08/2026;01/08/2026;31/08/2026;26;E;492;29;11616;44531,01;42943,89;3266,79;126,89;4701;4663;38;0;0;0;0;0;648,02;42295,87;364,12;25;293,01;28;26;104;126,88761;M;65;MATUTA;0;9;1;11,11;0;0;2492,05;600,88;0;600,88;24,11;0;30;14;0;14;46,67;0;0;32915,01;-1891,17;126,89;0;1509,89761;1179,63761;0,3;0,3;0,3;0;0;0;126,89;126,89
23/09/2026 17:26:43;31/08/2026;01/08/2026;31/08/2026;26;E;492;29;11616;44531,01;42943,89;3266,79;126,89;4701;4663;38;0;0;0;0;0;648,02;42295,87;364,12;25;293,01;28;26;104;126,88761;M;52;GREEN;0;6;7;116,67;20,88;0;1000;1605,99;0;1605,99;160,6;0;30;67;0;67;223,33;6,1;10,44;32915,01;605,99;126,89;31,32;1509,89761;1179,63761;0,3;0,3;0,3;0;0;0;126,89;126,89
23/09/2026 17:26:43;31/08/2026;01/08/2026;31/08/2026;26;E;492;29;11616;44531,01;42943,89;3266,79;126,89;4701;4663;38;0;0;0;0;0;648,02;42295,87;364,12;25;293,01;28;26;104;126,88761;M;72;FRANBA;0;6;3;50;0;0;1000;703,71;0;703,71;70,37;0;30;7;0;7;23,33;0;0;32915,01;-296,29;126,89;0;1509,89761;1179,63761;0,3;0,3;0,3;0;0;0;126,89;126,89
23/09/2026 17:26:43;31/08/2026;01/08/2026;31/08/2026;26;E;492;29;11616;44531,01;42943,89;3266,79;126,89;4701;4663;38;0;0;0;0;0;648,02;42295,87;364,12;25;293,01;28;26;104;126,88761;M;83;ROBINSON CRUSOE;0;6;4;66,67;0;0;1000;1371,24;0;1371,24;137,12;0;30;18;0;18;60;0;15,08;32915,01;371,24;126,89;15,08;1509,89761;1179,63761;0,3;0,3;0,3;0;0;0;126,89;126,89
23/09/2026 17:26:43;31/08/2026;01/08/2026;31/08/2026;26;E;9;87;126256;100257,1;97318,91;1875,75;0;3794;3721;73;0;0;0;0;0;1276,3;96042,61;76,07;74;3387,01;79;80;108,11;288,12783;M;1;JAV;0;66;72;109,09;165,05;0;69751,35;55711,99;694,14;55017,85;78,88;0;2121;1487;17;1470;69,31;0;0;-25998,9;-14733,5;0;165,05;951,82783;687,19783;0;0,2;0,3;0;0;0;192,09;192,09
23/09/2026 17:26:43;31/08/2026;01/08/2026;31/08/2026;26;E;9;87;126256;100257,1;97318,91;1875,75;0;3794;3721;73;0;0;0;0;0;1276,3;96042,61;76,07;74;3387,01;79;80;108,11;288,12783;M;13;COPRA;0;40;32;80;0;0;10094,5;7129,55;57;7072,55;70,06;0;251;204;2;202;80,48;0;0;-25998,9;-3021,95;0;0;951,82783;687,19783;0;0,2;0,3;0;0;0;192,09;192,09
25/09/2026 08:30:09;25/09/2026;01/09/2026;25/09/2026;6;B;292;103;88333;66998,79;55838,47;933,53;0;1432;1391;41;0;0;0;0;0;1616,88;54221,59;61,38;88;2328,01;44;34;38,64;0;M;15;QUEIJOS LELO;0;12;2;16,67;0;0;1599,69;265,26;0;265,26;16,58;0;6,315789;2;0;2;31,67;0;0;-21334,21;-1334,43;0;0;38;36,19;0;0;0;0;0;0;0;0
25/09/2026 08:30:09;25/09/2026;01/09/2026;25/09/2026;6;B;292;103;88333;66998,79;55838,47;933,53;0;1432;1391;41;0;0;0;0;0;1616,88;54221,59;61,38;88;2328,01;44;34;38,64;0;M;51;GUANABARA;0;8;5;62,5;0;0;692,21;1404,71;0;1404,71;202,93;0;19,023649;10;0;10;52,57;0;7,02;-21334,21;712,5;0;7,02;38;36,19;0;0;0;0;0;0;0;0
25/09/2026 08:30:09;25/09/2026;01/09/2026;25/09/2026;26;E;294;51;64974;27959,6;18386,54;389,13;0;747;649;98;0;0;0;0;0;3802,44;14584,1;22,45;43;1383;25;15;34,88;0;M;1;JAV;0;32;14;43,75;0;0;30770,41;12927,25;2061,98;10865,27;35,31;0;692;388;55;333;48,12;0;0;-37014,4;-19905,14;0;0;6,2;3,51;0;0;0;0;0;0;0;0
25/09/2026 08:30:09;25/09/2026;01/09/2026;25/09/2026;26;E;294;51;64974;27959,6;18386,54;389,13;0;747;649;98;0;0;0;0;0;3802,44;14584,1;22,45;43;1383;25;15;34,88;0;M;13;COPRA;0;16;4;25;0;0;8001,89;1877,91;519,66;1358,25;16,97;0;225;81;5;76;33,78;0;0;-37014,4;-6643,64;0;0;6,2;3,51;0;0;0;0;0;0;0;0
25/09/2026 08:30:09;25/09/2026;01/09/2026;25/09/2026;26;E;294;51;64974;27959,6;18386,54;389,13;0;747;649;98;0;0;0;0;0;3802,44;14584,1;22,45;43;1383;25;15;34,88;0;M;18;SABORELLE - RACAO;0;6;1;16,67;0;0;1808,28;790,14;395,07;395,07;21,85;0;5;4;2;2;40;0;0;-37014,4;-1413,21;0;0;6,2;3,51;0;0;0;0;0;0;0;0
25/09/2026 08:30:09;25/09/2026;01/09/2026;25/09/2026;26;E;294;51;64974;27959,6;18386,54;389,13;0;747;649;98;0;0;0;0;0;3802,44;14584,1;22,45;43;1383;25;15;34,88;0;M;44;JDE;0;10;4;40;0;0;4730,41;1080,23;17,04;1063,19;22,48;0;152;235;6;229;150,66;0,64;0;-37014,4;-3667,22;0;0;6,2;3,51;0;0;0;0;0;0;0;0
25/09/2026 08:30:09;25/09/2026;01/09/2026;25/09/2026;26;E;294;51;64974;27959,6;18386,54;389,13;0;747;649;98;0;0;0;0;0;3802,44;14584,1;22,45;43;1383;25;15;34,88;0;M;52;GREEN;0;7;1;14,29;0;0;390,41;50,95;50,95;0;0;0;5;1;1;0;0;0;0;-37014,4;-390,41;0;0;6,2;3,51;0;0;0;0;0;0;0;0
25/09/2026 08:30:09;25/09/2026;01/09/2026;25/09/2026;26;E;294;51;64974;27959,6;18386,54;389,13;0;747;649;98;0;0;0;0;0;3802,44;14584,1;22,45;43;1383;25;15;34,88;0;M;53;CASAKM;0;8;1;12,5;0;0;1233,4;71;109;-38;-3,08;0;20;1;2;-1;-5;0;0;-37014,4;-1271,4;0;0;6,2;3,51;0;0;0;0;0;0;0;0
25/09/2026 08:30:09;25/09/2026;01/09/2026;25/09/2026;26;E;294;51;64974;27959,6;18386,54;389,13;0;747;649;98;0;0;0;0;0;3802,44;14584,1;22,45;43;1383;25;15;34,88;0;M;60;RICLAN;0;14;4;28,57;0;0;2380,49;73,09;35,93;37,16;1,56;0;94;7;4;3;3,19;0;0;-37014,4;-2343,33;0;0;6,2;3,51;0;0;0;0;0;0;0;0
25/09/2026 08:30:09;25/09/2026;01/09/2026;25/09/2026;26;E;294;51;64974;27959,6;18386,54;389,13;0;747;649;98;0;0;0;0;0;3802,44;14584,1;22,45;43;1383;25;15;34,88;0;M;61;DAVENE;0;9;;;0;0;278,18;;120,45;-120,45;-43,3;0;8;0;15;-15;-187,5;0;0;-37014,4;-398,63;0;0;6,2;3,51;0;0;0;0;0;0;0;0
25/09/2026 08:30:09;25/09/2026;01/09/2026;25/09/2026;26;E;294;51;64974;27959,6;18386,54;389,13;0;747;649;98;0;0;0;0;0;3802,44;14584,1;22,45;43;1383;25;15;34,88;0;M;63;BRACELL;0;11;4;36,36;0;0;4771,72;913,38;140,4;772,98;16,2;0;117;16;3;13;11,11;0;0;-37014,4;-3998,74;0;0;6,2;3,51;0;0;0;0;0;0;0;0
25/09/2026 08:30:09;25/09/2026;01/09/2026;25/09/2026;26;E;294;51;64974;27959,6;18386,54;389,13;0;747;649;98;0;0;0;0;0;3802,44;14584,1;22,45;43;1383;25;15;34,88;0;M;83;ROBINSON CRUSOE;0;9;3;33,33;0;0;1727,73;1031,2;257,8;773,4;44,76;0;15;8;2;6;40;0;0;-37014,4;-954,33;0;0;6,2;3,51;0;0;0;0;0;0;0;0
25/09/2026 08:30:09;25/09/2026;01/09/2026;25/09/2026;26;E;294;51;64974;27959,6;18386,54;389,13;0;747;649;98;0;0;0;0;0;3802,44;14584,1;22,45;43;1383;25;15;34,88;0;M;84;CAPRICHE;0;16;;;0;0;2203,65;;91,5;-91,5;-4,15;0;116;0;3;-3;-2,59;0;0;-37014,4;-2295,15;0;0;6,2;3,51;0;0;0;0;0;0;0;0
25/09/2026 08:30:09;25/09/2026;01/09/2026;25/09/2026;26;E;294;51;64974;27959,6;18386,54;389,13;0;747;649;98;0;0;0;0;0;3802,44;14584,1;22,45;43;1383;25;15;34,88;0;M;65;MATUTA;0;10;;;0;0;1000;;0;0;0;0;0;;;;;0;0;-37014,4;-1000;0;0;6,2;3,51;0;0;0;0;0;0;0;0
25/09/2026 08:30:09;25/09/2026;01/09/2026;25/09/2026;26;E;294;51;64974;27959,6;18386,54;389,13;0;747;649;98;0;0;0;0;0;3802,44;14584,1;22,45;43;1383;25;15;34,88;0;M;47;SOFFIE;0;10;;;0;0;363,77;;0;0;0;0;5;;;;0;0;0;-37014,4;-363,77;0;0;6,2;3,51;0;0;0;0;0;0;0;0
25/09/2026 08:30:09;25/09/2026;01/09/2026;25/09/2026;26;E;294;51;64974;27959,6;18386,54;389,13;0;747;649;98;0;0;0;0;0;3802,44;14584,1;22,45;43;1383;25;15;34,88;0;M;15;QUEIJOS LELO;0;3;2;66,67;0;0;461,09;539,62;0;539,62;117,03;0;2;4;0;4;200;2,05;3,51;-37014,4;78,53;0;3,51;6,2;3,51;0;0;0;0;0;0;0;0
25/09/2026 08:30:09;25/09/2026;01/09/2026;25/09/2026;26;E;294;51;64974;27959,6;18386,54;389,13;0;747;649;98;0;0;0;0;0;3802,44;14584,1;22,45;43;1383;25;15;34,88;0;M;6;SOL BEBIDAS;0;6;;;0;0;1359,01;;0;0;0;0;25;;;;0;0;0;-37014,4;-1359,01;0;0;6,2;3,51;0;0;0;0;0;0;0;0
25/09/2026 08:30:09;25/09/2026;01/09/2026;25/09/2026;26;E;294;51;64974;27959,6;18386,54;389,13;0;747;649;98;0;0;0;0;0;3802,44;14584,1;22,45;43;1383;25;15;34,88;0;M;74;BRAVA;0;9;1;11,11;0;0;4830,47;112;0;112;2,32;0;32;2;0;2;6,25;0;0;-37014,4;-4718,47;0;0;6,2;3,51;0;0;0;0;0;0;0;0
25/09/2026 08:30:09;25/09/2026;01/09/2026;25/09/2026;26;E;294;51;64974;27959,6;18386,54;389,13;0;747;649;98;0;0;0;0;0;3802,44;14584,1;22,45;43;1383;25;15;34,88;0;M;69;GAMELEIRA;0;4;;;0;0;1098,47;;0;0;0;0;4;;;;0;0;0;-37014,4;-1098,47;0;0;6,2;3,51;0;0;0;0;0;0;0;0
25/09/2026 08:30:09;25/09/2026;01/09/2026;25/09/2026;26;E;294;51;64974;27959,6;18386,54;389,13;0;747;649;98;0;0;0;0;0;3802,44;14584,1;22,45;43;1383;25;15;34,88;0;M;51;GUANABARA;0;5;;;0;0;433,15;;0;0;0;0;1;;;;0;0;0;-37014,4;-433,15;0;0;6,2;3,51;0;0;0;0;0;0;0;0
25/09/2026 08:30:09;25/09/2026;01/09/2026;25/09/2026;26;E;294;51;64974;27959,6;18386,54;389,13;0;747;649;98;0;0;0;0;0;3802,44;14584,1;22,45;43;1383;25;15;34,88;0;M;72;FRANBA;0;5;;;0;0;552,97;;0;0;0;0;2;;;;0;0;0;-37014,4;-552,97;0;0;6,2;3,51;0;0;0;0;0;0;0;0
25/09/2026 08:30:09;25/09/2026;01/09/2026;25/09/2026;26;E;294;51;64974;27959,6;18386,54;389,13;0;747;649;98;0;0;0;0;0;3802,44;14584,1;22,45;43;1383;25;15;34,88;0;M;66;COCO SHOW;0;4;;;0;0;1308,92;;0;0;0;0;15;;;;0;0;0;-37014,4;-1308,92;0;0;6,2;3,51;0;0;0;0;0;0;0;0
25/09/2026 08:30:09;25/09/2026;01/09/2026;25/09/2026;19;E;295;76;141842;107146,93;82600,43;1577,66;0;2593;2589;4;0;0;0;0;0;143,57;82456,86;58,13;65;5641,01;53;42;64,62;0;M;1;JAV;0;69;37;53,62;0;0;91720,01;59615;143,57;59471,43;64,84;0;4740;1661;4;1657;34,96;0;0;-34695,07;-32248,58;0;0;128,14;106,78;0;0;0;0;0;0;0;0
25/09/2026 08:30:09;25/09/2026;01/09/2026;25/09/2026;19;E;295;76;141842;107146,93;82600,43;1577,66;0;2593;2589;4;0;0;0;0;0;143,57;82456,86;58,13;65;5641,01;53;42;64,62;0;M;52;GREEN;0;26;5;19,23;0;0;8302,71;1507,27;0;1507,27;18,15;0;134;21;0;21;15,67;0;0;-34695,07;-6795,44;0;0;128,14;106,78;0;0;0;0;0;0;0;0
25/09/2026 08:30:09;25/09/2026;01/09/2026;25/09/2026;19;E;295;76;141842;107146,93;82600,43;1577,66;0;2593;2589;4;0;0;0;0;0;143,57;82456,86;58,13;65;5641,01;53;42;64,62;0;M;69;GAMELEIRA;0;20;9;45;0;0;8990,97;2149,57;0;2149,57;23,91;0;152;44;0;44;28,95;0;0;-34695,07;-6841,4;0;0;128,14;106,78;0;0;0;0;0;0;0;0
25/09/2026 08:30:09;25/09/2026;01/09/2026;25/09/2026;19;E;295;76;141842;107146,93;82600,43;1577,66;0;2593;2589;4;0;0;0;0;0;143,57;82456,86;58,13;65;5641,01;53;42;64,62;0;M;65;MATUTA;0;9;;;0;0;3352,87;;0;0;0;0;36;;;;0;0;0;-34695,07;-3352,87;0;0;128,14;106,78;0;0;0;0;0;0;0;0
25/09/2026 08:30:09;25/09/2026;01/09/2026;25/09/2026;19;E;295;76;141842;107146,93;82600,43;1577,66;0;2593;2589;4;0;0;0;0;0;143,57;82456,86;58,13;65;5641,01;53;42;64,62;0;M;6;SOL BEBIDAS;0;16;10;62,5;0;0;1946,19;1151,79;0;1151,79;59,18;0;39;30;0;30;76,92;0;0;-34695,07;-794,4;0;0;128,14;106,78;0;0;0;0;0;0;0;0
25/09/2026 08:30:09;25/09/2026;01/09/2026;25/09/2026;19;E;295;76;141842;107146,93;82600,43;1577,66;0;2593;2589;4;0;0;0;0;0;143,57;82456,86;58,13;65;5641,01;53;42;64,62;0;M;61;DAVENE;0;12;;;0;0;2436,47;;0;0;0;0;55;;;;0;0;0;-34695,07;-2436,47;0;0;128,14;106,78;0;0;0;0;0;0;0;0
25/09/2026 08:30:09;25/09/2026;01/09/2026;25/09/2026;19;E;295;76;141842;107146,93;82600,43;1577,66;0;2593;2589;4;0;0;0;0;0;143,57;82456,86;58,13;65;5641,01;53;42;64,62;0;M;82;ZICO;0;7;;;0;0;1000;;0;0;0;0;7;;;;0;0;0;-34695,07;-1000;0;0;128,14;106,78;0;0;0;0;0;0;0;0
25/09/2026 08:30:09;25/09/2026;01/09/2026;25/09/2026;19;E;295;76;141842;107146,93;82600,43;1577,66;0;2593;2589;4;0;0;0;0;0;143,57;82456,86;58,13;65;5641,01;53;42;64,62;0;M;83;ROBINSON CRUSOE;0;14;2;14,29;0;0;7205,78;13347,2;0;13347,2;185,23;0;128;120;0;120;93,75;21,36;106,78;-34695,07;6141,42;0;106,78;128,14;106,78;0;0;0;0;0;0;0;0
25/09/2026 08:30:09;25/09/2026;01/09/2026;25/09/2026;27;E;462;37;49607;19404,3;19086,96;448,32;0;708;708;0;0;0;0;0;0;0;19086,96;38,48;31;1840,01;17;17;54,84;0;M;83;ROBINSON CRUSOE;0;10;1;10;0;0;1227,71;458,4;0;458,4;37,34;0;22;5;0;5;22,73;0;0;-30202,7;-769,31;0;0;18,84;10,61;0;0;0;0;0;0;0;0
25/09/2026 08:30:09;25/09/2026;01/09/2026;25/09/2026;27;E;462;37;49607;19404,3;19086,96;448,32;0;708;708;0;0;0;0;0;0;0;19086,96;38,48;31;1840,01;17;17;54,84;0;M;52;GREEN;0;11;;;0;0;1127,64;;0;0;0;0;51;;;;0;0;0;-30202,7;-1127,64;0;0;18,84;10,61;0;0;0;0;0;0;0;0
25/09/2026 08:30:09;25/09/2026;01/09/2026;25/09/2026;27;E;462;37;49607;19404,3;19086,96;448,32;0;708;708;0;0;0;0;0;0;0;19086,96;38,48;31;1840,01;17;17;54,84;0;M;1;JAV;0;25;14;56;0;0;20017,6;11090,84;0;11090,84;55,41;0;773;292;0;292;37,77;0;0;-30202,7;-8926,76;0;0;18,84;10,61;0;0;0;0;0;0;0;0
25/09/2026 08:30:09;25/09/2026;01/09/2026;25/09/2026;27;E;462;37;49607;19404,3;19086,96;448,32;0;708;708;0;0;0;0;0;0;0;19086,96;38,48;31;1840,01;17;17;54,84;0;M;2;MARILAN;0;9;3;33,33;0;0;3876,06;2351,22;0;2351,22;60,66;0;121;49;0;49;40,5;0;0;-30202,7;-1524,84;0;0;18,84;10,61;0;0;0;0;0;0;0;0
25/09/2026 08:30:09;25/09/2026;01/09/2026;25/09/2026;27;E;462;37;49607;19404,3;19086,96;448,32;0;708;708;0;0;0;0;0;0;0;19086,96;38,48;31;1840,01;17;17;54,84;0;M;82;ZICO;0;10;;;0;0;1000;;0;0;0;0;50;;;;0;0;0;-30202,7;-1000;0;0;18,84;10,61;0;0;0;0;0;0;0;0
25/09/2026 08:30:09;25/09/2026;01/09/2026;25/09/2026;27;E;462;37;49607;19404,3;19086,96;448,32;0;708;708;0;0;0;0;0;0;0;19086,96;38,48;31;1840,01;17;17;54,84;0;M;44;JDE;0;19;5;26,32;0;0;22815,22;12484,42;0;12484,42;54,72;0;489;116;0;116;23,72;0;0;-30202,7;-10330,8;0;0;18,84;10,61;0;0;0;0;0;0;0;0
25/09/2026 08:30:09;25/09/2026;01/09/2026;25/09/2026;27;E;462;37;49607;19404,3;19086,96;448,32;0;708;708;0;0;0;0;0;0;0;19086,96;38,48;31;1840,01;17;17;54,84;0;M;72;FRANBA;0;11;;;0;0;1076,79;;0;0;0;0;50;;;;0;0;0;-30202,7;-1076,79;0;0;18,84;10,61;0;0;0;0;0;0;0;0
25/09/2026 08:30:09;25/09/2026;01/09/2026;25/09/2026;27;E;462;37;49607;19404,3;19086,96;448,32;0;708;708;0;0;0;0;0;0;0;19086,96;38,48;31;1840,01;17;17;54,84;0;M;66;COCO SHOW;0;8;2;25;0;0;1408,35;359,65;0;359,65;25,54;0;65;7;0;7;10,77;0;0;-30202,7;-1048,7;0;0;18,84;10,61;0;0;0;0;0;0;0;0
25/09/2026 08:30:09;25/09/2026;01/09/2026;25/09/2026;19;E;466;117;81954;59507,04;47411,32;919,63;0;1683;1624;59;0;0;0;0;0;752,27;46659,05;56,93;99;2465,01;58;49;49,49;0;M;1;JAV;0;34;22;64,71;0;0;11497,46;6491,03;80,3;6410,73;55,76;0;349;224;3;221;63,32;0;0;-22446,96;-5086,73;0;0;134,52;91,68;0;0;0;0;0;0;0;0
25/09/2026 08:30:09;25/09/2026;01/09/2026;25/09/2026;19;E;466;117;81954;59507,04;47411,32;919,63;0;1683;1624;59;0;0;0;0;0;752,27;46659,05;56,93;99;2465,01;58;49;49,49;0;M;2;MARILAN;0;43;23;53,49;0;0;35898,97;13898,59;213,7;13684,89;38,12;0;1016;387;13;374;36,81;0;0;-22446,96;-22214,08;0;0;134,52;91,68;0;0;0;0;0;0;0;0
25/09/2026 08:30:09;25/09/2026;01/09/2026;25/09/2026;19;E;466;117;81954;59507,04;47411,32;919,63;0;1683;1624;59;0;0;0;0;0;752,27;46659,05;56,93;99;2465,01;58;49;49,49;0;M;13;COPRA;0;31;17;54,84;0;0;4794,87;6436,94;63,52;6373,42;132,92;0;351;209;1;208;59,26;0;25,49;-22446,96;1578,55;0;25,49;134,52;91,68;0;0;0;0;0;0;0;0
25/09/2026 08:30:09;25/09/2026;01/09/2026;25/09/2026;19;E;466;117;81954;59507,04;47411,32;919,63;0;1683;1624;59;0;0;0;0;0;752,27;46659,05;56,93;99;2465,01;58;49;49,49;0;M;60;RICLAN;0;22;12;54,55;0;0;3717,26;2347,12;394,75;1952,37;52,52;0;196;176;42;134;68,37;0;0;-22446,96;-1764,89;0;0;134,52;91,68;0;0;0;0;0;0;0;0
25/09/2026 08:30:09;25/09/2026;01/09/2026;25/09/2026;19;E;466;117;81954;59507,04;47411,32;919,63;0;1683;1624;59;0;0;0;0;0;752,27;46659,05;56,93;99;2465,01;58;49;49,49;0;M;52;GREEN;0;12;1;8,33;0;0;327,82;62,01;0;62,01;18,92;0;10;1;0;1;10;0;0;-22446,96;-265,81;0;0;134,52;91,68;0;0;0;0;0;0;0;0
25/09/2026 08:30:09;25/09/2026;01/09/2026;25/09/2026;19;E;466;117;81954;59507,04;47411,32;919,63;0;1683;1624;59;0;0;0;0;0;752,27;46659,05;56,93;99;2465,01;58;49;49,49;0;M;83;ROBINSON CRUSOE;0;10;1;10;0;0;1230,72;271,64;0;271,64;22,07;0;9;2;0;2;22,22;0;0;-22446,96;-959,08;0;0;134,52;91,68;0;0;0;0;0;0;0;0
25/09/2026 08:30:09;25/09/2026;01/09/2026;25/09/2026;19;E;466;117;81954;59507,04;47411,32;919,63;0;1683;1624;59;0;0;0;0;0;752,27;46659,05;56,93;99;2465,01;58;49;49,49;0;M;65;MATUTA;0;10;;;0;0;1000;;0;0;0;0;10;;;;0;0;0;-22446,96;-1000;0;0;134,52;91,68;0;0;0;0;0;0;0;0
25/09/2026 08:30:09;25/09/2026;01/09/2026;25/09/2026;19;E;466;117;81954;59507,04;47411,32;919,63;0;1683;1624;59;0;0;0;0;0;752,27;46659,05;56,93;99;2465,01;58;49;49,49;0;M;69;GAMELEIRA;0;8;;;0;0;1000;;0;0;0;0;10;;;;0;0;0;-22446,96;-1000;0;0;134,52;91,68;0;0;0;0;0;0;0;0
25/09/2026 08:30:09;25/09/2026;01/09/2026;25/09/2026;19;E;466;117;81954;59507,04;47411,32;919,63;0;1683;1624;59;0;0;0;0;0;752,27;46659,05;56,93;99;2465,01;58;49;49,49;0;M;44;JDE;0;24;21;87,5;5,79;0;15441,39;9643,15;0;9643,15;62,45;0;142;347;0;347;244,37;5,79;0;-22446,96;-5798,24;0;5,79;134,52;91,68;0;0;0;0;0;0;0;0
25/09/2026 08:30:09;25/09/2026;01/09/2026;25/09/2026;19;E;466;117;81954;59507,04;47411,32;919,63;0;1683;1624;59;0;0;0;0;0;752,27;46659,05;56,93;99;2465,01;58;49;49,49;0;M;6;SOL BEBIDAS;0;7;3;42,86;0;0;1034,99;444,43;0;444,43;42,94;0;15;9;0;9;60;0;0;-22446,96;-590,56;0;0;134,52;91,68;0;0;0;0;0;0;0;0
25/09/2026 08:30:09;25/09/2026;01/09/2026;25/09/2026;19;E;466;117;81954;59507,04;47411,32;919,63;0;1683;1624;59;0;0;0;0;0;752,27;46659,05;56,93;99;2465,01;58;49;49,49;0;M;72;FRANBA;0;13;;;0;0;593,76;;0;0;0;0;12;;;;0;0;0;-22446,96;-593,76;0;0;134,52;91,68;0;0;0;0;0;0;0;0
25/09/2026 08:30:09;25/09/2026;01/09/2026;25/09/2026;19;E;466;117;81954;59507,04;47411,32;919,63;0;1683;1624;59;0;0;0;0;0;752,27;46659,05;56,93;99;2465,01;58;49;49,49;0;M;66;COCO SHOW;0;12;1;8,33;0;0;1041,36;94,41;0;94,41;9,07;0;19;4;0;4;21,05;0;0;-22446,96;-946,95;0;0;134,52;91,68;0;0;0;0;0;0;0;0
25/09/2026 08:30:09;25/09/2026;01/09/2026;25/09/2026;19;E;466;117;81954;59507,04;47411,32;919,63;0;1683;1624;59;0;0;0;0;0;752,27;46659,05;56,93;99;2465,01;58;49;49,49;0;M;51;GUANABARA;0;21;1;4,76;0;0;500;289,91;0;289,91;57,98;0;3;2;0;2;66,67;0;0;-22446,96;-210,09;0;0;134,52;91,68;0;0;0;0;0;0;0;0
25/09/2026 08:30:09;25/09/2026;01/09/2026;25/09/2026;19;E;466;117;81954;59507,04;47411,32;919,63;0;1683;1624;59;0;0;0;0;0;752,27;46659,05;56,93;99;2465,01;58;49;49,49;0;M;47;SOFFIE;0;9;;;0;0;500;;0;0;0;0;13;;;;0;0;0;-22446,96;-500;0;0;134,52;91,68;0;0;0;0;0;0;0;0
25/09/2026 08:30:09;25/09/2026;01/09/2026;25/09/2026;19;E;466;117;81954;59507,04;47411,32;919,63;0;1683;1624;59;0;0;0;0;0;752,27;46659,05;56,93;99;2465,01;58;49;49,49;0;M;59;CASA SUICA;0;12;1;8,33;0;0;545,39;0;0;0;0;0;11;1;0;1;9,09;0;0;-22446,96;-545,39;0;0;134,52;91,68;0;0;0;0;0;0;0;0
25/09/2026 08:30:09;25/09/2026;01/09/2026;25/09/2026;19;E;466;117;81954;59507,04;47411,32;919,63;0;1683;1624;59;0;0;0;0;0;752,27;46659,05;56,93;99;2465,01;58;49;49,49;0;M;74;BRAVA;0;12;1;8,33;0;0;1000,62;50,2;0;50,2;5,02;0;28;1;0;1;3,57;0;0;-22446,96;-950,42;0;0;134,52;91,68;0;0;0;0;0;0;0;0
25/09/2026 08:30:09;25/09/2026;01/09/2026;25/09/2026;19;E;466;117;81954;59507,04;47411,32;919,63;0;1683;1624;59;0;0;0;0;0;752,27;46659,05;56,93;99;2465,01;58;49;49,49;0;M;63;BRACELL;0;13;5;38,46;0;0;3004,61;1065,57;0;1065,57;35,46;0;118;44;0;44;37,29;0;0;-22446,96;-1939,04;0;0;134,52;91,68;0;0;0;0;0;0;0;0
25/09/2026 08:30:09;25/09/2026;01/09/2026;25/09/2026;19;E;466;117;81954;59507,04;47411,32;919,63;0;1683;1624;59;0;0;0;0;0;752,27;46659,05;56,93;99;2465,01;58;49;49,49;0;M;18;SABORELLE - RACAO;0;12;5;41,67;0;0;2808,82;3150,49;0;3150,49;112,16;0;32;20;0;20;62,5;0;12,6;-22446,96;341,67;0;12,6;134,52;91,68;0;0;0;0;0;0;0;0
25/09/2026 08:30:09;25/09/2026;01/09/2026;25/09/2026;19;E;466;117;81954;59507,04;47411,32;919,63;0;1683;1624;59;0;0;0;0;0;752,27;46659,05;56,93;99;2465,01;58;49;49,49;0;M;53;CASAKM;0;30;21;70;0;0;9456,58;11950,99;0;11950,99;126,38;0;247;249;0;249;100,81;37,05;47,8;-22446,96;2494,41;0;47,8;134,52;91,68;0;0;0;0;0;0;0;0
25/09/2026 08:30:09;25/09/2026;01/09/2026;25/09/2026;19;E;466;117;81954;59507,04;47411,32;919,63;0;1683;1624;59;0;0;0;0;0;752,27;46659,05;56,93;99;2465,01;58;49;49,49;0;M;82;ZICO;0;7;;;0;0;1000;;0;0;0;0;7;;;;0;0;0;-22446,96;-1000;0;0;134,52;91,68;0;0;0;0;0;0;0;0
25/09/2026 08:30:09;25/09/2026;01/09/2026;25/09/2026;19;E;466;117;81954;59507,04;47411,32;919,63;0;1683;1624;59;0;0;0;0;0;752,27;46659,05;56,93;99;2465,01;58;49;49,49;0;M;15;QUEIJOS LELO;0;20;3;15;0;0;1001,33;823,92;0;823,92;82,28;0;9;6;0;6;66,67;0;0;-22446,96;-177,41;0;0;134,52;91,68;0;0;0;0;0;0;0;0
25/09/2026 08:30:09;25/09/2026;01/09/2026;25/09/2026;26;E;480;64;61159;27464,81;13095,87;383,98;0;670;635;35;0;0;0;0;0;1763,17;11332,7;18,53;54;1000;34;17;31,48;0;M;1;JAV;0;36;15;41,67;0;0;31002,33;7293,31;1238,86;6054,45;19,53;0;582;169;12;157;26,98;0;0;-33694,19;-24947,88;0;0;16,62;10,75;0;0;0;0;0;0;0;0
25/09/2026 08:30:09;25/09/2026;01/09/2026;25/09/2026;19;E;295;76;141842;107146,93;82600,43;1577,66;0;2593;2589;4;0;0;0;0;0;143,57;82456,86;58,13;65;5641,01;53;42;64,62;0;M;66;COCO SHOW;0;20;5;25;0;0;1901,3;905,77;0;905,77;47,64;0;107;23;0;23;21,5;0;0;-34695,07;-995,53;0;0;128,14;106,78;0;0;0;0;0;0;0;0
25/09/2026 08:30:09;25/09/2026;01/09/2026;25/09/2026;19;E;295;76;141842;107146,93;82600,43;1577,66;0;2593;2589;4;0;0;0;0;0;143,57;82456,86;58,13;65;5641,01;53;42;64,62;0;M;74;BRAVA;0;10;;;0;0;9402,02;;0;0;0;0;47;;;;0;0;0;-34695,07;-9402,02;0;0;128,14;106,78;0;0;0;0;0;0;0;0
25/09/2026 08:30:09;25/09/2026;01/09/2026;25/09/2026;19;E;295;76;141842;107146,93;82600,43;1577,66;0;2593;2589;4;0;0;0;0;0;143,57;82456,86;58,13;65;5641,01;53;42;64,62;0;M;63;BRACELL;0;15;8;53,33;0;0;4550,01;2676,07;0;2676,07;58,81;0;184;49;0;49;26,63;0;0;-34695,07;-1873,94;0;0;128,14;106,78;0;0;0;0;0;0;0;0
25/09/2026 08:30:09;25/09/2026;01/09/2026;25/09/2026;19;E;295;76;141842;107146,93;82600,43;1577,66;0;2593;2589;4;0;0;0;0;0;143,57;82456,86;58,13;65;5641,01;53;42;64,62;0;M;72;FRANBA;0;11;1;9,09;0;0;1033,76;98,79;0;98,79;9,56;0;12;1;0;1;8,33;0;0;-34695,07;-934,97;0;0;128,14;106,78;0;0;0;0;0;0;0;0
25/09/2026 08:30:09;25/09/2026;01/09/2026;25/09/2026;19;E;295;76;141842;107146,93;82600,43;1577,66;0;2593;2589;4;0;0;0;0;0;143,57;82456,86;58,13;65;5641,01;53;42;64,62;0;M;44;JDE;0;35;13;37,14;0;0;94453,78;12095,63;0;12095,63;12,81;0;1283;585;0;585;45,6;0;0;-34695,07;-82358,15;0;0;128,14;106,78;0;0;0;0;0;0;0;0
25/09/2026 08:30:09;25/09/2026;01/09/2026;25/09/2026;13;E;314;112;177642;97164,65;105315,39;3127,68;0;3367;3365;2;0;0;0;0;0;82,24;105233,15;59,24;95;4099,01;64;66;69,47;0;M;1;JAV;0;78;55;70,51;0;0;78635,6;53610,82;40,33;53570,49;68,12;0;2059;1345;1;1344;65,27;0;0;-80477,35;-25065,11;0;0;166,2;107,44;0;0;0;0;0;0;0;0
25/09/2026 08:30:09;25/09/2026;01/09/2026;25/09/2026;13;E;314;112;177642;97164,65;105315,39;3127,68;0;3367;3365;2;0;0;0;0;0;82,24;105233,15;59,24;95;4099,01;64;66;69,47;0;M;2;MARILAN;0;55;30;54,55;0;0;60012,15;22878,62;41,91;22836,71;38,05;0;1118;572;1;571;51,07;0;0;-80477,35;-37175,44;0;0;166,2;107,44;0;0;0;0;0;0;0;0
25/09/2026 08:30:09;25/09/2026;01/09/2026;25/09/2026;13;E;314;112;177642;97164,65;105315,39;3127,68;0;3367;3365;2;0;0;0;0;0;82,24;105233,15;59,24;95;4099,01;64;66;69,47;0;M;59;CASA SUICA;0;11;2;18,18;0;0;3006,48;161,28;0;161,28;5,36;0;14;9;0;9;64,29;0;0;-80477,35;-2845,2;0;0;166,2;107,44;0;0;0;0;0;0;0;0
25/09/2026 08:30:09;25/09/2026;01/09/2026;25/09/2026;13;E;314;112;177642;97164,65;105315,39;3127,68;0;3367;3365;2;0;0;0;0;0;82,24;105233,15;59,24;95;4099,01;64;66;69,47;0;M;65;MATUTA;0;13;;;0;0;1000;;0;0;0;0;4;;;;0;0;0;-80477,35;-1000;0;0;166,2;107,44;0;0;0;0;0;0;0;0
25/09/2026 08:30:09;25/09/2026;01/09/2026;25/09/2026;13;E;314;112;177642;97164,65;105315,39;3127,68;0;3367;3365;2;0;0;0;0;0;82,24;105233,15;59,24;95;4099,01;64;66;69,47;0;M;51;GUANABARA;0;10;;;0;0;1765,36;;0;0;0;0;9;;;;0;0;0;-80477,35;-1765,36;0;0;166,2;107,44;0;0;0;0;0;0;0;0
25/09/2026 08:30:09;25/09/2026;01/09/2026;25/09/2026;13;E;314;112;177642;97164,65;105315,39;3127,68;0;3367;3365;2;0;0;0;0;0;82,24;105233,15;59,24;95;4099,01;64;66;69,47;0;M;13;COPRA;0;20;7;35;0;0;3569,86;1770,26;0;1770,26;49,59;0;125;65;0;65;52;0;0;-80477,35;-1799,6;0;0;166,2;107,44;0;0;0;0;0;0;0;0
25/09/2026 08:30:09;25/09/2026;01/09/2026;25/09/2026;13;E;314;112;177642;97164,65;105315,39;3127,68;0;3367;3365;2;0;0;0;0;0;82,24;105233,15;59,24;95;4099,01;64;66;69,47;0;M;83;ROBINSON CRUSOE;0;10;2;20;0;0;3004,99;550,38;0;550,38;18,32;0;26;5;0;5;19,23;0;0;-80477,35;-2454,61;0;0;166,2;107,44;0;0;0;0;0;0;0;0
25/09/2026 08:30:09;25/09/2026;01/09/2026;25/09/2026;13;E;314;112;177642;97164,65;105315,39;3127,68;0;3367;3365;2;0;0;0;0;0;82,24;105233,15;59,24;95;4099,01;64;66;69,47;0;M;74;BRAVA;0;18;7;38,89;0;0;2020,21;2137,38;0;2137,38;105,8;0;74;51;0;51;68,92;0;13,89;-80477,35;117,17;0;13,89;166,2;107,44;0;0;0;0;0;0;0;0
25/09/2026 08:30:09;25/09/2026;01/09/2026;25/09/2026;13;E;314;112;177642;97164,65;105315,39;3127,68;0;3367;3365;2;0;0;0;0;0;82,24;105233,15;59,24;95;4099,01;64;66;69,47;0;M;6;SOL BEBIDAS;0;9;2;22,22;0;0;1007,08;75,88;0;75,88;7,53;0;5;3;0;3;60;0;0;-80477,35;-931,2;0;0;166,2;107,44;0;0;0;0;0;0;0;0
25/09/2026 08:30:09;25/09/2026;01/09/2026;25/09/2026;13;E;314;112;177642;97164,65;105315,39;3127,68;0;3367;3365;2;0;0;0;0;0;82,24;105233,15;59,24;95;4099,01;64;66;69,47;0;M;15;QUEIJOS LELO;0;10;;;0;0;1000,15;;0;0;0;0;5;;;;0;0;0;-80477,35;-1000,15;0;0;166,2;107,44;0;0;0;0;0;0;0;0
25/09/2026 08:30:09;25/09/2026;01/09/2026;25/09/2026;13;E;314;112;177642;97164,65;105315,39;3127,68;0;3367;3365;2;0;0;0;0;0;82,24;105233,15;59,24;95;4099,01;64;66;69,47;0;M;44;JDE;0;35;17;48,57;0;0;17790,99;8108,55;0;8108,55;45,58;0;662;443;0;443;66,92;0;0;-80477,35;-9682,44;0;0;166,2;107,44;0;0;0;0;0;0;0;0
25/09/2026 08:30:09;25/09/2026;01/09/2026;25/09/2026;13;E;314;112;177642;97164,65;105315,39;3127,68;0;3367;3365;2;0;0;0;0;0;82,24;105233,15;59,24;95;4099,01;64;66;69,47;0;M;63;BRACELL;0;20;11;55;0;0;4564,08;2543,45;0;2543,45;55,73;0;115;46;0;46;40;0;0;-80477,35;-2020,63;0;0;166,2;107,44;0;0;0;0;0;0;0;0
25/09/2026 08:30:09;25/09/2026;01/09/2026;25/09/2026;13;E;314;112;177642;97164,65;105315,39;3127,68;0;3367;3365;2;0;0;0;0;0;82,24;105233,15;59,24;95;4099,01;64;66;69,47;0;M;18;SABORELLE - RACAO;0;10;1;10;0;0;1068,55;182,04;0;182,04;17,04;0;10;1;0;1;10;0;0;-80477,35;-886,51;0;0;166,2;107,44;0;0;0;0;0;0;0;0
25/09/2026 08:30:09;25/09/2026;01/09/2026;25/09/2026;13;E;314;112;177642;97164,65;105315,39;3127,68;0;3367;3365;2;0;0;0;0;0;82,24;105233,15;59,24;95;4099,01;64;66;69,47;0;M;53;CASAKM;0;22;17;77,27;0;0;8089,49;17438,54;0;17438,54;215,57;0;227;640;0;640;281,94;54,06;90,68;-80477,35;9349,05;0;90,68;166,2;107,44;0;0;0;0;0;0;0;0
25/09/2026 08:30:09;25/09/2026;01/09/2026;25/09/2026;13;E;314;112;177642;97164,65;105315,39;3127,68;0;3367;3365;2;0;0;0;0;0;82,24;105233,15;59,24;95;4099,01;64;66;69,47;0;M;66;COCO SHOW;0;13;7;53,85;0;0;1291,4;1102,92;0;1102,92;85,4;0;99;69;0;69;69,7;0;2,87;-80477,35;-188,48;0;2,87;166,2;107,44;0;0;0;0;0;0;0;0
25/09/2026 08:30:09;25/09/2026;01/09/2026;25/09/2026;13;E;314;112;177642;97164,65;105315,39;3127,68;0;3367;3365;2;0;0;0;0;0;82,24;105233,15;59,24;95;4099,01;64;66;69,47;0;M;72;FRANBA;0;10;;;0;0;1000;;0;0;0;0;5;;;;0;0;0;-80477,35;-1000;0;0;166,2;107,44;0;0;0;0;0;0;0;0
25/09/2026 08:30:09;25/09/2026;01/09/2026;25/09/2026;13;E;314;112;177642;97164,65;105315,39;3127,68;0;3367;3365;2;0;0;0;0;0;82,24;105233,15;59,24;95;4099,01;64;66;69,47;0;M;52;GREEN;0;7;2;28,57;0;0;2061,99;1237,18;0;1237,18;60;0;12;15;0;15;125;4,7;0;-80477,35;-824,81;0;0;166,2;107,44;0;0;0;0;0;0;0;0
25/09/2026 08:30:09;25/09/2026;01/09/2026;25/09/2026;13;E;314;112;177642;97164,65;105315,39;3127,68;0;3367;3365;2;0;0;0;0;0;82,24;105233,15;59,24;95;4099,01;64;66;69,47;0;M;69;GAMELEIRA;0;19;4;21,05;0;0;1258,38;709,5;0;709,5;56,38;0;26;10;0;10;38,46;0;0;-80477,35;-548,88;0;0;166,2;107,44;0;0;0;0;0;0;0;0
25/09/2026 08:30:09;25/09/2026;01/09/2026;25/09/2026;13;E;314;112;177642;97164,65;105315,39;3127,68;0;3367;3365;2;0;0;0;0;0;82,24;105233,15;59,24;95;4099,01;64;66;69,47;0;M;60;RICLAN;0;26;15;57,69;0;0;2044,61;917,14;0;917,14;44,86;0;151;93;0;93;61,59;0;0;-80477,35;-1127,47;0;0;166,2;107,44;0;0;0;0;0;0;0;0
25/09/2026 08:30:09;25/09/2026;01/09/2026;25/09/2026;13;E;314;112;177642;97164,65;105315,39;3127,68;0;3367;3365;2;0;0;0;0;0;82,24;105233,15;59,24;95;4099,01;64;66;69,47;0;M;61;DAVENE;0;16;;;0;0;1241,78;;0;0;0;0;15;;;;0;0;0;-80477,35;-1241,78;0;0;166,2;107,44;0;0;0;0;0;0;0;0
25/09/2026 08:30:09;25/09/2026;01/09/2026;25/09/2026;13;E;318;127;351755;309964,03;303184,17;9645,4;0;10841;10794;47;0;0;0;0;0;1673,74;301510,43;85,72;108;9955,17;93;92;85,19;0;M;1;JAV;0;90;77;85,56;138,19;0;129621,56;107000,93;702,1;106298,83;82,01;0;4468;3487;27;3460;77,44;0;0;-41790,97;-23322,73;0;138,19;1561,22;750,52;0;0,2;0;0;0;0;603,02;603,02
25/09/2026 08:30:09;25/09/2026;01/09/2026;25/09/2026;13;E;318;127;351755;309964,03;303184,17;9645,4;0;10841;10794;47;0;0;0;0;0;1673,74;301510,43;85,72;108;9955,17;93;92;85,19;0;M;2;MARILAN;0;69;53;76,81;0;0;78852,83;67364,66;941,34;66423,32;84,24;0;1987;2105;20;2085;104,93;79,71;0;-41790,97;-12429,51;0;0;1561,22;750,52;0;0,2;0;0;0;0;603,02;603,02
25/09/2026 08:30:09;25/09/2026;01/09/2026;25/09/2026;13;E;318;127;351755;309964,03;303184,17;9645,4;0;10841;10794;47;0;0;0;0;0;1673,74;301510,43;85,72;108;9955,17;93;92;85,19;0;M;69;GAMELEIRA;0;13;1;7,69;0;0;1020,63;45,08;0;45,08;4,42;0;13;1;0;1;7,69;0;0;-41790,97;-975,55;0;0;1561,22;750,52;0;0,2;0;0;0;0;603,02;603,02
25/09/2026 08:30:09;25/09/2026;01/09/2026;25/09/2026;13;E;318;127;351755;309964,03;303184,17;9645,4;0;10841;10794;47;0;0;0;0;0;1673,74;301510,43;85,72;108;9955,17;93;92;85,19;0;M;59;CASA SUICA;0;10;14;140;97,63;0;3604,46;32542,93;0;32542,93;902,85;0;15;1435;0;1435;9566,67;39,05;65,09;-41790,97;28938,47;0;162,72;1561,22;750,52;0;0,2;0;0;0;0;603,02;603,02
